"category","action","sourcePath","destinationPath","mappingRule","reviewReason","size","sha256","remoteExists","remoteSize","remoteEtag","remoteContentType","databaseReferenced"
"adjectives","skip_verified","/Users/Sean/Desktop/adjectives/amazed/amazed_1.png","adjectives/amazed/amazed_1.png","flatten_to_lemma","","3114954","e6290e39217ca71571e9aa31b291580caf25eedd61de22d70b14459b8819bb30","true","3114954","f26fc3a7eddef0c80b673dbdfa536825","image/png","false"
"adjectives","skip_verified","/Users/Sean/Desktop/adjectives/amazed/amazed_2.png","adjectives/amazed/amazed_2.png","flatten_to_lemma","","3079729","1eee3b2457ba90d2a3171ece7bc5e54c61dcbacffdc6876ab93a3eb4b46c922d","true","3079729","58cd138b3f5232d84802b14792c0a5ef","image/png","false"
"adjectives","skip_verified","/Users/Sean/Desktop/adjectives/adverbs/angrily/angrily.png","adjectives/angrily/angrily.png","flatten_to_lemma","","489402","0224d24b75f4ba991633b8cc75de55e5249d0300b428d580e1b03fe6954bc904","true","489402","df4e485ba50c61a3b50b5d12a7f97a49","image/png","false"
"adjectives","skip_verified","/Users/Sean/Desktop/adjectives/angry/angry_1.png","adjectives/angry/angry_1.png","flatten_to_lemma","","1887084","4da7c0566247da7d1858d461ac329121efd5906c6a0923282fa986ebdc416d67","true","1887084","3a4b41a3f764f6afef91adce3ec10a81","image/png","false"
"adjectives","skip_verified","/Users/Sean/Desktop/adjectives/angry/angry_2.png","adjectives/angry/angry_2.png","flatten_to_lemma","","2067499","ce3e71ef7795a615bba6e745d46784c7bf851234011b9938cfd5be98a75c0f5c","true","2067499","041159bebe6b6c56be42f77e4cd6e0e9","image/png","false"
"adjectives","skip_verified","/Users/Sean/Desktop/adjectives/annoyed/annoyed_1.png","adjectives/annoyed/annoyed_1.png","flatten_to_lemma","","2937061","ef9fdd04b8d1e025151b390605ab7d96f33bbb34fbc27f34da7482efb7648a0c","true","2937061","ab4e9bde074bfc57b58bc492cbfe1383","image/png","false"
"adjectives","skip_verified","/Users/Sean/Desktop/adjectives/annoyed/annoyed_2.png","adjectives/annoyed/annoyed_2.png","flatten_to_lemma","","3314774","7bc8b72d568b0c2ced6b84460fcc9887d5e2a4a9d4b7ac449ed76170f13628a3","true","3314774","e45691b774b57403d181d90aa5f8fa9f","image/png","false"
"adjectives","skip_verified","/Users/Sean/Desktop/adjectives/bad/bad_1.png","adjectives/bad/bad_1.png","flatten_to_lemma","","937358","80ecdf1b1e79cc13deccb24efebf256535027912eeba76754fffbf5315346607","true","937358","aef9688eab94e990bc5e74eff1612c36","image/png","false"
"adjectives","skip_verified","/Users/Sean/Desktop/adjectives/bad/bad_2.png","adjectives/bad/bad_2.png","flatten_to_lemma","","786715","e2fecd4463df6ec1502d39384a9391ce4ed147129c2e6a77bb7d302190c12bc5","true","786715","57f1bdc597a4551c0f3a88d1e08c5b02","image/png","false"
"adjectives","skip_verified","/Users/Sean/Desktop/adjectives/adverbs/badly/badly.png","adjectives/badly/badly.png","flatten_to_lemma","","492205","9e9b88d0969f2aaa19a35343231f7524b69a171d4c8dc74d3df86da77567f614","true","492205","299d6bb495d1ff7f8a7a5ef54170e5bd","image/png","false"
"adjectives","skip_verified","/Users/Sean/Desktop/adjectives/bald/bald_1.png","adjectives/bald/bald_1.png","flatten_to_lemma","","2576165","bd85e0c5c5d968405dcc8db155c388acbc04fceaaf1c45cbbb438c67732b8bda","true","2576165","e878e4ddb3a9b3e454721e25fd47c7ec","image/png","false"
"adjectives","skip_verified","/Users/Sean/Desktop/adjectives/bald/bald_2.png","adjectives/bald/bald_2.png","flatten_to_lemma","","2538690","ca3ea6c86224b18b7568d67e9e9cc6a4579a20f326b5519e096c1dea8cf58627","true","2538690","290ff569565a8c8317dc121307f015d2","image/png","false"
"adjectives","skip_verified","/Users/Sean/Desktop/adjectives/beautiful/beautiful_1.png","adjectives/beautiful/beautiful_1.png","flatten_to_lemma","","1726628","af488403f9e6a3154972b02d32f976562c59c75c5824a4e132177659cc43da60","true","1726628","1668a9d0800decd0bd8596841e196bb4","image/png","false"
"adjectives","skip_verified","/Users/Sean/Desktop/adjectives/beautiful/beautiful_2.png","adjectives/beautiful/beautiful_2.png","flatten_to_lemma","","2713088","d5944bfb384322a9c7766c112a7e2e79da460300af0b1936ce623dad95b48aca","true","2713088","2dafa3a93b69d5d433e2f6f5f78aeefd","image/png","false"
"adjectives","skip_verified","/Users/Sean/Desktop/adjectives/adverbs/beautifully/beautifully.png","adjectives/beautifully/beautifully.png","flatten_to_lemma","","508187","a466860cdd6b5d4f8a642d1a425b538ae64f89e11ee9c8f4c5ecc4e222946d61","true","508187","17ddb4c6931e4e36a5eba0e4e1786b8d","image/png","false"
"adjectives","skip_verified","/Users/Sean/Desktop/adjectives/bent/bent_1.png","adjectives/bent/bent_1.png","flatten_to_lemma","","3346973","fdd281767bd052082345faa4c2a8e488d5671279efa61ecbb82d2efacb4f0170","true","3346973","3aedeef70a786f364bfc08d037e4008e","image/png","false"
"adjectives","skip_verified","/Users/Sean/Desktop/adjectives/bent/bent_2.png","adjectives/bent/bent_2.png","flatten_to_lemma","","1509098","1b3e3388a80a4c13638ed8bf14f56cceecfc7e5b0756017cd7162fea0fc9ad40","true","1509098","345941fb9e979c5224c7ce0c52d8aeac","image/png","false"
"adjectives","skip_verified","/Users/Sean/Desktop/adjectives/superlatives/best/best.png","adjectives/best/best.png","flatten_to_lemma","","524164","bbe51764388afa06965697936cf1fbb3b7be4a5beb51309c949db14dda636472","true","524164","1e6a3b0823f3cb7373930ad7f7bbefa6","image/png","false"
"adjectives","skip_verified","/Users/Sean/Desktop/adjectives/comparatives/better/better.png","adjectives/better/better.png","flatten_to_lemma","","784153","6b75b62170838e769d80364ed989ffcac6176ab0e31b47d4c4604e6f6310a1ac","true","784153","efc2074bf051bc29bcdc48fd62338675","image/png","false"
"adjectives","skip_verified","/Users/Sean/Desktop/adjectives/big/big_1.png","adjectives/big/big_1.png","flatten_to_lemma","","768613","269becd4805264bb5e0db1eef364ac1e9b517b8c7ada63911084c323226633c6","true","768613","2b628f5e06b9b3b2bc122e6d61169703","image/png","false"
"adjectives","skip_verified","/Users/Sean/Desktop/adjectives/big/big_2.png","adjectives/big/big_2.png","flatten_to_lemma","","1019557","a901cb64bfa54962cc12bdea003d80208702bd5e2e730f32612d643b94927ebd","true","1019557","d737abf6154637b9ec167f82451f562c","image/png","false"
"adjectives","skip_verified","/Users/Sean/Desktop/adjectives/comparatives/bigger/bigger.png","adjectives/bigger/bigger.png","flatten_to_lemma","","923797","3a18806210d37d9e8a4b1397d078283d8523fcf113e74fabd4df00963faff7f3","true","923797","e3ca8611279730774ca71777e0b817b8","image/png","false"
"adjectives","skip_verified","/Users/Sean/Desktop/adjectives/superlatives/biggest/biggest.png","adjectives/biggest/biggest.png","flatten_to_lemma","","633208","1ebdcb21950ee621649569ddcd77a755f42f7846517ffe6967de4b3532967979","true","633208","52f4c208180fe1d7ce95184e91ca30fb","image/png","false"
"adjectives","skip_verified","/Users/Sean/Desktop/adjectives/bitter/bitter_1.png","adjectives/bitter/bitter_1.png","flatten_to_lemma","","1150488","7d1636996b81d4f5a2a31f6a8f9c25b91ec03a925374f8a922b901777c4febee","true","1150488","d148c4061380572a0189ccb8fe3e877d","image/png","false"
"adjectives","skip_verified","/Users/Sean/Desktop/adjectives/bitter/bitter_2.png","adjectives/bitter/bitter_2.png","flatten_to_lemma","","514710","2229127ddecfc276ed878577f00ca83cd6766e166a6ac96b0ac4be8219718914","true","514710","933c8749a668aa5a6bca9449b2e4e202","image/png","false"
"adjectives","skip_verified","/Users/Sean/Desktop/adjectives/black/black_1.png","adjectives/black/black_1.png","flatten_to_lemma","","1432502","7f1952348c8e6b67bb21cbf3543bca90b46a68c80b65e0d3165b95bc615b52b6","true","1432502","0dfb713819a9c25aa301444a59eba997","image/png","false"
"adjectives","skip_verified","/Users/Sean/Desktop/adjectives/black/black_2.png","adjectives/black/black_2.png","flatten_to_lemma","","1177054","ba28a7440bbf97f28c3a4968036c686b50d4c97fefa674bf9017f4511b24276f","true","1177054","a2f9080b099c36fbee03ba3b1695e65c","image/png","false"
"adjectives","skip_verified","/Users/Sean/Desktop/adjectives/blue/blue_1.png","adjectives/blue/blue_1.png","flatten_to_lemma","","1491270","b74f73e398979a4bb77430316721a2636e89a1522a8f7b7db62df7ddf88251de","true","1491270","bddb611b45a38c6549e7611614461c8f","image/png","false"
"adjectives","skip_verified","/Users/Sean/Desktop/adjectives/blue/blue_2.png","adjectives/blue/blue_2.png","flatten_to_lemma","","1696862","f9033c86e6bcf8f767a1cf632e0ee4edf9c59ccd697c84da1f8a19983b21d9b4","true","1696862","340f9bf3b8e4316620b8fe63efd5658e","image/png","false"
"adjectives","skip_verified","/Users/Sean/Desktop/adjectives/bored/bored_1.png","adjectives/bored/bored_1.png","flatten_to_lemma","","2898464","dd223fc2788998f7a28504674a01bcf55d72218cab07099286583e79a29d4c9f","true","2898464","29685369befa6ccdecae30d2923df89e","image/png","false"
"adjectives","skip_verified","/Users/Sean/Desktop/adjectives/bored/bored_2.png","adjectives/bored/bored_2.png","flatten_to_lemma","","3411827","c42f43ac83f9dfc76c481140f177c273db6cf1c94e1f7d87150d1e726a874ba2","true","3411827","c27e15c0161cd5523eeb787a81a87b90","image/png","false"
"adjectives","skip_verified","/Users/Sean/Desktop/adjectives/brave/brave_1.png","adjectives/brave/brave_1.png","flatten_to_lemma","","2930227","80c2865baf2bec734104fe1f2c21a8cb75e1cbdcc3d446c2ab5f50f4d61458db","true","2930227","82231f1bf5417175c43359af7185489a","image/png","false"
"adjectives","skip_verified","/Users/Sean/Desktop/adjectives/brave/brave_2.png","adjectives/brave/brave_2.png","flatten_to_lemma","","2933346","612556d602f3b474a133957d1f26fac888218bd6380dae71dddac45c0f048e80","true","2933346","13067aea1bd5310a341aeb8f4d0c3caa","image/png","false"
"adjectives","skip_verified","/Users/Sean/Desktop/adjectives/adverbs/bravely/bravely.png","adjectives/bravely/bravely.png","flatten_to_lemma","","658662","500b80e67cc464c0bb5622622d0484921225072b744b618d1eba1dab3bf6e89a","true","658662","6074e0c4418722110b6d80b454533f53","image/png","false"
"adjectives","skip_verified","/Users/Sean/Desktop/adjectives/bright/bright_1.png","adjectives/bright/bright_1.png","flatten_to_lemma","","975690","89e974ac022e2bbf97848e95ba184c778cff1cbc5bc36d7aca9b7053e555561f","true","975690","fd183a0d7d8b42e0e3afc5f6d1a86462","image/png","false"
"adjectives","skip_verified","/Users/Sean/Desktop/adjectives/bright/bright_2.png","adjectives/bright/bright_2.png","flatten_to_lemma","","2962051","2dadaa2e5b9139cc85bbb069ad65206697bdafb660b55bda7d01898a233ab123","true","2962051","aa9ad763a32612d69bff576a250cec1d","image/png","false"
"adjectives","skip_verified","/Users/Sean/Desktop/adjectives/adverbs/brightly/brightly.png","adjectives/brightly/brightly.png","flatten_to_lemma","","888270","bdf36f651f75841374371800f81a7fb2dd9ab0e63dbeca75a0cec21690efc846","true","888270","029eec8bd8de5b19f6fc7b6b78d2f8a9","image/png","false"
"adjectives","skip_verified","/Users/Sean/Desktop/adjectives/broken/broken_1.png","adjectives/broken/broken_1.png","flatten_to_lemma","","2138987","21e58cc2f05eeb2fcc9a260454f1ae6cde6e0be636ca969202892b4caefb4579","true","2138987","705df8f04468793acb159c65de883934","image/png","false"
"adjectives","skip_verified","/Users/Sean/Desktop/adjectives/broken/broken_2.png","adjectives/broken/broken_2.png","flatten_to_lemma","","2783625","3841b68f26c9c35d763321a9bf0765cbaf7f4310f24853ebfaa30c26bfede534","true","2783625","5accb3e651ecb4ba07bde9f9bab07483","image/png","false"
"adjectives","skip_verified","/Users/Sean/Desktop/adjectives/brown/brown_1.png","adjectives/brown/brown_1.png","flatten_to_lemma","","1495769","cdcb47e01c0698cb016f5d9d3e067a81bcbec6a2e199b090a76455f56f200773","true","1495769","6766d9105d021717b8d9f0eaeb5e8cf4","image/png","false"
"adjectives","skip_verified","/Users/Sean/Desktop/adjectives/brown/brown_2.png","adjectives/brown/brown_2.png","flatten_to_lemma","","2659355","92240d54735c25e613160bed0c17771ee9203b37933109efa28cf454a7441486","true","2659355","8e45ce96fbfbfc1e847832ac91580906","image/png","false"
"adjectives","skip_verified","/Users/Sean/Desktop/adjectives/busy/busy_1.png","adjectives/busy/busy_1.png","flatten_to_lemma","","2713122","c5cdb6c2db06948d2a0eb509dd0e800e8a3d7f531fb5f51c8558feed7ac665b3","true","2713122","480d57ed3e9de762484ca5f8c28e535e","image/png","false"
"adjectives","skip_verified","/Users/Sean/Desktop/adjectives/busy/busy_2.png","adjectives/busy/busy_2.png","flatten_to_lemma","","3521854","ec1df36083d70bd6d06e3bc15238a48b5fae10203e175e50bdeb8c90807aeabb","true","3521854","ff17b17f1100aed058e3d8b87fb3383a","image/png","false"
"adjectives","skip_verified","/Users/Sean/Desktop/adjectives/calm/calm_1.png","adjectives/calm/calm_1.png","flatten_to_lemma","","2280558","e2a1ab394515317d386e14ac62406001b7085ca3bb3b149f19326542e7671930","true","2280558","2b2f66bcf2f6aebb28c1f69272706b16","image/png","false"
"adjectives","skip_verified","/Users/Sean/Desktop/adjectives/calm/calm_2.png","adjectives/calm/calm_2.png","flatten_to_lemma","","2689248","124b8a605546281c1bf659e34db9a1bfb8cc527ce091e21628cd699d02c07b1b","true","2689248","7773a2a2671f98d38d62b628f38feb11","image/png","false"
"adjectives","skip_verified","/Users/Sean/Desktop/adjectives/adverbs/calmly/calmly.png","adjectives/calmly/calmly.png","flatten_to_lemma","","664063","9c4ccd3b3e006be17a48e4aaa370a2aa516b1abb17c11aa0f5b9fc139226bf93","true","664063","5aff370d722a845bef7839a600da6daa","image/png","false"
"adjectives","skip_verified","/Users/Sean/Desktop/adjectives/careful/careful_1.png","adjectives/careful/careful_1.png","flatten_to_lemma","","1984122","f2eafd88ef60ed9bbc41e0cde996c2fe0e50c4e2cd88ab9c05bd63bd854d72d3","true","1984122","2d1151a7d1fab6f6623ece36ba92da42","image/png","false"
"adjectives","skip_verified","/Users/Sean/Desktop/adjectives/careful/careful_2.png","adjectives/careful/careful_2.png","flatten_to_lemma","","3004151","a25e2ae36043f0ea3d606f45e2ee56a6d93ac549b4ee611babd103f69c3d559d","true","3004151","b24da003b833752bd198b1e1c332ef7c","image/png","false"
"adjectives","skip_verified","/Users/Sean/Desktop/adjectives/adverbs/carefully/carefully.png","adjectives/carefully/carefully.png","flatten_to_lemma","","442554","b6d29460a35c7d015536e56d497eba9a4967fab20816ee69ba0b8afe2b489ac9","true","442554","714772d47a982be24b9303217377a5a7","image/png","false"
"adjectives","skip_verified","/Users/Sean/Desktop/adjectives/careless/careless_1.png","adjectives/careless/careless_1.png","flatten_to_lemma","","2601918","d1eefb0654df3d4993296b0afe594c4d2c9b3cd20acb302eafebcfb4286f1716","true","2601918","4c03c9f56185b89b0d81cd9e9984acdb","image/png","false"
"adjectives","skip_verified","/Users/Sean/Desktop/adjectives/careless/careless_2.png","adjectives/careless/careless_2.png","flatten_to_lemma","","2825880","b5bc2caa09bc5806c2aa27723d1ff9e80f021e56af2aea700752ca1908a84e0c","true","2825880","fb9f21ff91a16c4516f40f0f1fbba296","image/png","false"
"adjectives","skip_verified","/Users/Sean/Desktop/adjectives/adverbs/carelessly/carelessly.png","adjectives/carelessly/carelessly.png","flatten_to_lemma","","655940","622611b0517e98cbf613a47f546ce86a4b07dfaa4fd1774d97e9b41d85d778d3","true","655940","440961aa197294d6c0f4e6ecf828ec53","image/png","false"
"adjectives","skip_verified","/Users/Sean/Desktop/adjectives/cheap/cheap_1.png","adjectives/cheap/cheap_1.png","flatten_to_lemma","","753235","60ad2b72b775500ef5000fcf9aaf6854b01ae734d4072ad3d2b007e748b53319","true","753235","2a53b35d165ae94c029559cb66ccecb5","image/png","false"
"adjectives","skip_verified","/Users/Sean/Desktop/adjectives/cheap/cheap_2.png","adjectives/cheap/cheap_2.png","flatten_to_lemma","","856080","7884f443cfa8cdd33f14eda99c2b5697f5472b7c2164d78f51ba2e4469020a04","true","856080","9b7482ee6e7973bc25a736ffebeebca6","image/png","false"
"adjectives","skip_verified","/Users/Sean/Desktop/adjectives/clean_looking/clean_looking_1.png","adjectives/clean_looking/clean_looking_1.png","flatten_to_lemma","","1814586","d156b2f0343fb157b55af9f21cd20c82a196ef5f5ac7c4dc7854d9607c11a6b6","true","1814586","5ff237e665f00e417bb66e5ff52cd7b0","image/png","false"
"adjectives","skip_verified","/Users/Sean/Desktop/adjectives/clean_looking/clean_looking_2.png","adjectives/clean_looking/clean_looking_2.png","flatten_to_lemma","","1627204","468956f7420f6e8dadd69af5b8cc2b62186cea1a613dcb87786c5ab1d95bc222","true","1627204","ad8cc393175bff03a1340171c3f16832","image/png","false"
"adjectives","skip_verified","/Users/Sean/Desktop/adjectives/clean/clean_1.png","adjectives/clean/clean_1.png","flatten_to_lemma","","1294716","26bdcca69fb172407e066853a715b5044679966c80baafbdcbcce2f3c45f473b","true","1294716","3d1191461c79c660df1730a1a5fde37c","image/png","false"
"adjectives","skip_verified","/Users/Sean/Desktop/adjectives/clean/clean_2.png","adjectives/clean/clean_2.png","flatten_to_lemma","","2301891","b3ca6d727e129a38faaebe5345f32d2605d7a5efd4e4e23fc93ba5d36ae6906b","true","2301891","37ecb84f3bcecfc32cba82531411535c","image/png","false"
"adjectives","skip_verified","/Users/Sean/Desktop/adjectives/closed/closed_1.png","adjectives/closed/closed_1.png","flatten_to_lemma","","2307101","fa4d27e1758926718816921620f1d1384dd1d51a1242e88be9cf7c3db6f0a380","true","2307101","7786d0bd51eded382fb1f635af984c03","image/png","false"
"adjectives","skip_verified","/Users/Sean/Desktop/adjectives/closed/closed_2.png","adjectives/closed/closed_2.png","flatten_to_lemma","","2497037","cda38c0f36bfbafe37e0c622cb763e30bd7ffd151e44a438ca86c2181301d67e","true","2497037","a5d944689c520d586a9f47aed31bd640","image/png","false"
"adjectives","skip_verified","/Users/Sean/Desktop/adjectives/cold/cold_1.png","adjectives/cold/cold_1.png","flatten_to_lemma","","1396390","be1e603baef16f29b2806f0b0c8034cd641c29e395f7dac4635d38263cd45ea3","true","1396390","042c6542e9c0ab0ec68ebf4adb536259","image/png","false"
"adjectives","skip_verified","/Users/Sean/Desktop/adjectives/cold/cold_2.png","adjectives/cold/cold_2.png","flatten_to_lemma","","1662609","687ae5da4f33fb2b7b3ff5ec1df69b16a09f957a068dd40b0493266f5cb43af6","true","1662609","94b3a2a567a5c691d3691687c6f9a86f","image/png","false"
"adjectives","skip_verified","/Users/Sean/Desktop/adjectives/comparatives/colder/colder.png","adjectives/colder/colder.png","flatten_to_lemma","","1282494","3ae9bd6c33f590a826e9380dd3e7f53ef30ab1046c8a8355a3f7a139ee5377fd","true","1282494","f26a0154ac33669b0f53725263c6a8e1","image/png","false"
"adjectives","skip_verified","/Users/Sean/Desktop/adjectives/superlatives/coldest/coldest.png","adjectives/coldest/coldest.png","flatten_to_lemma","","1022135","5dc6e598f0f24517d601c7fdaf185ec461cf55909a3dda1232518201dd6f4615","true","1022135","94dc0d84690ff301106a1ec9fefabb5b","image/png","false"
"adjectives","skip_verified","/Users/Sean/Desktop/adjectives/colorful/colorful_1.png","adjectives/colorful/colorful_1.png","flatten_to_lemma","","1579771","a5dc028a67f487d6febc2c833b12ac145e9a78e1743f7075323fad07bde591c1","true","1579771","c94070e32160929b5fe43e3abe9698e3","image/png","false"
"adjectives","skip_verified","/Users/Sean/Desktop/adjectives/colorful/colorful_2.png","adjectives/colorful/colorful_2.png","flatten_to_lemma","","2707808","ff66d47b2bc872d330776299fefdfbc1bba9272362b08f3d9f14b61555083d73","true","2707808","8d65c5c289850fdf59e9cd0963a49dc7","image/png","false"
"adjectives","skip_verified","/Users/Sean/Desktop/adjectives/colorless/colorless_1.png","adjectives/colorless/colorless_1.png","flatten_to_lemma","","1177100","b0fe0d34d921c7b38246a4277d1181234fb6a66019e50b59dc2cbd26747c3f86","true","1177100","6a51a50d874b8153e113200928c5667d","image/png","false"
"adjectives","skip_verified","/Users/Sean/Desktop/adjectives/colorless/colorless_2.png","adjectives/colorless/colorless_2.png","flatten_to_lemma","","2577723","f299c0fcb8d3f84a3c94efc1aa5263c6141b8cf5ca8977d14aba0c264e48acc6","true","2577723","552ae0dfd3ae7835f0b860d61b6dcca6","image/png","false"
"adjectives","skip_verified","/Users/Sean/Desktop/adjectives/confused/confused_1.png","adjectives/confused/confused_1.png","flatten_to_lemma","","1263921","7bcebcfb93940e60e833c714bb3080d18cdae3dda74859406672d7176315d8ca","true","1263921","dc2d3a482252ab2e861c44879ea164ca","image/png","false"
"adjectives","skip_verified","/Users/Sean/Desktop/adjectives/confused/confused_2.png","adjectives/confused/confused_2.png","flatten_to_lemma","","2817549","69407f3f8357647d6fb3e3f46bcfa89a77eef7b236d1722e4c10230ac729cd62","true","2817549","f3006a4bc4240a7492727070d4ef0791","image/png","false"
"adjectives","skip_verified","/Users/Sean/Desktop/adjectives/crowded/crowded_1.png","adjectives/crowded/crowded_1.png","flatten_to_lemma","","2418580","96675c6eb7d14fd61840ffcfa074d8209902c4fe9fe8891117c608f24a3adcaa","true","2418580","8ea3151107a9562ffa8e550f68011a5c","image/png","false"
"adjectives","skip_verified","/Users/Sean/Desktop/adjectives/crowded/crowded_2.png","adjectives/crowded/crowded_2.png","flatten_to_lemma","","3106934","0a9279ef33c3ef6ac32ffaa77d50a2f63c0fbbf5cdba0a94931fde51eb38c207","true","3106934","75b2f7dfd152f4977eb8cdc7e6ff8214","image/png","false"
"adjectives","skip_verified","/Users/Sean/Desktop/adjectives/curly_hair/curly_hair_1.png","adjectives/curly_hair/curly_hair_1.png","flatten_to_lemma","","2877872","ebd2a44e2ced5de16467b7ef519dcf82f68caca9035f114fcd88e76456c69f21","true","2877872","1a1b0e4ca50701d6759cbe8b978d1a9f","image/png","false"
"adjectives","skip_verified","/Users/Sean/Desktop/adjectives/curly_hair/curly_hair_2.png","adjectives/curly_hair/curly_hair_2.png","flatten_to_lemma","","3033237","2c1d7abbb9a29bf378dd38897b1ca2432e406faedb7d3e489234c23f08b0df73","true","3033237","b3597b5a48eedbcadaef9e15906910d5","image/png","false"
"adjectives","skip_verified","/Users/Sean/Desktop/adjectives/curved/curved_1.png","adjectives/curved/curved_1.png","flatten_to_lemma","","1251302","8c9502c13036a1e67a3ec898813f698a5b418f28460265c7d5ec60566fe3d0a3","true","1251302","9469742516e671ae4da0e4f71aa193e3","image/png","false"
"adjectives","skip_verified","/Users/Sean/Desktop/adjectives/curved/curved_2.png","adjectives/curved/curved_2.png","flatten_to_lemma","","765807","cab819e4977db118533a1d84600a665d983165c3027393c8ade06bafb615e261","true","765807","a7ba51b18cf566e93ca3dc047364ffe9","image/png","false"
"adjectives","skip_verified","/Users/Sean/Desktop/adjectives/cute/cute_1.png","adjectives/cute/cute_1.png","flatten_to_lemma","","1447184","4c5b5f06b0bdce204d9703fc4f961ee14fe4a1f8635a594f8efa28792cbf07f8","true","1447184","e8088056bb20a734305ad13ab961e537","image/png","false"
"adjectives","skip_verified","/Users/Sean/Desktop/adjectives/cute/cute_2.png","adjectives/cute/cute_2.png","flatten_to_lemma","","2649470","c136bf323a3c3544ec1f0c517ee26ac327e68942168d85da28c97d8f421cffd7","true","2649470","fa18594674f7b7c2744c4bf642c3102c","image/png","false"
"adjectives","skip_verified","/Users/Sean/Desktop/adjectives/dangerous/dangerous_1.png","adjectives/dangerous/dangerous_1.png","flatten_to_lemma","","3118694","ac473d05cc4b3d09c1aad2c273ac5f60f5370e730d94a86c431eeb3b119227f8","true","3118694","fed497c337e8dde1569e691f4ea3a63f","image/png","false"
"adjectives","skip_verified","/Users/Sean/Desktop/adjectives/dangerous/dangerous_2.png","adjectives/dangerous/dangerous_2.png","flatten_to_lemma","","2823452","eb3ab5b0d10982755aa6f27a1ad5380e157a9eadc8e1baf57b00afd771c29153","true","2823452","1fea43a968e3529ebb973f41e9710b36","image/png","false"
"adjectives","skip_verified","/Users/Sean/Desktop/adjectives/dark_blue/dark_blue_1.png","adjectives/dark_blue/dark_blue_1.png","flatten_to_lemma","","1475812","d14305dcc187252b56292a1e7057d9490410097bf8e0b68e073981e99479c2b4","true","1475812","de5af559dff258c7047391f1031c2279","image/png","false"
"adjectives","skip_verified","/Users/Sean/Desktop/adjectives/dark_blue/dark_blue_2.png","adjectives/dark_blue/dark_blue_2.png","flatten_to_lemma","","1785882","a6c91eed64b06c3a8284b8e6ce42b3813714b4aa1e49284a61440f4e63a907fe","true","1785882","bf7cfd42e69a48538310bf2a5b825d72","image/png","false"
"adjectives","skip_verified","/Users/Sean/Desktop/adjectives/dark_green/dark_green_1.png","adjectives/dark_green/dark_green_1.png","flatten_to_lemma","","1482634","310405848fac0283d3abf9470396a1c3e07fc98c513e47775e9df4c38f6afc27","true","1482634","7babd13b70c3364644147a2624ac00b8","image/png","false"
"adjectives","skip_verified","/Users/Sean/Desktop/adjectives/dark_green/dark_green_2.png","adjectives/dark_green/dark_green_2.png","flatten_to_lemma","","1892111","3677513bd0c4b3b5eb04292018f35fb85c5dfda9b83a73dc8fb561c502ec9232","true","1892111","d874cf17debba4be4f8ac421dd813fb6","image/png","false"
"adjectives","skip_verified","/Users/Sean/Desktop/adjectives/dark/dark_1.png","adjectives/dark/dark_1.png","flatten_to_lemma","","3773507","60b734060336e04ecd9454fdbcf3860d20e1823bac0db8eba17e84384fa17e97","true","3773507","839ae20fef9671a8c6a7314d8e257780","image/png","false"
"adjectives","skip_verified","/Users/Sean/Desktop/adjectives/dark/dark_2.png","adjectives/dark/dark_2.png","flatten_to_lemma","","2610377","49090f9e60429bd10df794ebbbfa2d012dac0ec176df8b1b835b4cdf1dfee5cc","true","2610377","9036eb158ae58f2b4046bd4175e59494","image/png","false"
"adjectives","skip_verified","/Users/Sean/Desktop/adjectives/deep/deep_1.png","adjectives/deep/deep_1.png","flatten_to_lemma","","3003740","9bb4a03e3b18ed73335a30aac2f28ebc57902298c0a7f28e70d2b5f608161d97","true","3003740","4667704b6020f6f766f269382a5325f3","image/png","false"
"adjectives","skip_verified","/Users/Sean/Desktop/adjectives/deep/deep_2.png","adjectives/deep/deep_2.png","flatten_to_lemma","","3605395","ba85cf42bfcb49f2bc2234febb3050da3445e5d0cfffe898e9c3a8d5eb08d40c","true","3605395","e6299066733a6838fb45077b5202c2f7","image/png","false"
"adjectives","skip_verified","/Users/Sean/Desktop/adjectives/delicious/delicious_1.png","adjectives/delicious/delicious_1.png","flatten_to_lemma","","1240615","9f0367c70d1c9a4739ce95a26dcbdf2afa60af7e6a0c89be4b37fa4bf95e4b30","true","1240615","c716331f4fc640485d8af168f4250442","image/png","false"
"adjectives","skip_verified","/Users/Sean/Desktop/adjectives/delicious/delicious_2.png","adjectives/delicious/delicious_2.png","flatten_to_lemma","","581844","bcaa386e96d0522fceea1232ad5602c46bf1d469c60c3ae5ca97e9f49e377f89","true","581844","ed947692eef438baa5cdf9280262afb6","image/png","false"
"adjectives","skip_verified","/Users/Sean/Desktop/adjectives/difficult/difficult_1.png","adjectives/difficult/difficult_1.png","flatten_to_lemma","","1567541","562242731f95d636dee472335150c113861349865026c3f252217c86f44a9a30","true","1567541","06fbd1e183a428ddc4bf3dfce5631a9c","image/png","false"
"adjectives","skip_verified","/Users/Sean/Desktop/adjectives/difficult/difficult_2.png","adjectives/difficult/difficult_2.png","flatten_to_lemma","","899552","8186cde461ddcc6d33e82cd741e40066c297796e2e4d7bf9f71611b8d445cdc7","true","899552","c1cfa8c8f24f951e1fbed3184fd104d9","image/png","false"
"adjectives","skip_verified","/Users/Sean/Desktop/adjectives/dirty_looking/dirty_looking_1.png","adjectives/dirty_looking/dirty_looking_1.png","flatten_to_lemma","","1802792","e3d3c3a8d2a0324124e85d7215dc7deec8d76543eb2f6e1d5281c0de48e81600","true","1802792","c0824e0805ff144bbda3b94d5adedb20","image/png","false"
"adjectives","skip_verified","/Users/Sean/Desktop/adjectives/dirty_looking/dirty_looking_2.png","adjectives/dirty_looking/dirty_looking_2.png","flatten_to_lemma","","1664281","9f645ae246edccdecf5a78ce851a97fbac5500a39e27108b54d2d4859d8c9c0e","true","1664281","c95cec613a5fb4c6d63d7e35113f7a80","image/png","false"
"adjectives","skip_verified","/Users/Sean/Desktop/adjectives/dirty/dirty_1.png","adjectives/dirty/dirty_1.png","flatten_to_lemma","","1772341","b7817bf77cf10e79a175c9fa16e0ec24e2e7019d378fe67314b169cca5315183","true","1772341","7941993235c6d96ce400aeb0a2d8ae0a","image/png","false"
"adjectives","skip_verified","/Users/Sean/Desktop/adjectives/dirty/dirty_2.png","adjectives/dirty/dirty_2.png","flatten_to_lemma","","2484675","412099920811b9094da4c6ac560f43f2411d8c4c023b895e41bc47a505af47e5","true","2484675","57e0b7eb2a54b4bb6ca88d2203038f61","image/png","false"
"adjectives","skip_verified","/Users/Sean/Desktop/adjectives/disappointed/disappointed_1.png","adjectives/disappointed/disappointed_1.png","flatten_to_lemma","","2861929","4204dcd692e112010e8d02151a6e9563435ea39eeab813b74f8a59666653c0a5","true","2861929","f9a3b926dd2706efc8aa0f880a0273e5","image/png","false"
"adjectives","skip_verified","/Users/Sean/Desktop/adjectives/disappointed/disappointed_2.png","adjectives/disappointed/disappointed_2.png","flatten_to_lemma","","3190643","54aaa1365f0e10f38400e2cabec828e0678b6a09dee2369048bd1af5a6bce6f9","true","3190643","923692e361099c40502c90b0102dfb27","image/png","false"
"adjectives","skip_verified","/Users/Sean/Desktop/adjectives/dishonest/dishonest_1.png","adjectives/dishonest/dishonest_1.png","flatten_to_lemma","","2420240","d4552ffabef7c7aa205647398b364dc778a8731ff7a1f9a5f4c070e18b05645f","true","2420240","77c850f4568a85e5ad0f73f82122ac09","image/png","false"
"adjectives","skip_verified","/Users/Sean/Desktop/adjectives/dishonest/dishonest_2.png","adjectives/dishonest/dishonest_2.png","flatten_to_lemma","","2992763","2b8fb33d5953b36943f1642b6ef3f6ce676c6eb932f3e009449418a88db09be3","true","2992763","193ede1bb3a42e6466fe09da1ca5b19d","image/png","false"
"adjectives","skip_verified","/Users/Sean/Desktop/adjectives/dry/dry_1.png","adjectives/dry/dry_1.png","flatten_to_lemma","","2411730","5f7b0bb1ac48a3d02a0aef2f751fa996aaea4db40bf2818619225724c1dd2f7d","true","2411730","2970c38fa1e59ce07bce697a209a5827","image/png","false"
"adjectives","skip_verified","/Users/Sean/Desktop/adjectives/dry/dry_2.png","adjectives/dry/dry_2.png","flatten_to_lemma","","2533320","753e99140a24340703641522deff509e024b0ec4c9a8971beb3011309c36b668","true","2533320","ec4f770d79d800f70ce88095800bd08a","image/png","false"
"adjectives","skip_verified","/Users/Sean/Desktop/adjectives/dull/dull_1.png","adjectives/dull/dull_1.png","flatten_to_lemma","","2513411","1c83faf75135f6b63198288ba8d44ec7e6431520519b5a041634efe4c38d86f5","true","2513411","d76f94bd1bb7c5080029d4a2dfb9bb17","image/png","false"
"adjectives","skip_verified","/Users/Sean/Desktop/adjectives/dull/dull_2.png","adjectives/dull/dull_2.png","flatten_to_lemma","","2486358","b54f21f11b9ecafbe20f1000ec492a9c5ded9b77b98d338f8b26015f0705a3c7","true","2486358","c531f013e69f60031ac76e4bef577d86","image/png","false"
"adjectives","skip_verified","/Users/Sean/Desktop/adjectives/comparatives/easier/easier.png","adjectives/easier/easier.png","flatten_to_lemma","","865144","df95b29b7a7f08e18586603d23d916e4ddb1084dc3fe296a7e6ce79652ce3258","true","865144","11a86f1d35478eb4efe43e3f339c0423","image/png","false"
"adjectives","skip_verified","/Users/Sean/Desktop/adjectives/superlatives/easiest/easiest.png","adjectives/easiest/easiest.png","flatten_to_lemma","","629298","d2ce4fa3f8521e75e31e6e32b507801a490964c53f5fb650c2ddc5a244fb7bbf","true","629298","4cfa2014d2a8be2c1414546f50572a5a","image/png","false"
"adjectives","skip_verified","/Users/Sean/Desktop/adjectives/adverbs/easily/easily.png","adjectives/easily/easily.png","flatten_to_lemma","","446559","4fd92168d7fa549b8bec3689ac5f8c8eec703ef30ffbdbc849ae91128939d8e9","true","446559","a425a4e0930b51c00c3447fcb9e08c49","image/png","false"
"adjectives","skip_verified","/Users/Sean/Desktop/adjectives/easy/easy_1.png","adjectives/easy/easy_1.png","flatten_to_lemma","","1008883","8fe71d165986394ec9d998a4d6f685a10bc48f825f8f235723cda5023ee70412","true","1008883","511e0004a06bc8bcc094d59e86442e3d","image/png","false"
"adjectives","skip_verified","/Users/Sean/Desktop/adjectives/easy/easy_2.png","adjectives/easy/easy_2.png","flatten_to_lemma","","712367","5718742c9d37581d17b22cf22478bececb7fcc696fb9cdcf36f2ff58757c420d","true","712367","66adbe0ae80d938bc2c87d7dbb6e4ca1","image/png","false"
"adjectives","skip_verified","/Users/Sean/Desktop/adjectives/embarrassed/embarrased_1.png","adjectives/embarrassed/embarrased_1.png","flatten_to_lemma","","3056056","c1d90df3e1292aa044d8a030434ddc2595077b055ed4d3c995b5d4a40faafa30","true","3056056","96caa677a912d7e75dd23868a5c7cb51","image/png","false"
"adjectives","skip_verified","/Users/Sean/Desktop/adjectives/embarrassed/embarrased_2.png","adjectives/embarrassed/embarrased_2.png","flatten_to_lemma","","3271907","d5fcf2267aef9abecd07ba9b2ab65e5896cadcf33b1a6e5ad19f0a95238505cc","true","3271907","4436b22438e766b08bffc6c263337512","image/png","false"
"adjectives","skip_verified","/Users/Sean/Desktop/adjectives/empty/empty_1.png","adjectives/empty/empty_1.png","flatten_to_lemma","","2209664","1447c76aeb33044ec96f86a11ba718ebc07efc51e8901771194eef2aef5c4194","true","2209664","43d32d26ec5d61c466c436412a22dda4","image/png","false"
"adjectives","skip_verified","/Users/Sean/Desktop/adjectives/empty/empty_2.png","adjectives/empty/empty_2.png","flatten_to_lemma","","2348759","7c42567d03a6f7148e6ac0dfe2895734be81a40bb1b4ea74421dede1a373135a","true","2348759","9030692cb2d05d1116458fb77c852a9f","image/png","false"
"adjectives","skip_verified","/Users/Sean/Desktop/adjectives/encouraged/encouraged_1.png","adjectives/encouraged/encouraged_1.png","flatten_to_lemma","","2580312","5e585cd47a82d284071cbb9ba3083f5e5a3c9e79473a727b933519a439730ea6","true","2580312","3678974e6d22e9fc366849353acb0ac8","image/png","false"
"adjectives","skip_verified","/Users/Sean/Desktop/adjectives/encouraged/encouraged_2.png","adjectives/encouraged/encouraged_2.png","flatten_to_lemma","","1896426","897286122d1aaac61ab0aff9052d2e4d307224a8624f1a19e2a0de8ef274e409","true","1896426","f81661c19d83b1b04e1c8fa4464dde89","image/png","false"
"adjectives","skip_verified","/Users/Sean/Desktop/adjectives/eventful/eventful_1.png","adjectives/eventful/eventful_1.png","flatten_to_lemma","","3357127","d2e15943745f9dfab20b8d319ecaf1471d80ca7d5c5da5fb8bf91c05fbc8e328","true","3357127","264fe6eb4a160bb528564f092de9ebed","image/png","false"
"adjectives","skip_verified","/Users/Sean/Desktop/adjectives/eventful/eventful_2.png","adjectives/eventful/eventful_2.png","flatten_to_lemma","","2580767","1c37184ceddee16fd530d4ad5d5a9dd39e9b9252a991fd0d524930b0a6805c4d","true","2580767","dd8e58ab0f5554eccc1a9a562bd1db2c","image/png","false"
"adjectives","skip_verified","/Users/Sean/Desktop/adjectives/eventless/eventless_1.png","adjectives/eventless/eventless_1.png","flatten_to_lemma","","2537900","31cc9aa4d6b5bdb211275357d6719aba23f2a12cf5001f113a514a026e000ea5","true","2537900","8e185ad9b001c7becc668731ead271e5","image/png","false"
"adjectives","skip_verified","/Users/Sean/Desktop/adjectives/eventless/eventless_2.png","adjectives/eventless/eventless_2.png","flatten_to_lemma","","3116786","9a71c4aa5d7e8f2b1588f79029d95b27f89b9aa031e5194f0cfd4a875555312f","true","3116786","b9ade8eabecad5c6dba0e97498d352a9","image/png","false"
"adjectives","skip_verified","/Users/Sean/Desktop/adjectives/excited/excited_1.png","adjectives/excited/excited_1.png","flatten_to_lemma","","2734194","fb41e05fdb124447a5ea9fccccad2c1a12d69c38abe4d2a9193e09303e6b8398","true","2734194","db134ae7ee311805efd7f0402d9b0df7","image/png","false"
"adjectives","skip_verified","/Users/Sean/Desktop/adjectives/excited/excited_2.png","adjectives/excited/excited_2.png","flatten_to_lemma","","3465673","037a5a85b8662bfc88d3f55e1f8ecb0c2a048aadca7864ba375a087b8870fdd8","true","3465673","97542f6d82dbfdc98c382d7f419aec91","image/png","false"
"adjectives","skip_verified","/Users/Sean/Desktop/adjectives/exhausted/exhausted_1.png","adjectives/exhausted/exhausted_1.png","flatten_to_lemma","","2716766","10ee5fbadba92c902a04e7c42ae0acf0fbcf15896dd49390c11176adce9743e3","true","2716766","b529853c961b82b97f5cec4e1dc977a6","image/png","false"
"adjectives","skip_verified","/Users/Sean/Desktop/adjectives/exhausted/exhausted_2.png","adjectives/exhausted/exhausted_2.png","flatten_to_lemma","","2772934","fc5186094ab243e027e64b24d280fe1199c8c33bcc4572acd22da12b75c06f89","true","2772934","54957bd77436eb368b5faa8e264d26b6","image/png","false"
"adjectives","skip_verified","/Users/Sean/Desktop/adjectives/expensive/expensive_1.png","adjectives/expensive/expensive_1.png","flatten_to_lemma","","1050677","b413b24fdfd060f8e56dc906ccf8cba8b5fdeb21847f32a5806040793ea33338","true","1050677","e2264cefddb519e907953a1f88771b95","image/png","false"
"adjectives","skip_verified","/Users/Sean/Desktop/adjectives/expensive/expensive_2.png","adjectives/expensive/expensive_2.png","flatten_to_lemma","","958973","7520e090be3d37a63282eebd416704467d47840d5efa6d656807ee701d4a82df","true","958973","03d4e2ca3eb4cc99735893ac3f995ccf","image/png","false"
"adjectives","skip_verified","/Users/Sean/Desktop/adjectives/far/far_1.png","adjectives/far/far_1.png","flatten_to_lemma","","2188885","7f82dd119d508421ffce208ff52b988182ccbf29295a80a1291f7ea5513bf256","true","2188885","6fdf23aeb27756758e1476d51e6c6dcc","image/png","false"
"adjectives","skip_verified","/Users/Sean/Desktop/adjectives/far/far_2.png","adjectives/far/far_2.png","flatten_to_lemma","","744099","e4c53300efd9b8376a432a71cf5acc4faea2d4a446977f82b9ae289833d32101","true","744099","cb8639c3572db02a221b4af20efe20cb","image/png","false"
"adjectives","skip_verified","/Users/Sean/Desktop/adjectives/comparatives/farther/farther.png","adjectives/farther/farther.png","flatten_to_lemma","","317466","1ef40997d7c5b44349ae016486ee7837bcda9ca727a5bd067f6a5f04650e4c58","true","317466","00e0c772a5fc16ce68f9a399657c6ae3","image/png","false"
"adjectives","skip_verified","/Users/Sean/Desktop/adjectives/superlatives/farthest/farthest.png","adjectives/farthest/farthest.png","flatten_to_lemma","","422862","a447de52e862a02ef79f67ab8f7f623579819036bd86cbc9a18c23194a1f99c5","true","422862","89252b1a6e5fd192c494026171c69879","image/png","false"
"adjectives","skip_verified","/Users/Sean/Desktop/adjectives/fast/fast_1.png","adjectives/fast/fast_1.png","flatten_to_lemma","","2396659","429001dc9bd19c85bf33568da04b5285649006a8cd2e7eb2bf3dd73ef4d6a13d","true","2396659","b4cc84b15b7bb869755219503bd77fcc","image/png","false"
"adjectives","skip_verified","/Users/Sean/Desktop/adjectives/fast/fast_2.png","adjectives/fast/fast_2.png","flatten_to_lemma","","2663357","1fa3b8c23db6678d4629160f7de8e19f39b924650cb5d7793acc6ca6dd7971ca","true","2663357","12b779e9aba0af0bd69c91e0326d57f8","image/png","false"
"adjectives","skip_verified","/Users/Sean/Desktop/adjectives/comparatives/faster/faster.png","adjectives/faster/faster.png","flatten_to_lemma","","610357","dffdabc32553f77a6223f6eeb877de300da65d5171440a455d0e5bc135b74375","true","610357","3196fce24bebf17173a76650f745aaab","image/png","false"
"adjectives","skip_verified","/Users/Sean/Desktop/adjectives/superlatives/fastest/fastest.png","adjectives/fastest/fastest.png","flatten_to_lemma","","529326","fdda8c141d8048c8fe043f25642ed8c0eecb43e3c7a198dde64014d1760ff2b3","true","529326","171c8e15fcd8a245c2e7c60e734c874a","image/png","false"
"adjectives","skip_verified","/Users/Sean/Desktop/adjectives/fixed/fixed_1.png","adjectives/fixed/fixed_1.png","flatten_to_lemma","","2108449","18990aefede9b29de5dc87f8403126669eee17d9ec507246871ddf3d69d6fcad","true","2108449","a599425a0a86232805c849eab48dcbb5","image/png","false"
"adjectives","skip_verified","/Users/Sean/Desktop/adjectives/fixed/fixed_2.png","adjectives/fixed/fixed_2.png","flatten_to_lemma","","2460729","f1194da753b744e2de83dd953d51706b98adff2117e4991e3f6566fb077e3fe8","true","2460729","f95f415539d2bc98ce37c954cb1d8527","image/png","false"
"adjectives","skip_verified","/Users/Sean/Desktop/adjectives/flat/flat_1.png","adjectives/flat/flat_1.png","flatten_to_lemma","","2514877","ed63d710034d2f95d08f86c29ca834900937bdf5f657e7f342a74c647be4ca7c","true","2514877","f6742ce390e88bacb3c826247c750c90","image/png","false"
"adjectives","skip_verified","/Users/Sean/Desktop/adjectives/flat/flat_2.png","adjectives/flat/flat_2.png","flatten_to_lemma","","2026097","4fb587fc5d08491c0da5d861d968c2db365188adaea871d99edbf9b33c98a0d3","true","2026097","7ce2ac40e63ce380f3a14b76f68e07b5","image/png","false"
"adjectives","skip_verified","/Users/Sean/Desktop/adjectives/friendly/friendly_1.png","adjectives/friendly/friendly_1.png","flatten_to_lemma","","1509773","a22ed85b34cd93ce64f0877c175714bc7452ed2054cd8c0e58a5e8ecf65cb983","true","1509773","4ebfabaf927fa3840b1123a38990be93","image/png","false"
"adjectives","skip_verified","/Users/Sean/Desktop/adjectives/friendly/friendly_2.png","adjectives/friendly/friendly_2.png","flatten_to_lemma","","2570979","6957c60e9dca9f136cd80593d74d6d96e4a23421695e643d0bd09f89023dcf72","true","2570979","5f96c5da695952525ccaaa958ff3cb1f","image/png","false"
"adjectives","skip_verified","/Users/Sean/Desktop/adjectives/frightened/frightened_1.png","adjectives/frightened/frightened_1.png","flatten_to_lemma","","2392078","c0e29c355b65d4a8b6f606693b36c3ef44535e7cf78deb275568a238dc8caa6f","true","2392078","d9abaf8b0a9f4310cc4b722b3f40654d","image/png","false"
"adjectives","skip_verified","/Users/Sean/Desktop/adjectives/frightened/frightened_2.png","adjectives/frightened/frightened_2.png","flatten_to_lemma","","2951706","c1e6f89f4979e18aa846eaa54c87e9a29f349cd1e0f0c6eaa4b89c4c774ad9e8","true","2951706","03d9830895b98aa614012c44dcaafbbf","image/png","false"
"adjectives","skip_verified","/Users/Sean/Desktop/adjectives/frustrated/frustrated_1.png","adjectives/frustrated/frustrated_1.png","flatten_to_lemma","","2607466","f36d62b957e24c66d59b2381bd4ae127d9aec9bea7e0d85e5da1b2a924da35ae","true","2607466","49ab087630f190930ae27c8a984e021c","image/png","false"
"adjectives","skip_verified","/Users/Sean/Desktop/adjectives/frustrated/frustrated_2.png","adjectives/frustrated/frustrated_2.png","flatten_to_lemma","","3399899","2bc37b025cedbece4ecce152150d5c99077b1b440434c6ea5013d85dec9c93d2","true","3399899","3cb58365f085bb8da4bbadf4dddc0d7e","image/png","false"
"adjectives","skip_verified","/Users/Sean/Desktop/adjectives/full/full_1.png","adjectives/full/full_1.png","flatten_to_lemma","","2169692","569b0a804f7a11b8098555a14c413dfe8618288100f23110c8b58fde8f7edce7","true","2169692","34ff994b38ed746a450f859a71a0b843","image/png","false"
"adjectives","skip_verified","/Users/Sean/Desktop/adjectives/full/full_2.png","adjectives/full/full_2.png","flatten_to_lemma","","2717062","75a47028680459231b8ae9893c058c334329d8e46d4405153cec7088dc50b681","true","2717062","e598a37f1d513ab51727f0f2e2b743a3","image/png","false"
"adjectives","skip_verified","/Users/Sean/Desktop/adjectives/comparatives/funnier/funnier.png","adjectives/funnier/funnier.png","flatten_to_lemma","","1022591","f0d343f9e07956bb164a648aecada0613c2ad75a52cc0eab29d54ea877bd18f7","true","1022591","e1a86e5e92388d3042f7845659c81d06","image/png","false"
"adjectives","skip_verified","/Users/Sean/Desktop/adjectives/superlatives/funniest/funniest.png","adjectives/funniest/funniest.png","flatten_to_lemma","","668802","88ff569ee952bc6e28644dadad850a7c219859797e651d0f66dfe15a3629c486","true","668802","d3cfa2720b4ae81be5ec5df006f1667d","image/png","false"
"adjectives","skip_verified","/Users/Sean/Desktop/adjectives/funny/funny_1.png","adjectives/funny/funny_1.png","flatten_to_lemma","","2510102","275b502b2223dd70cd997527ae5bb055f037ec1cef129474c5858cdc66cbdb08","true","2510102","1880c21410007badd161aee5f3551754","image/png","false"
"adjectives","skip_verified","/Users/Sean/Desktop/adjectives/funny/funny_2.png","adjectives/funny/funny_2.png","flatten_to_lemma","","2914589","224e0c1f765e523d4f8977b396b4257ed6e4f80ca7842119d23e79f2eee93230","true","2914589","a19ede4c81accf3770a02b72810ab25e","image/png","false"
"adjectives","skip_verified","/Users/Sean/Desktop/adjectives/good/good_1.png","adjectives/good/good_1.png","flatten_to_lemma","","915871","9c2138a7414ebc28881ea6c20db869848e43685a7cda7ce4271e7f7761ec58c6","true","915871","d8ab06475f6bec65e89e75cdcb511e87","image/png","false"
"adjectives","skip_verified","/Users/Sean/Desktop/adjectives/good/good_2.png","adjectives/good/good_2.png","flatten_to_lemma","","502160","f2e27aaae1dfbf5357c73f274d9840f1f6c48693ff5d8bab717110e5237a9c1d","true","502160","84833c798219b4d3a2bc8978d670c354","image/png","false"
"adjectives","skip_verified","/Users/Sean/Desktop/adjectives/gray/gray_1.png","adjectives/gray/gray_1.png","flatten_to_lemma","","1485612","9136b93478c5efaacab45c7e76f4cff679ebc717127eb4d1125d8d6999a50993","true","1485612","dcd599f3aa0cf9f82cd033b593af24e6","image/png","false"
"adjectives","skip_verified","/Users/Sean/Desktop/adjectives/gray/gray_2.png","adjectives/gray/gray_2.png","flatten_to_lemma","","1658085","4291b006e38e408d028cbd605f6ad76ebc63a4191c4ba92adae9c383604479f0","true","1658085","e08a09377ff5b3ff7a79481d419fca24","image/png","false"
"adjectives","skip_verified","/Users/Sean/Desktop/adjectives/great/great_1.png","adjectives/great/great_1.png","flatten_to_lemma","","1087020","d5de0c0fadd58805383d6fd1d2b0d2487463838112f2b349f4f2375cc7beed54","true","1087020","f918e1e38bf48070a6e3c145a0ea04f3","image/png","false"
"adjectives","skip_verified","/Users/Sean/Desktop/adjectives/great/great_2.png","adjectives/great/great_2.png","flatten_to_lemma","","481254","6684172466e89f43f3680c134e7fdf58c72b8a8882b5170283fd8a866f4f33fc","true","481254","15d266d340f1879e5a4f45d17267013a","image/png","false"
"adjectives","skip_verified","/Users/Sean/Desktop/adjectives/green/green_1.png","adjectives/green/green_1.png","flatten_to_lemma","","628749","bbb811d57ba627a41694f0cf7fcceae0bd718fd01b5a2a61e8015651fbbf3cb6","true","628749","29d0abd02cec5d102928be63a573cdfd","image/png","false"
"adjectives","skip_verified","/Users/Sean/Desktop/adjectives/green/green_2.png","adjectives/green/green_2.png","flatten_to_lemma","","1657710","7caaec623b2324eefc17fdb971630ca2338a45c1de2158c3b87c1bd754d350eb","true","1657710","bc629b3fce79ef9b6d3d196dabbf0f13","image/png","false"
"adjectives","skip_verified","/Users/Sean/Desktop/adjectives/grumpy/grumpy_1.png","adjectives/grumpy/grumpy_1.png","flatten_to_lemma","","2452290","4e8fe96635bbcaa3da6938f33f69deed3e36484183b8adc6a685ac4b0dc520e9","true","2452290","7608a0ea333891c05a11f001a698a0a5","image/png","false"
"adjectives","skip_verified","/Users/Sean/Desktop/adjectives/grumpy/grumpy_2.png","adjectives/grumpy/grumpy_2.png","flatten_to_lemma","","1767740","543a6698d50afcd40de10820cf313b128edeeb222d822f8fa002d0e47f8a071e","true","1767740","bbc1fd7c7164b7ca1cf7a78bbf11c36a","image/png","false"
"adjectives","skip_verified","/Users/Sean/Desktop/adjectives/handsome/handsome_1.png","adjectives/handsome/handsome_1.png","flatten_to_lemma","","2973663","20f591c5328475dc417564ed21ae4f40a6da58f78a21768200f0d350e29338bc","true","2973663","431067ced1100c183bfa80a8eca76148","image/png","false"
"adjectives","skip_verified","/Users/Sean/Desktop/adjectives/handsome/handsome_2.png","adjectives/handsome/handsome_2.png","flatten_to_lemma","","3017659","65979b99bb9fa6744956152d4d06253c0fe3f288313e09663844a20007dda94d","true","3017659","4c5c02d0198ec5f1df686cf0931c9935","image/png","false"
"adjectives","skip_verified","/Users/Sean/Desktop/adjectives/comparatives/happier/happier.png","adjectives/happier/happier.png","flatten_to_lemma","","476415","8241a8618f390daf34c16804aaf43dc5b03d166a39078ab1e7a1099fcfdba2bb","true","476415","0abd8113937943367e3edea9559916a4","image/png","false"
"adjectives","skip_verified","/Users/Sean/Desktop/adjectives/superlatives/happiest/happiest.png","adjectives/happiest/happiest.png","flatten_to_lemma","","796270","83bf064c0b13d8147b3522d2d90f6fa91875b573ffddfbd1d06b049d09e49572","true","796270","f0e85416c4d9223605ce72ff3b22fb0f","image/png","false"
"adjectives","skip_verified","/Users/Sean/Desktop/adjectives/adverbs/happily/happily.png","adjectives/happily/happily.png","flatten_to_lemma","","434171","873fcddb57abc452d4e27411c324a6abd6aa5fe9f5b9403b08fb7e243cbcf61d","true","434171","64842210df61db621203b0e59051cad7","image/png","false"
"adjectives","skip_verified","/Users/Sean/Desktop/adjectives/happy/happy_1.png","adjectives/happy/happy_1.png","flatten_to_lemma","","1826187","e4e6c1518596c361ff547f7048ed8c7b7ecf67d13c6f7d1cf4974d652c5dbdfe","true","1826187","0001b20d9cb1bc86420340e560e29d4a","image/png","false"
"adjectives","skip_verified","/Users/Sean/Desktop/adjectives/happy/happy_2.png","adjectives/happy/happy_2.png","flatten_to_lemma","","1823796","48d4e67ce6498f747719f21b85c3f01755bae2a8dbba99e09744e8755e8d0227","true","1823796","682fdb58150864a7360a9db41f143b03","image/png","false"
"adjectives","skip_verified","/Users/Sean/Desktop/adjectives/hardworking/hardworking_1.png","adjectives/hardworking/hardworking_1.png","flatten_to_lemma","","2798736","5b22cf70dba949282169c119faf684e2331947f3de80feef433e0aed0ba64fb4","true","2798736","27b2b5dfaa9bb86e3fee3146bcd2cb14","image/png","false"
"adjectives","skip_verified","/Users/Sean/Desktop/adjectives/hardworking/hardworking_2.png","adjectives/hardworking/hardworking_2.png","flatten_to_lemma","","3083346","cd774a2f73ffb6f87c318255d750d098a2e64f46c1c035816fbedd08d30eabf2","true","3083346","33d790d2fffb47631adf4316df2c55cb","image/png","false"
"adjectives","skip_verified","/Users/Sean/Desktop/adjectives/harmful/harmful_1.png","adjectives/harmful/harmful_1.png","flatten_to_lemma","","3114230","244809d3261a307d42cee0da6fe65509868a120e573ab080e3be88e4525943e9","true","3114230","39f0585f078a56b97cee7c95cfde5e1c","image/png","false"
"adjectives","skip_verified","/Users/Sean/Desktop/adjectives/harmful/harmful_2.png","adjectives/harmful/harmful_2.png","flatten_to_lemma","","4353824","64b09600f8042d7135ab10353403dcc22e84b0b44251d8c80ef551353a4cf5b7","true","4353824","71e384ecef733f946a0855b1808f19ac","image/png","false"
"adjectives","skip_verified","/Users/Sean/Desktop/adjectives/harmless/harmless_1.png","adjectives/harmless/harmless_1.png","flatten_to_lemma","","2793300","e121a702aa669f4c180a26edfe48c5e8bb9bb531d4228d798b2d39f054de925f","true","2793300","5db6101478c757e513c23d654bed4126","image/png","false"
"adjectives","skip_verified","/Users/Sean/Desktop/adjectives/harmless/harmless_2.png","adjectives/harmless/harmless_2.png","flatten_to_lemma","","2277003","3ce508431721b3b31cbc5614bcf700f73eb75a2a757ac60355625658f900f092","true","2277003","02dfdc681f74287119c5ad236350c8d8","image/png","false"
"adjectives","skip_verified","/Users/Sean/Desktop/adjectives/comparatives/heavier/heavier.png","adjectives/heavier/heavier.png","flatten_to_lemma","","572410","e6434ea3f2008c00ed41907964183d7ce01a139178b340e1204e9ab5695e198f","true","572410","7f6fdf2f708ef2c0c2e7203189feed13","image/png","false"
"adjectives","skip_verified","/Users/Sean/Desktop/adjectives/superlatives/heaviest/heaviest.png","adjectives/heaviest/heaviest.png","flatten_to_lemma","","630318","d9f05ccc45cb7ac40700141b519897806fa0acbbc3d9c4c04382596770afbb80","true","630318","46f264aaf57724a4bdcc2edb4c20de5b","image/png","false"
"adjectives","skip_verified","/Users/Sean/Desktop/adjectives/helpful/helpful_1.png","adjectives/helpful/helpful_1.png","flatten_to_lemma","","2555023","b6ff00eaa78ab47e682a5f0b431b83feaec10a3d2338a68aec852f49d945c6bf","true","2555023","fad013734f5382290ce2678780409eec","image/png","false"
"adjectives","skip_verified","/Users/Sean/Desktop/adjectives/helpful/helpful_2.png","adjectives/helpful/helpful_2.png","flatten_to_lemma","","2781932","190dea8a0780e2d118d5b86dfaaaa2882053684f8855c303dca03d45d1d99826","true","2781932","40f0c9b83af2e2001086ebc3847de131","image/png","false"
"adjectives","skip_verified","/Users/Sean/Desktop/adjectives/adverbs/helpfully/helpfully.png","adjectives/helpfully/helpfully.png","flatten_to_lemma","","1031831","ee325e0761eac08aae3f9c7497460fc5971f8679bc898017b9b80ec68cfadbf5","true","1031831","1ff234b3cdda8dc81598d973a1b765fa","image/png","false"
"adjectives","skip_verified","/Users/Sean/Desktop/adjectives/helpless/helpless_1.png","adjectives/helpless/helpless_1.png","flatten_to_lemma","","3061650","9e4141f5000e4d7fd804484da8a10d7858288bd41b152db6f5b2506c36e42f49","true","3061650","70a9347ce315770b936725b787d7e2ff","image/png","false"
"adjectives","skip_verified","/Users/Sean/Desktop/adjectives/helpless/helpless_2.png","adjectives/helpless/helpless_2.png","flatten_to_lemma","","1997990","4a45e9010a6bff3b625a6d5d306bde835e025d1e3d1ac3069d6f6eb92d0fdd36","true","1997990","1d884c3345936e35e5f47457e084f45d","image/png","false"
"adjectives","skip_verified","/Users/Sean/Desktop/adjectives/high/high_1.png","adjectives/high/high_1.png","flatten_to_lemma","","2529353","afdca70ed662d0fb23fa07fd72d0602f140e7f93f40c66b8dc47c7b30852852d","true","2529353","96aa3a776f311d60de604e6306d0010c","image/png","false"
"adjectives","skip_verified","/Users/Sean/Desktop/adjectives/high/high_2.png","adjectives/high/high_2.png","flatten_to_lemma","","3629691","3e38799c8647f1e59fc0ffec72f94fe7e4a659093b5be3687a8e37199ba1c4f3","true","3629691","1209dc6752db616be3a4fe6e436c9304","image/png","false"
"adjectives","skip_verified","/Users/Sean/Desktop/adjectives/honest/honest_1.png","adjectives/honest/honest_1.png","flatten_to_lemma","","2700160","c5877a1fe0032df48feefe45df3aada9a6f4687229e036b5b20a00d790d3dd29","true","2700160","d48db67769e64a3fbc6b3da5a9b69608","image/png","false"
"adjectives","skip_verified","/Users/Sean/Desktop/adjectives/honest/honest_2.png","adjectives/honest/honest_2.png","flatten_to_lemma","","2775893","a22753b448e2fb29a5ebb3afe3baee4fc6e586baf0b9118b7911cb8df9a902aa","true","2775893","5924bcadc823d94a96c5260e8b291310","image/png","false"
"adjectives","skip_verified","/Users/Sean/Desktop/adjectives/adverbs/honestly/honestly.png","adjectives/honestly/honestly.png","flatten_to_lemma","","921566","a24af632e44142ec8058726d81d469b2e147c73b69f43de7815d6e7ebfadffd2","true","921566","5a16c9edeab94757880c5ddc4a9c2ad5","image/png","false"
"adjectives","skip_verified","/Users/Sean/Desktop/adjectives/hopeful/hopeful_1.png","adjectives/hopeful/hopeful_1.png","flatten_to_lemma","","2599372","cbe66043cb504ee400ae1a60bff45ae2224281a321a8189a09e675e58f658ea6","true","2599372","ac4b0e805e4cc15963a2a7a7c21ebfde","image/png","false"
"adjectives","skip_verified","/Users/Sean/Desktop/adjectives/hopeful/hopeful_2.png","adjectives/hopeful/hopeful_2.png","flatten_to_lemma","","3174576","278bb5f960a156efd04f0d6ff28e9ed280c13d701311f8824e08713dc6128be1","true","3174576","a88f454848371b0029d1c4734c16d2e4","image/png","false"
"adjectives","skip_verified","/Users/Sean/Desktop/adjectives/hopeless/hopeless_1.png","adjectives/hopeless/hopeless_1.png","flatten_to_lemma","","2933714","065c3ff645ebea4e0e04ecdfcbda104c6c58803e941c2a22fbf0b4143ac46d6a","true","2933714","216de0ac6d38d0ca23e04d0a140c88cc","image/png","false"
"adjectives","skip_verified","/Users/Sean/Desktop/adjectives/hopeless/hopeless_2.png","adjectives/hopeless/hopeless_2.png","flatten_to_lemma","","2976641","b73c0f65fcd1044a7323c316ac3fdb4afd050b51642e18f5bd53d5c3e44b1f15","true","2976641","d020d32b2f5abffd09160c6504a60051","image/png","false"
"adjectives","skip_verified","/Users/Sean/Desktop/adjectives/hot/hot_1.png","adjectives/hot/hot_1.png","flatten_to_lemma","","2336898","53ff0106d1fa7783a34e87ccc8b1d942b08ed1f7afcab63bc723ef2bfe19b885","true","2336898","a2c5b580eee761a5030882b21e0ca5d2","image/png","false"
"adjectives","skip_verified","/Users/Sean/Desktop/adjectives/hot/hot_2.png","adjectives/hot/hot_2.png","flatten_to_lemma","","1202220","be1760fa84a6ea5465becaeb6fc111ca23dd2612f8a75132fb838d13b78cb7cc","true","1202220","dc50a2cc28659d032ebd997df60f15b4","image/png","false"
"adjectives","skip_verified","/Users/Sean/Desktop/adjectives/comparatives/hotter/hotter.png","adjectives/hotter/hotter.png","flatten_to_lemma","","936133","bf2521a7cc550cb96546e6d74f7265e65ab3755e07d546e781b4626caf785ed2","true","936133","6ab59b92341d9b54c65c583f5f524306","image/png","false"
"adjectives","skip_verified","/Users/Sean/Desktop/adjectives/superlatives/hottest/hottest.png","adjectives/hottest/hottest.png","flatten_to_lemma","","544413","c669a5d59e9c2dc2c23d19cc455fe28ea601289d1c1f43e0f1bf6d8d1eb57a01","true","544413","fd33bec9fa8e68c32c9f05e72cfc9c74","image/png","false"
"adjectives","skip_verified","/Users/Sean/Desktop/adjectives/huge/huge_1 PM.png","adjectives/huge/huge_1_pm.png","flatten_to_lemma","","1584360","855bc0809ba7653fc6695b305ceb73210754edbc8b305c77f50f2cf16cbf11bb","true","1584360","f31e144e09f28f3ad05d7bd8d458872d","image/png","false"
"adjectives","skip_verified","/Users/Sean/Desktop/adjectives/huge/huge_2.png","adjectives/huge/huge_2.png","flatten_to_lemma","","1799899","8470e9da872d89a6ac0e4f599a7a8289359f3b41d164e2b6cdde1f15640868ae","true","1799899","e80b12780b775922fb86efe56c6ffbe1","image/png","false"
"adjectives","skip_verified","/Users/Sean/Desktop/adjectives/hungry/hungry_1.png","adjectives/hungry/hungry_1.png","flatten_to_lemma","","2860327","7cf28480e6f80b729cbbc192548ce41009aeea9cdbc658cc89b013ac20d6b439","true","2860327","8b0e10522e98b5b4f0ed8129dae94f8c","image/png","false"
"adjectives","skip_verified","/Users/Sean/Desktop/adjectives/hungry/hungry_2.png","adjectives/hungry/hungry_2.png","flatten_to_lemma","","3048255","67cfb59905da446663cec79b113c4fc0667d8159c7b8ea90746250001b6b3a16","true","3048255","8333fcf2f55ea14a338c76d6c2dacc1c","image/png","false"
"adjectives","skip_verified","/Users/Sean/Desktop/adjectives/interested/interested_1.png","adjectives/interested/interested_1.png","flatten_to_lemma","","3231210","ff2f7c729947d60b7809536c407e3d602b23512a446f5666eb57ef64ecefec05","true","3231210","4c48a6c35ba665e2eba22d0852f29a3c","image/png","false"
"adjectives","skip_verified","/Users/Sean/Desktop/adjectives/interested/interested_2.png","adjectives/interested/interested_2.png","flatten_to_lemma","","2910401","7c14500bef72111a63395045a9c9e39ca1e1fc5fa0fc9da7406687595b303e31","true","2910401","607f36e9f6a92da5a4b43929d2e1e308","image/png","false"
"adjectives","skip_verified","/Users/Sean/Desktop/adjectives/kind/kind_1.png","adjectives/kind/kind_1.png","flatten_to_lemma","","1006337","03af661af8c036ad92ee1475daa604ba6971b5556793691d5ceda8f2f6bc6eb5","true","1006337","c619e68c3bb8a41dd36ca1a8f483285f","image/png","false"
"adjectives","skip_verified","/Users/Sean/Desktop/adjectives/kind/kind_2.png","adjectives/kind/kind_2.png","flatten_to_lemma","","2080879","87ab68260bd186fcc9f7b44a0414dc38fd102f05aa696528d251c45fea119057","true","2080879","d5aa46e31a67c6276adcc4eedab78d6c","image/png","false"
"adjectives","skip_verified","/Users/Sean/Desktop/adjectives/adverbs/lazily/lazily.png","adjectives/lazily/lazily.png","flatten_to_lemma","","1160702","1e4772b6df6c382e9da55fe086b4eb11b1be1976eb0cdc13cee4f9ed16547e4a","true","1160702","6094c9193dc285c11718fbe1e758a2d1","image/png","false"
"adjectives","skip_verified","/Users/Sean/Desktop/adjectives/lazy/lazy_1.png","adjectives/lazy/lazy_1.png","flatten_to_lemma","","1949650","cfb878bdf8f1bc8caa5f8964fa28cab152d48a5e4389dccb43490ae8a6625e70","true","1949650","39d2a745d8e039be12732288171d6811","image/png","false"
"adjectives","skip_verified","/Users/Sean/Desktop/adjectives/lazy/lazy_2.png","adjectives/lazy/lazy_2.png","flatten_to_lemma","","2896664","8a00646a5cef4e647ba4ef46898b66a8de523cff5d25334ac33d6ecdea83bc81","true","2896664","ab109c289bcb4e125d2ab82d989996b3","image/png","false"
"adjectives","skip_verified","/Users/Sean/Desktop/adjectives/light_blue/light_blue_1.png","adjectives/light_blue/light_blue_1.png","flatten_to_lemma","","1462980","764c13e19b1b93eec463fac581f3d4c21bc3ba0e07e65546c99245da5e88584b","true","1462980","029c790a070b4ec0e208b75eed0702d0","image/png","false"
"adjectives","skip_verified","/Users/Sean/Desktop/adjectives/light_blue/light_blue_2.png","adjectives/light_blue/light_blue_2.png","flatten_to_lemma","","1610695","163b6f1df2e693a01b4d824bc575631f6663ae7b86e2490647d769fdb006c66c","true","1610695","ca71f95622272b9e0c61cd42c5603b96","image/png","false"
"adjectives","skip_verified","/Users/Sean/Desktop/adjectives/light_green/light_green_1.png","adjectives/light_green/light_green_1.png","flatten_to_lemma","","1486273","d34bd91664bb6dffefc64cf78405894400bd6d9143de28b4b1ed732af55f5513","true","1486273","9c4681b7d4e2048780be5cb3530d8605","image/png","false"
"adjectives","skip_verified","/Users/Sean/Desktop/adjectives/light_green/light_green_2.png","adjectives/light_green/light_green_2.png","flatten_to_lemma","","1647378","b74ce7c285fcb12f9dda9ae0997d0e36c362b7af50cba469b30b8569ddd4bba0","true","1647378","a186a39fa9993f0d78bc1480006bc44c","image/png","false"
"adjectives","skip_verified","/Users/Sean/Desktop/adjectives/lonely/lonely_1.png","adjectives/lonely/lonely_1.png","flatten_to_lemma","","1923042","0992ceaeab13798a02a28be2409842612b874bfc1a27665da5cb5536d5f690d9","true","1923042","3dba5a22f77eac652c308885a5de4493","image/png","false"
"adjectives","skip_verified","/Users/Sean/Desktop/adjectives/lonely/lonely_2.png","adjectives/lonely/lonely_2.png","flatten_to_lemma","","2087949","c2895f6dfe37ec3380c6b696962de41dbdda30eef18152c9e7d04fdfd65eabf1","true","2087949","59d45c8df6dc6d1d87d8aca1dd5de645","image/png","false"
"adjectives","skip_verified","/Users/Sean/Desktop/adjectives/long_hair/long_hair_1.png","adjectives/long_hair/long_hair_1.png","flatten_to_lemma","","2611025","cef96ffa5fd63a08fc3d7b95fc3445649ff3190654a568e8c1b9bae355e7c17a","true","2611025","ad9b2080120da45f61b5adca280b4053","image/png","false"
"adjectives","skip_verified","/Users/Sean/Desktop/adjectives/long_hair/long_hair_2.png","adjectives/long_hair/long_hair_2.png","flatten_to_lemma","","3148080","65944787971aa816bbbca2ce41979b1e63a77f5952704a1aa9daaae31cce1511","true","3148080","258057709876ff720bc5f2b55b752a75","image/png","false"
"adjectives","skip_verified","/Users/Sean/Desktop/adjectives/long/long_1.png","adjectives/long/long_1.png","flatten_to_lemma","","464808","c7b2916cb8493967bb267a0c3c754068f6a670f0609ad0e9f67ae43216038991","true","464808","394a41c9734df1fe356f6fea053f01f5","image/png","false"
"adjectives","skip_verified","/Users/Sean/Desktop/adjectives/long/long_2.png","adjectives/long/long_2.png","flatten_to_lemma","","2982808","f8ce25c71aca9088dc44a1bb54182bce4ac6e6a442a69d743d21e5fd94d70c14","true","2982808","377410b0685dbdd227ee668b57409a62","image/png","false"
"adjectives","skip_verified","/Users/Sean/Desktop/adjectives/comparatives/longer/longer.png","adjectives/longer/longer.png","flatten_to_lemma","","529120","63d680bb72966b8fa10511c013a8d4b014eace73187625395ffd0b1703eb1c4d","true","529120","3f51cf5cd2e7981edac95c9e975fc8e0","image/png","false"
"adjectives","skip_verified","/Users/Sean/Desktop/adjectives/superlatives/longest/longest.png","adjectives/longest/longest.png","flatten_to_lemma","","585743","9a27e7ef188ace9e1f820719f804961db6fd18807aa94c3e438395b0ebb43d29","true","585743","18f059480b02bda118e6106d943e76b2","image/png","false"
"adjectives","skip_verified","/Users/Sean/Desktop/adjectives/loud/loud_1.png","adjectives/loud/loud_1.png","flatten_to_lemma","","1568168","6ea8499a1ac6c98c5636a11f5ef2589348f82b170a27c128ba3a75778fdc7ccf","true","1568168","d2f7fe4def64eeb7d2fd8c72feb43884","image/png","false"
"adjectives","skip_verified","/Users/Sean/Desktop/adjectives/loud/loud_2.png","adjectives/loud/loud_2.png","flatten_to_lemma","","2503945","a53f7beb477b81910f0869c870cf2c27ba2fb1187d74b7f3e625806f4a3329b5","true","2503945","2c8141f1e60c6e3c05d5c5bbd3a48674","image/png","false"
"adjectives","skip_verified","/Users/Sean/Desktop/adjectives/adverbs/loudly/loudly.png","adjectives/loudly/loudly.png","flatten_to_lemma","","716062","dfeb3ae72098083f40f0f35a51c9fce6fdf5a8b46a51730f6bdf8f5de46554ef","true","716062","9779b4996124fc10d198e01ffb727bd9","image/png","false"
"adjectives","skip_verified","/Users/Sean/Desktop/adjectives/low/low_1.png","adjectives/low/low_1.png","flatten_to_lemma","","2888476","c168d118bdab4ecd3d7954a0f38f9d287d19def31b0f0e4d3f8673b7acb40f24","true","2888476","bc2c33680f8dd421e7b2ed0335787118","image/png","false"
"adjectives","skip_verified","/Users/Sean/Desktop/adjectives/low/low_2.png","adjectives/low/low_2.png","flatten_to_lemma","","2455080","0ad09984013099128d278c757e1d9b33c51fee18d531e89f866660118c13e60d","true","2455080","d24bed8bf32897176dfaa2df1dfc6d59","image/png","false"
"adjectives","skip_verified","/Users/Sean/Desktop/adjectives/mean/mean_1.png","adjectives/mean/mean_1.png","flatten_to_lemma","","1317384","d15cae65d1eb832a4f22d66528a8b0577111cd8067471070cb2c66628b4af5b7","true","1317384","5bf600009e34bd7d3de60d8935d513ca","image/png","false"
"adjectives","skip_verified","/Users/Sean/Desktop/adjectives/mean/mean_2.png","adjectives/mean/mean_2.png","flatten_to_lemma","","1799143","31308bc37ba1c301c9eee11a4a4e5f8a45ef9bb6c5d26eeeee5c2f2a5dd49a41","true","1799143","afff0f98ffbc50342c111513bedc6ebe","image/png","false"
"adjectives","skip_verified","/Users/Sean/Desktop/adjectives/meaningful/meaningful_1.png","adjectives/meaningful/meaningful_1.png","flatten_to_lemma","","2811000","e915cbe32a3768888ee73bff836540f5115cff5e8a3469c96ece00e0e11a9e16","true","2811000","4dd369f16884ff706fa566628aa84f4b","image/png","false"
"adjectives","skip_verified","/Users/Sean/Desktop/adjectives/meaningful/meaningful_2.png","adjectives/meaningful/meaningful_2.png","flatten_to_lemma","","2926783","608e7df6058a8b19be1e74e5291b78d92e3e694b6b4804d3896975ca43dfed42","true","2926783","d994f10d3dc3a26767625a66eb503205","image/png","false"
"adjectives","skip_verified","/Users/Sean/Desktop/adjectives/meaningless/meaningless_1.png","adjectives/meaningless/meaningless_1.png","flatten_to_lemma","","2818821","cdf278178e9b427ba7b64b11b3871309bbb87c76359dfe4ba395d400c3dd5d0a","true","2818821","4747ab4adcd94008e707b55a0ec11750","image/png","false"
"adjectives","skip_verified","/Users/Sean/Desktop/adjectives/meaningless/meaningless_2.png","adjectives/meaningless/meaningless_2.png","flatten_to_lemma","","2981154","50f1ba96d7ef3cf1aea78e1cd9b15bf3bfc464e773d3845977f15bcdf58e65db","true","2981154","74e84d43593e2ed1184b1e9fe7c11c13","image/png","false"
"adjectives","skip_verified","/Users/Sean/Desktop/adjectives/medium_length/medium_length_1.png","adjectives/medium_length/medium_length_1.png","flatten_to_lemma","","2676677","46075ff69909b84025b83183967da6a3596edf7668fc93d406c8711091080dcf","true","2676677","dca807e451793bbaff78671414d1ed7d","image/png","false"
"adjectives","skip_verified","/Users/Sean/Desktop/adjectives/medium_length/medium_length_2.png","adjectives/medium_length/medium_length_2.png","flatten_to_lemma","","3166466","2860072608bef842de3833bdafea6f5d388b3e21cd344daea3f17f0056ea9edf","true","3166466","c00717a1846306d388922a5fe9cc0118","image/png","false"
"adjectives","skip_verified","/Users/Sean/Desktop/adjectives/messy/messy_1.png","adjectives/messy/messy_1.png","flatten_to_lemma","","2945575","0b957378efb3014b7076c033ad340caf8d6bc622804668f4f150debb2cf82c3e","true","2945575","c4105dd727a5262b55440c9fd2912458","image/png","false"
"adjectives","skip_verified","/Users/Sean/Desktop/adjectives/messy/messy_2.png","adjectives/messy/messy_2.png","flatten_to_lemma","","3248872","e578f07e39c8db377d43d5638caae5add36d712de1f70a8a0bbc3ef54180a28d","true","3248872","889d3911479b82e451b970acd1882b5c","image/png","false"
"adjectives","skip_verified","/Users/Sean/Desktop/adjectives/comparatives/more_beautiful/more_beautiful.png","adjectives/more_beautiful/more_beautiful.png","flatten_to_lemma","","753773","1bb1b31f95cf62d17d898f72a34490af473aaf80125918f269a5e60d578ee5e7","true","753773","aa461a4b0326042734d7dc0824dcead7","image/png","false"
"adjectives","skip_verified","/Users/Sean/Desktop/adjectives/comparatives/more_careful/more_careful.png","adjectives/more_careful/more_careful.png","flatten_to_lemma","","909148","70e73bc84dafc653d1062dc0bf48db851e0e224fa785fea469489d35cf4aae79","true","909148","c92b8faea6c084701f7ce42249439eea","image/png","false"
"adjectives","skip_verified","/Users/Sean/Desktop/adjectives/comparatives/more_dangerous/more_dangerous.png","adjectives/more_dangerous/more_dangerous.png","flatten_to_lemma","","996181","0eacd63324ee075ebf2a2c10db85a6b9d5426e39c9cedf253945b9033c7d1626","true","996181","8ff41b87fb42b3e0a8a64766ab3d4d31","image/png","false"
"adjectives","skip_verified","/Users/Sean/Desktop/adjectives/comparatives/more_difficult/more_difficult.png","adjectives/more_difficult/more_difficult.png","flatten_to_lemma","","685118","21733bae738637152626ac97d90bc9d78a581a239776cb3095afd692caac88a5","true","685118","650f1cbc4a91ff6d601a545550fd9a14","image/png","false"
"adjectives","skip_verified","/Users/Sean/Desktop/adjectives/comparatives/more_expensive/more_expensive.png","adjectives/more_expensive/more_expensive.png","flatten_to_lemma","","718422","949f36fff9cd2674203beb66a16216ff0a2665417bcf811480aa2960a158611a","true","718422","143d81426abd3e580991608ea4e16a21","image/png","false"
"adjectives","skip_verified","/Users/Sean/Desktop/adjectives/comparatives/more_interesting/more_interesting.png","adjectives/more_interesting/more_interesting.png","flatten_to_lemma","","770528","85c784ba4b92a5338c937fd4a367108cb210b7f3d5d6aef4f6c618d8f5b5d37e","true","770528","714a4eda5b0590bf995fbe00e7a796f6","image/png","false"
"adjectives","skip_verified","/Users/Sean/Desktop/adjectives/superlatives/most_beautiful/most_beautiful.png","adjectives/most_beautiful/most_beautiful.png","flatten_to_lemma","","514570","1200e71d83e7ce3d98952ceeea0b835587a0bcbc15a890683f625151956afc6a","true","514570","0a64f4ddb13f3012a79f714148a7eb3b","image/png","false"
"adjectives","skip_verified","/Users/Sean/Desktop/adjectives/superlatives/most_careful/most_careful.png","adjectives/most_careful/most_careful.png","flatten_to_lemma","","1161837","c03d244a718c9d4ba5dcdcc258234b138709bf0352c54bb30fefbb077862153b","true","1161837","37b6d4651450ffd4117ac738b4c5156e","image/png","false"
"adjectives","skip_verified","/Users/Sean/Desktop/adjectives/superlatives/most_dangerous/most_dangerous.png","adjectives/most_dangerous/most_dangerous.png","flatten_to_lemma","","887111","04a0f9378500544255f4fb6fa0cd2ddad042937e66936499e27cec988472a910","true","887111","389b43fe02c9f794b354a4f4153ff454","image/png","false"
"adjectives","skip_verified","/Users/Sean/Desktop/adjectives/superlatives/most_difficult/most_difficult.png","adjectives/most_difficult/most_difficult.png","flatten_to_lemma","","433896","103cc6dbdb3138bffdb95ac3f386294c20d7bdabfea0a9ba43aaa37be2342b1e","true","433896","6a745573faf9ff1dda2676e3d6db8585","image/png","false"
"adjectives","skip_verified","/Users/Sean/Desktop/adjectives/superlatives/most_expensive/most_expensive.png","adjectives/most_expensive/most_expensive.png","flatten_to_lemma","","630990","cb3e406b1f7f1cda09106f20f44c21597dca78378489d42182fdb708a05b871e","true","630990","a93d8eb221a0a48570ea6ada5297bf06","image/png","false"
"adjectives","skip_verified","/Users/Sean/Desktop/adjectives/superlatives/most_interesting/most_interesting.png","adjectives/most_interesting/most_interesting.png","flatten_to_lemma","","579849","ac5055f70d3ad920270a35132a188fcb60121c593aab6ae11d3e30e1503630c1","true","579849","cad8bf0254de0dc44fc524d4ba4e10cb","image/png","false"
"adjectives","skip_verified","/Users/Sean/Desktop/adjectives/narrow/narrow_1.png","adjectives/narrow/narrow_1.png","flatten_to_lemma","","1341043","63720b6a88dc2bcbd2c2e05aec3427bdfe8cb20cccb7771e09ddf96f9e41685c","true","1341043","b5f3e3e8db942281f1811e7069aa3f74","image/png","false"
"adjectives","skip_verified","/Users/Sean/Desktop/adjectives/narrow/narrow_2.png","adjectives/narrow/narrow_2.png","flatten_to_lemma","","4392681","08abea95aa9294bb3a683c196dd72d038ff1e3d1c8507ff3e477c7c6cfb15550","true","4392681","460825e2d581b57d4a20fc298cc9ee86","image/png","false"
"adjectives","skip_verified","/Users/Sean/Desktop/adjectives/near/near_1.png","adjectives/near/near_1.png","flatten_to_lemma","","2678826","d88312b5e67aa929fd00ea76277ccba4c0ce0f2d1d4694f3c2824b4752e196aa","true","2678826","80f6c7e25f79189859eb0f059b33aff2","image/png","false"
"adjectives","skip_verified","/Users/Sean/Desktop/adjectives/near/near_2.png","adjectives/near/near_2.png","flatten_to_lemma","","2581605","da9296d17bba68332de1876ad018c2f1c8b8bb61469d54d05d0d79006c206311","true","2581605","7cd20952b3ed8bf23900de0cc8ae69c0","image/png","false"
"adjectives","skip_verified","/Users/Sean/Desktop/adjectives/nervous/nervous_1.png","adjectives/nervous/nervous_1.png","flatten_to_lemma","","1795965","2105e27c31ddadae2a6442c723da8865620554fa716683ac8d95592ed87db262","true","1795965","777c1087d3589af5684e63aee0b71bbb","image/png","false"
"adjectives","skip_verified","/Users/Sean/Desktop/adjectives/nervous/nervous_2.png","adjectives/nervous/nervous_2.png","flatten_to_lemma","","2061529","75e9d360b46859b6778a6a57e292be7c4856111296d919e97c677bccb97c292a","true","2061529","e2e3c5d62324cdebb3a66a26bf2ab46b","image/png","false"
"adjectives","skip_verified","/Users/Sean/Desktop/adjectives/adverbs/nervously/nervously.png","adjectives/nervously/nervously.png","flatten_to_lemma","","422544","eaf519943ba0b0ec72cf6a56e0308c3623227759fd34d9a7825bbb5a4347e596","true","422544","1bd6d1165f3722809da0e98d0c02f0ce","image/png","false"
"adjectives","skip_verified","/Users/Sean/Desktop/adjectives/new/new_1.png","adjectives/new/new_1.png","flatten_to_lemma","","2319017","343838af391d9302e77ff9adc1f68fc1dc1fcfd823e538d3a7582c8ce8551c2f","true","2319017","b6f02afa0f1c00470112df97339ee4e0","image/png","false"
"adjectives","skip_verified","/Users/Sean/Desktop/adjectives/new/new_2.png","adjectives/new/new_2.png","flatten_to_lemma","","996483","0568c2d788eff365f241e90846f85fbbfe54c8c2bae3ed898519024e3412db2e","true","996483","3c2872d0e2fc2c395508a38be7b1f0f4","image/png","false"
"adjectives","skip_verified","/Users/Sean/Desktop/adjectives/noisy/noisy_1.png","adjectives/noisy/noisy_1.png","flatten_to_lemma","","2477723","db3b9655c11ce95289d78bcd1ea8f535611cc51a7d3eb09cd2a60dedde71a5f6","true","2477723","20231e7efbb9b68338c3bcb39b96bf98","image/png","false"
"adjectives","skip_verified","/Users/Sean/Desktop/adjectives/noisy/noisy_2.png","adjectives/noisy/noisy_2.png","flatten_to_lemma","","2454646","b78973a82886986264d74ceca5d7847c0709af46d7b9c8cebdb366919eb015fa","true","2454646","adab44f9af32e5a2a252f7f89d824a53","image/png","false"
"adjectives","skip_verified","/Users/Sean/Desktop/adjectives/old/old_1.png","adjectives/old/old_1.png","flatten_to_lemma","","1306258","e485c2b91dc695c7600eb6aa29066dedaf3e9ed0cacca7be8a7856daeaf08397","true","1306258","49c77141c74d4c10142a672ee2ab6ca5","image/png","false"
"adjectives","skip_verified","/Users/Sean/Desktop/adjectives/old/old_2.png","adjectives/old/old_2.png","flatten_to_lemma","","843258","6b25246d06a114c548105dd284c4280df0de43a942ecbde2f0fc5484a6d43643","true","843258","c4ff4b313831e76f1b460dcd1ec3e9ac","image/png","false"
"adjectives","skip_verified","/Users/Sean/Desktop/adjectives/open/open_1.png","adjectives/open/open_1.png","flatten_to_lemma","","2486753","8799104558f4755a84e00fceaa746f1e30038ac31b8f3dd1bf11ef7e1857f07d","true","2486753","a4ab70b07ef49ca5bb28dffe7e928a77","image/png","false"
"adjectives","skip_verified","/Users/Sean/Desktop/adjectives/open/open_2.png","adjectives/open/open_2.png","flatten_to_lemma","","2832834","5fec67e2b1be71e6ec20afddceeb774112365b3eb23bf178d8b2109cea56c20d","true","2832834","3e6783a76d0792140228c1a99bc0ee79","image/png","false"
"adjectives","skip_verified","/Users/Sean/Desktop/adjectives/orange/orange_1.png","adjectives/orange/orange_1.png","flatten_to_lemma","","1430837","832af943528b8d6e5b4e07ab95de90da0db08db7cf7c114d8802a03853bc76d5","true","1430837","13c575f84fb75e74fd20681de9cec6eb","image/png","false"
"adjectives","skip_verified","/Users/Sean/Desktop/adjectives/orange/orange_2.png","adjectives/orange/orange_2.png","flatten_to_lemma","","1231688","19728fdbc8b5ab35b46c4427418ca040d7814c9f5c7e7f27dc39960a5d8e73cf","true","1231688","63510cfb1953bfd2b5dcf713d8eea3cf","image/png","false"
"adjectives","skip_verified","/Users/Sean/Desktop/adjectives/painful/painful_1.png","adjectives/painful/painful_1.png","flatten_to_lemma","","2003538","b67dc37d776683efebb7aa0cfee82b72e9d02a1cd90696f954526b5e7f24b753","true","2003538","f2c019c6fb1e8e76cfe1ac62ba15f9f6","image/png","false"
"adjectives","skip_verified","/Users/Sean/Desktop/adjectives/painful/painful_2.png","adjectives/painful/painful_2.png","flatten_to_lemma","","3118960","f67498ceabdfbbf1d108e4ed3a55fd843665c37a08729d8d2debd09dcda9c0f6","true","3118960","b1c11f7916d7e18d704fea678b00d613","image/png","false"
"adjectives","skip_verified","/Users/Sean/Desktop/adjectives/painless/painless_1.png","adjectives/painless/painless_1.png","flatten_to_lemma","","2022195","96da54def82a3caf87bc129e9770e9f6cdf0dd51d20d61343b207ce6e2cc7ec5","true","2022195","9c31cced859790be9ea8f2d1bfad18b4","image/png","false"
"adjectives","skip_verified","/Users/Sean/Desktop/adjectives/painless/painless_2.png","adjectives/painless/painless_2.png","flatten_to_lemma","","2737413","92d7a708d6328917316b620c96fcc4ce4b7e47b6438320212a80b34914edfac0","true","2737413","66cc695d6fdf7e938995f9f9e690e5dc","image/png","false"
"adjectives","skip_verified","/Users/Sean/Desktop/adjectives/pigtails/pigtails_1.png","adjectives/pigtails/pigtails_1.png","flatten_to_lemma","","2752719","d3c0a407380709f91a39ce040a371df36039020b37e876804e83077b96110d21","true","2752719","f7281db85f07b2eccf021cf4a8711451","image/png","false"
"adjectives","skip_verified","/Users/Sean/Desktop/adjectives/pigtails/pigtails_2.png","adjectives/pigtails/pigtails_2.png","flatten_to_lemma","","3266632","a0529f967c1bd259ec1eab7cc4746ab17756c35733025573a6feedef79b3b646","true","3266632","0fdaa1f303a6805d35349dbfe16b443a","image/png","false"
"adjectives","skip_verified","/Users/Sean/Desktop/adjectives/pink/pink_1.png","adjectives/pink/pink_1.png","flatten_to_lemma","","1437937","d7a89d917bfe731b1cefe7a941f700b1e7602dda7a59b19829ec23ef2015bc09","true","1437937","a0c9ef7dcdd9c5246cfe89d037566f79","image/png","false"
"adjectives","skip_verified","/Users/Sean/Desktop/adjectives/pink/pink_2.png","adjectives/pink/pink_2.png","flatten_to_lemma","","1547597","7da8102f641328199f733ffd465c3fece1a90fb33bab1ab5de42f4453ed54f4a","true","1547597","81251ee84b29cfe4bd69a789c7982a9a","image/png","false"
"adjectives","skip_verified","/Users/Sean/Desktop/adjectives/polite/polite_1.png","adjectives/polite/polite_1.png","flatten_to_lemma","","2685612","944cbc61e7e476e649fe5b1c49c99bfb5da91ea61c65599db95df6164a2b11ab","true","2685612","56a0fac10f4502dd616c5d99baeaa017","image/png","false"
"adjectives","skip_verified","/Users/Sean/Desktop/adjectives/polite/polite_2.png","adjectives/polite/polite_2.png","flatten_to_lemma","","2615598","ceb586403e0d1f78f8034c287045670d5330702cb1bf259ac77de702220cb7ed","true","2615598","1a334ae6e97a48f43485a210c4fc869d","image/png","false"
"adjectives","skip_verified","/Users/Sean/Desktop/adjectives/adverbs/politely/politely.png","adjectives/politely/politely.png","flatten_to_lemma","","931886","489f1c342a33e91ae01d70c2b69c6dbe177ae6cc7242f109ee5b4f0166c058f1","true","931886","b6aefbcacedf26cbc5e8b840ebd26061","image/png","false"
"adjectives","skip_verified","/Users/Sean/Desktop/adjectives/ponytail/ponytail_1.png","adjectives/ponytail/ponytail_1.png","flatten_to_lemma","","2688975","4c717806a4256dab978385c482ca3cf6ea0daf0336d3762d554920b7a24be433","true","2688975","521e6e5387640348fbc0cdc4364c7e13","image/png","false"
"adjectives","skip_verified","/Users/Sean/Desktop/adjectives/ponytail/ponytail_2.png","adjectives/ponytail/ponytail_2.png","flatten_to_lemma","","3141346","ea9a1b6b8978494468f4e4a88c792c0d9dc486a7e2db37fa56295e97a592d652","true","3141346","e22b269e32dcb6c232831bebacf9b90b","image/png","false"
"adjectives","skip_verified","/Users/Sean/Desktop/adjectives/powerful/powerful_1.png","adjectives/powerful/powerful_1.png","flatten_to_lemma","","2962473","430c37e10e46947720e5abb14ad960fa832cd2fcb4af8a91958b45f448b152e9","true","2962473","e1ce79a644ba83c269a0dbce6cda5c0b","image/png","false"
"adjectives","skip_verified","/Users/Sean/Desktop/adjectives/powerful/powerful_2.png","adjectives/powerful/powerful_2.png","flatten_to_lemma","","2482016","10c1cdc25b40cc32797b245633fda23a43e735e045f703cf54ca0392932a4981","true","2482016","7e0d6090a12e6f87cb4e5b116f008c39","image/png","false"
"adjectives","skip_verified","/Users/Sean/Desktop/adjectives/adverbs/powerfully/powerfully.png","adjectives/powerfully/powerfully.png","flatten_to_lemma","","670424","87324a1f54939c20224688f619207d9bf55d8165738f19d57fc8ad1565cdf056","true","670424","fc14654aeb6c0f2af97c3e952c8d5281","image/png","false"
"adjectives","skip_verified","/Users/Sean/Desktop/adjectives/powerless/powerless_1.png","adjectives/powerless/powerless_1.png","flatten_to_lemma","","1052807","11cd31a4b29416668d10a446e2c7dd610ca0aa8dfa98bc196a372718e58cf053","true","1052807","d3de28c8b38825117dc94172d242b0f6","image/png","false"
"adjectives","skip_verified","/Users/Sean/Desktop/adjectives/powerless/powerless_2.png","adjectives/powerless/powerless_2.png","flatten_to_lemma","","1749370","15bb7fef0934b115e209ffa601d66290bf31c085f3a5c5fb11d91f31226af2c2","true","1749370","79e0a4727790955ea37fe400411733e1","image/png","false"
"adjectives","skip_verified","/Users/Sean/Desktop/adjectives/comparatives/prettier/prettier.png","adjectives/prettier/prettier.png","flatten_to_lemma","","1066864","a74399b2d5bb9c15e172cb8396072211395ad70006d80273664525698411b270","true","1066864","41acee1005324a219e9c71a17037eef9","image/png","false"
"adjectives","skip_verified","/Users/Sean/Desktop/adjectives/superlatives/prettiest/prettiest.png","adjectives/prettiest/prettiest.png","flatten_to_lemma","","836540","0f029cdea9a2034e67248635035ab55e03aa4489dcc9f8008ae9b9270f978528","true","836540","9993db359b025a6240d17f27082a195a","image/png","false"
"adjectives","skip_verified","/Users/Sean/Desktop/adjectives/pretty/pretty_1.png","adjectives/pretty/pretty_1.png","flatten_to_lemma","","3141988","b69797a7bf7b655de9db77e920264b750fb021ac5164d4629bb99386946b7d78","true","3141988","d8b29d812dcedede1a930199c3faec1a","image/png","false"
"adjectives","skip_verified","/Users/Sean/Desktop/adjectives/pretty/pretty_2.png","adjectives/pretty/pretty_2.png","flatten_to_lemma","","4105454","b1a048139fc2f937c3ec4ae9b7e3cd58affa57df0d1d7bae77bdec2a78692fcf","true","4105454","de3ea1b62ef0c5c5e6d6251cce2fba2d","image/png","false"
"adjectives","skip_verified","/Users/Sean/Desktop/adjectives/proud/proud_1.png","adjectives/proud/proud_1.png","flatten_to_lemma","","1914658","2d6fc9ac602730d6bee4e560f530bc6aacd4f2be4d269494dd37de60217be0bd","true","1914658","97de3295437d411424f70e8299f128d0","image/png","false"
"adjectives","skip_verified","/Users/Sean/Desktop/adjectives/proud/proud_2.png","adjectives/proud/proud_2.png","flatten_to_lemma","","2091697","ecedf986dedce4291aa909183cb10ba8b1b2105e5aebb50e6a8833c7dea2f7ed","true","2091697","4e9d469c9af0a1d85a1b6970c4466518","image/png","false"
"adjectives","skip_verified","/Users/Sean/Desktop/adjectives/purple/purple_1.png","adjectives/purple/purple_1.png","flatten_to_lemma","","1442667","b9cecf71b5a2420857277aada387d7cc93788849604e52216d7558847cf88140","true","1442667","781ba786031fabc9a45fd64bd7f02a75","image/png","false"
"adjectives","skip_verified","/Users/Sean/Desktop/adjectives/purple/purple_2.png","adjectives/purple/purple_2.png","flatten_to_lemma","","1724146","2e7b0860cab9fa666ca2cb99b3d8b479d18c87873c64bf148c9edf1c3b66ce5a","true","1724146","954cd6f98b7d7a5dd3e4fcac02eb4fbb","image/png","false"
"adjectives","skip_verified","/Users/Sean/Desktop/adjectives/quick/quick_1.png","adjectives/quick/quick_1.png","flatten_to_lemma","","2466969","f27f7241cefa2d876344f67385609471093d2f1ad114121b10744db7ae22618f","true","2466969","3fb17e0da36ad8a2c7fd1032b0e5b19a","image/png","false"
"adjectives","skip_verified","/Users/Sean/Desktop/adjectives/quick/quick_2.png","adjectives/quick/quick_2.png","flatten_to_lemma","","2655712","1c508733a7b8f8a57797921c39f6e496f2862459d63bf9cf07b957bfe2e75a9b","true","2655712","837101881c4331bfa110210f5c4722e5","image/png","false"
"adjectives","skip_verified","/Users/Sean/Desktop/adjectives/comparatives/quicker/quicker.png","adjectives/quicker/quicker.png","flatten_to_lemma","","642992","aeb620bc5d299203fc2cbcc7d7d5867dde8046fcea1f1bf96edbbc2d017fcb2b","true","642992","8ae9167acb85dfb3567136d54cd18fb1","image/png","false"
"adjectives","skip_verified","/Users/Sean/Desktop/adjectives/superlatives/quickest/quickest.png","adjectives/quickest/quickest.png","flatten_to_lemma","","658645","b6238c7335963d16e30ef55f618afa5c14bd76e91f6edb194fdf0137ba47dfdf","true","658645","6e6ea419edc6211b62e903f274e56472","image/png","false"
"adjectives","skip_verified","/Users/Sean/Desktop/adjectives/adverbs/quickly/quickly.png","adjectives/quickly/quickly.png","flatten_to_lemma","","759634","19b853e4306ab910c38921ff56a15ecb52f826af7880de058fcd362c8cce32ae","true","759634","fbd7ad8290d705e301a361b2900a0f92","image/png","false"
"adjectives","skip_verified","/Users/Sean/Desktop/adjectives/quiet/quiet_1.png","adjectives/quiet/quiet_1.png","flatten_to_lemma","","2718843","9265e4bc15a2a406a2e972ec74d71a206095aa5c362c04a3c6e8640fd354d90b","true","2718843","98f08f11dd42539ac78edec6b26d78df","image/png","false"
"adjectives","skip_verified","/Users/Sean/Desktop/adjectives/quiet/quiet_2.png","adjectives/quiet/quiet_2.png","flatten_to_lemma","","2040006","1171e9d0a49ecdc90256233538e24511d737e9c9e226a92db9c9ca58af80aa46","true","2040006","b1c5f331afc4c796b4876eb420ce1c24","image/png","false"
"adjectives","skip_verified","/Users/Sean/Desktop/adjectives/adverbs/quietly/quietly.png","adjectives/quietly/quietly.png","flatten_to_lemma","","646478","662afb2fd1d82d867f203c37f792561d3e85d5c067ca3567cee189768991f90b","true","646478","d6c33e666f99826e7c0c4bd8e95f4f97","image/png","false"
"adjectives","skip_verified","/Users/Sean/Desktop/adjectives/red/red_1.png","adjectives/red/red_1.png","flatten_to_lemma","","1488242","084a30ea7ddbd8b136e4982a794d33f893dd01d1fbea8fcbee6b633486b8a055","true","1488242","b1272b6816f45a1da9385db392aa1e6e","image/png","false"
"adjectives","skip_verified","/Users/Sean/Desktop/adjectives/red/red_2.png","adjectives/red/red_2.png","flatten_to_lemma","","1510914","8d4e14d0260b81b8c90742ea909f6d1717118830a357b9d20b77a3fc883540b9","true","1510914","021f62bbf33b575b79db9193cb96795a","image/png","false"
"adjectives","skip_verified","/Users/Sean/Desktop/adjectives/relaxed/relaxed_1.png","adjectives/relaxed/relaxed_1.png","flatten_to_lemma","","2665784","04ffc518d9b08d0efb09dfef15ad0cf3fb81c50e23f75e69ac0db2feb3a9a61c","true","2665784","78895a89ab4d6293afebfcd46c82542e","image/png","false"
"adjectives","skip_verified","/Users/Sean/Desktop/adjectives/relaxed/relaxed_2.png","adjectives/relaxed/relaxed_2.png","flatten_to_lemma","","3487572","820f95a6e7dc7ac019d5c591c45a68cc262f0c3d3e4bce75f5cc3e6f80f7f850","true","3487572","054f109f2bef903fac7e0a335a14a844","image/png","false"
"adjectives","skip_verified","/Users/Sean/Desktop/adjectives/respectful/respectful_1.png","adjectives/respectful/respectful_1.png","flatten_to_lemma","","2548722","67d9ecaa5c40a277a058f2b4acf9770b8556355bcfaa02af4411d2774f3210d8","true","2548722","6cc1ede65c04de9bb8cafff580311986","image/png","false"
"adjectives","skip_verified","/Users/Sean/Desktop/adjectives/respectful/respectful_2.png","adjectives/respectful/respectful_2.png","flatten_to_lemma","","2363427","a0d797e355f23fcb8e08e529ab6606be9c3e17338cfa6e6695cde90a86c08c31","true","2363427","f0f882e78e65101447abe08797a0b758","image/png","false"
"adjectives","skip_verified","/Users/Sean/Desktop/adjectives/restless/restless_1.png","adjectives/restless/restless_1.png","flatten_to_lemma","","2964559","b950da3bbdd534f31494f4c2bbecfdb34da5a8785583c0a88de96e431a4b3868","true","2964559","21e421c1cf6581effdd23c2f1fe11c97","image/png","false"
"adjectives","skip_verified","/Users/Sean/Desktop/adjectives/restless/restless_2.png","adjectives/restless/restless_2.png","flatten_to_lemma","","2967404","fad464900fc59b4a2fbf94a85d265d24151f8d83cd2a3efaab0687a87291552a","true","2967404","829b031f2560edbbf045553ca8551da0","image/png","false"
"adjectives","skip_verified","/Users/Sean/Desktop/adjectives/rude/rude_1.png","adjectives/rude/rude_1.png","flatten_to_lemma","","1254441","10e576651b80c49fdae4b0962b6c3bbdffcc0e435dc7dc72b54768457ae28db4","true","1254441","decc17b9ea3d278964d0dcc4fb059852","image/png","false"
"adjectives","skip_verified","/Users/Sean/Desktop/adjectives/rude/rude_2.png","adjectives/rude/rude_2.png","flatten_to_lemma","","2056391","1140bdab415215e1886f74a6c3c61f4cdfcd0da06fa1ec55a10b3906568d8135","true","2056391","b728f3c6c0e944822015e2cf8341186c","image/png","false"
"adjectives","skip_verified","/Users/Sean/Desktop/adjectives/adverbs/rudely/rudely.png","adjectives/rudely/rudely.png","flatten_to_lemma","","788843","3523c958ec3eac1512f279d7af3301686ddcccdfe0b9e7316f4f7adb30229e0e","true","788843","f50e3c4bae2936cc6855d99481e0eb59","image/png","false"
"adjectives","skip_verified","/Users/Sean/Desktop/adjectives/sad/sad_1.png","adjectives/sad/sad_1.png","flatten_to_lemma","","1742209","55c660c2e8180174ef78a3b6bd489fe83244c0077724099753909f25f25a6c4e","true","1742209","ffa4a58df17c7064519ce5772fc10ea9","image/png","false"
"adjectives","skip_verified","/Users/Sean/Desktop/adjectives/sad/sad_2.png","adjectives/sad/sad_2.png","flatten_to_lemma","","2012261","4ff1fc5ee430c681c9fdebc40588a2ff6fc2ff160fa963927d3561fff791c2b8","true","2012261","1cada83b77a69b46f56c0445d22ca4b7","image/png","false"
"adjectives","skip_verified","/Users/Sean/Desktop/adjectives/safe/safe_1.png","adjectives/safe/safe_1.png","flatten_to_lemma","","2846004","c10d39f669e228a8ca2f67c9406b9b0ac7cb18095d118d00ce0b504f4f72b4f7","true","2846004","76a474c2e8bda80c66b17bb150a73359","image/png","false"
"adjectives","skip_verified","/Users/Sean/Desktop/adjectives/safe/safe_2.png","adjectives/safe/safe_2.png","flatten_to_lemma","","2685383","1867b529e105931d21530f91ce11d3f7549128e0c0a9b754d32922764391832c","true","2685383","cc66578b8bdc3a2a874ace8efb6adff1","image/png","false"
"adjectives","skip_verified","/Users/Sean/Desktop/adjectives/adverbs/safely/safely.png","adjectives/safely/safely.png","flatten_to_lemma","","868957","ad7ba3891f29e293ddf86609f820d53cf020d154e646f1240028c4a941dda95d","true","868957","81c190bb4db3d35c8a3c8d5df2bbf95d","image/png","false"
"adjectives","skip_verified","/Users/Sean/Desktop/adjectives/salty/salty_1.png","adjectives/salty/salty_1.png","flatten_to_lemma","","621455","ba510138246666039b6ebe4ecec713d85899e5219ced19e44e4c1231d91bfd74","true","621455","a2a34657944ac106ac27594f4c5ce825","image/png","false"
"adjectives","skip_verified","/Users/Sean/Desktop/adjectives/salty/salty_2.png","adjectives/salty/salty_2.png","flatten_to_lemma","","568384","3b403ef8c22e9daa0db7fee8b9f9012c408b22069c4443ebb6e1ffba6edee662","true","568384","0abde280d66e81f63903ba9caa2393f4","image/png","false"
"adjectives","skip_verified","/Users/Sean/Desktop/adjectives/satisfied/satisfied_1.png","adjectives/satisfied/satisfied_1.png","flatten_to_lemma","","2736407","bf4b27dd3d1cac4d82d5c5560d35e9264d3797facfbd4053d8afef9ce8e24d2c","true","2736407","8000dc7a6bfb79373fd6b332dbfaa1c1","image/png","false"
"adjectives","skip_verified","/Users/Sean/Desktop/adjectives/satisfied/satisfied_2.png","adjectives/satisfied/satisfied_2.png","flatten_to_lemma","","3153491","0880e31e621ae34334b25369209f9aeee6a663eecf1e84d877ff2821a296a8a7","true","3153491","0a67be7c0fdb53e7f61e1c9ddfc821ae","image/png","false"
"adjectives","skip_verified","/Users/Sean/Desktop/adjectives/scared/scared_1.png","adjectives/scared/scared_1.png","flatten_to_lemma","","2758061","d6d001b214cb7f3db5ef718fad68fd8c20acc19cf452d2d34610fe3652bd636d","true","2758061","11b18c185e9ee24cf1b4d108aadfd941","image/png","false"
"adjectives","skip_verified","/Users/Sean/Desktop/adjectives/scared/scared_2.png","adjectives/scared/scared_2.png","flatten_to_lemma","","3636894","008b6e10543eafc525f6541b2b93b1c7c12416f0e31f40ba150cb66aa401e902","true","3636894","a185e4aed0f2d8270684a9005ef9959b","image/png","false"
"adjectives","skip_verified","/Users/Sean/Desktop/adjectives/shallow/shallow_1.png","adjectives/shallow/shallow_1.png","flatten_to_lemma","","3066503","5dfc5965bd68ae538e1404264876c4c7c746f2e1a2f80be1ffc8fa6746d97763","true","3066503","988813c9a9363fecf6264f46588009d9","image/png","false"
"adjectives","skip_verified","/Users/Sean/Desktop/adjectives/shallow/shallow_2.png","adjectives/shallow/shallow_2.png","flatten_to_lemma","","2802607","becb9f92f156af0cf5d5f870f036cf9a188573b0f1760f94d5fcb5172d7ac88a","true","2802607","170956b7a9bbbf75cebfbc1c75269cc0","image/png","false"
"adjectives","skip_verified","/Users/Sean/Desktop/adjectives/shiny/shiny_1.png","adjectives/shiny/shiny_1.png","flatten_to_lemma","","2324005","978822b9431138f4e09751f27f13c5ffcdd773c3b83de15cb45537122eb9bb2c","true","2324005","acbbf58ec11672494211470c2ce79655","image/png","false"
"adjectives","skip_verified","/Users/Sean/Desktop/adjectives/shiny/shiny_2.png","adjectives/shiny/shiny_2.png","flatten_to_lemma","","2394003","2fa7135666e66c8251ae51f4123cbb9293b1bcefafc036b8267d33bf25574a97","true","2394003","be5d816a45dc2b676bf0bed904a1b755","image/png","false"
"adjectives","skip_verified","/Users/Sean/Desktop/adjectives/shocked/shocked_1.png","adjectives/shocked/shocked_1.png","flatten_to_lemma","","2917751","925059d7e588f7bdd98b6577c615e21da568931c2b1b9f0fa8d2a51a11c9e975","true","2917751","ee58bb298d5d121bbbc516606fac2816","image/png","false"
"adjectives","skip_verified","/Users/Sean/Desktop/adjectives/shocked/shocked_2.png","adjectives/shocked/shocked_2.png","flatten_to_lemma","","2917776","e946b8ceab77fd871834d95f7dad6b0e5646d101f36c8d24a5bae352d967d486","true","2917776","30b97da892bbaaf9da029bfb64cf7921","image/png","false"
"adjectives","skip_verified","/Users/Sean/Desktop/adjectives/short_hair/short_hair_1.png","adjectives/short_hair/short_hair_1.png","flatten_to_lemma","","2659711","a80b3e21e588f40d9fbf7cc76855a4eee143e0ab9d465245eb4215a00e5584c1","true","2659711","63b71974d534fd2bbb4da95cfcb3f8c5","image/png","false"
"adjectives","skip_verified","/Users/Sean/Desktop/adjectives/short_hair/short_hair_2.png","adjectives/short_hair/short_hair_2.png","flatten_to_lemma","","2835861","508530cfb35eabda7be44ee63639fcc441ceaa80624a2f88ef6d418a3eb1dbeb","true","2835861","b8a0167db340913db9e16f2d93d5c739","image/png","false"
"adjectives","skip_verified","/Users/Sean/Desktop/adjectives/short/short_1.png","adjectives/short/short_1.png","flatten_to_lemma","","1541687","d87143153d5c3c13e13b42847b5c50019664cd061d87df7bdaa30a7fdca0afe1","true","1541687","e6e6fdffd95854484db5b34b50cfbde0","image/png","false"
"adjectives","skip_verified","/Users/Sean/Desktop/adjectives/short/short_2.png","adjectives/short/short_2.png","flatten_to_lemma","","3067509","90a899395dc38aa76b03dace07dc8226bc17480ae8397a046f2f2d77107e3be9","true","3067509","6a7a1d6e08e51a103f383c925fa80b23","image/png","false"
"adjectives","skip_verified","/Users/Sean/Desktop/adjectives/comparatives/shorter/shorter.png","adjectives/shorter/shorter.png","flatten_to_lemma","","421050","4cbef8a2d61477f6b1be269566b87d7e465593a91be1692f3aed044ae9b63cfb","true","421050","0a220f66c4817e363720a112318a60e5","image/png","false"
"adjectives","skip_verified","/Users/Sean/Desktop/adjectives/superlatives/shortest/shortest.png","adjectives/shortest/shortest.png","flatten_to_lemma","","491172","eccf5bddd5059fbf65698e8e631c2522625eaf45f6ca720901cb148415263bac","true","491172","04d3ccb01b495ae31cdf6fba666ee89b","image/png","false"
"adjectives","skip_verified","/Users/Sean/Desktop/adjectives/shy/shy_1.png","adjectives/shy/shy_1.png","flatten_to_lemma","","1935001","44d4e5fc2d39409f0fadb487813b2cee3d880b14032353895d93080039ae07c7","true","1935001","9e6a07a2e37210cb7d24d9034dd2aad1","image/png","false"
"adjectives","skip_verified","/Users/Sean/Desktop/adjectives/shy/shy_2.png","adjectives/shy/shy_2.png","flatten_to_lemma","","2777650","0070054cc9d87db6fc880b1847fe0381c2f587c7d5761d8ce5513eedf3b615e5","true","2777650","168d30a755b14b5d68563093ef64bebf","image/png","false"
"adjectives","skip_verified","/Users/Sean/Desktop/adjectives/silly/silly_1.png","adjectives/silly/silly_1.png","flatten_to_lemma","","981491","ff81add7fa072e7adb0bc30fe40e2c9e384e25c77753d23588455fbe30fa301e","true","981491","8737ff8c23af25b139c145b0e9a88dbc","image/png","false"
"adjectives","skip_verified","/Users/Sean/Desktop/adjectives/silly/silly_2.png","adjectives/silly/silly_2.png","flatten_to_lemma","","2952323","c1758b0b5dd681ae6f070bd3a790bf88f646d03c16f34a0a27e858e901e9d96e","true","2952323","baa565ba70b2d3b45a3c4039929c6bf9","image/png","false"
"adjectives","skip_verified","/Users/Sean/Desktop/adjectives/simple/simple_1.png","adjectives/simple/simple_1.png","flatten_to_lemma","","477112","89a1e7be80b0f333a760e7ee1e79219eaa252d9cd12a283ba64db0bb4f8b90ab","true","477112","9ec4caac92ccbe44aa4da73c48eb74d0","image/png","false"
"adjectives","skip_verified","/Users/Sean/Desktop/adjectives/simple/simple_2.png","adjectives/simple/simple_2.png","flatten_to_lemma","","817325","341d5505d3477f85804575e282738da30c5f936917c5183cdb9a94bb612912b9","true","817325","807d0410dbe51686276d7f7a157e1abf","image/png","false"
"adjectives","skip_verified","/Users/Sean/Desktop/adjectives/sleepy/sleepy_1.png","adjectives/sleepy/sleepy_1.png","flatten_to_lemma","","1847371","05cb9f51edf655d9963bd7131579c15cab1794dca18b123adcf040506ea1c34e","true","1847371","caded9ab5768e8cf6ed760a942dab3ba","image/png","false"
"adjectives","skip_verified","/Users/Sean/Desktop/adjectives/sleepy/sleepy_2.png","adjectives/sleepy/sleepy_2.png","flatten_to_lemma","","2086002","5b7e9ebc97d62350eb80056be94357b3db842b5e5f07ac7583316d6d582c1291","true","2086002","1841cb5d693a96ce80fa8ce18e479db8","image/png","false"
"adjectives","skip_verified","/Users/Sean/Desktop/adjectives/slow/slow_1.png","adjectives/slow/slow_1.png","flatten_to_lemma","","2322221","2d117eeffd837775399fd700b9748458ba598e3a191141de9a6b739789647b23","true","2322221","1aa10657adc4436efc20b91faf9d1422","image/png","false"
"adjectives","skip_verified","/Users/Sean/Desktop/adjectives/slow/slow_2.png","adjectives/slow/slow_2.png","flatten_to_lemma","","2756746","8a21d824d41a24241b7aa8306b617fdd1619579f2ae75881fe1e6c1dbd46e787","true","2756746","d5f0d23aa1d491322588039bb43eb602","image/png","false"
"adjectives","skip_verified","/Users/Sean/Desktop/adjectives/comparatives/slower/slower.png","adjectives/slower/slower.png","flatten_to_lemma","","302491","d8d75154af6e7e5ad0dd3e9d9a8ecb76f000b9373d5e0435d7090cb4f5dfca13","true","302491","5af97259d6f749ef392e418c0627f1f6","image/png","false"
"adjectives","skip_verified","/Users/Sean/Desktop/adjectives/superlatives/slowest/slowest.png","adjectives/slowest/slowest.png","flatten_to_lemma","","289766","ccb8c2ecce5927d6cf8b52275c3ef7e31fc0b3f8649320d6bb3370ef4605930d","true","289766","f770285727a7d6db22a5a24c6512fdec","image/png","false"
"adjectives","skip_verified","/Users/Sean/Desktop/adjectives/adverbs/slowly/slowly.png","adjectives/slowly/slowly.png","flatten_to_lemma","","470477","47fcc3eb954a6f8ff2704573f714c4b88b1c6d9c1fa4b4dd67aa0b6f8dcd1d7b","true","470477","568a1ebe1c3bea22017ed43f9ebcb7db","image/png","false"
"adjectives","skip_verified","/Users/Sean/Desktop/adjectives/small/small_1.png","adjectives/small/small_1.png","flatten_to_lemma","","374899","d6c8914c60fad1110584bed17a91a3303e656c1fb9a4db9da0912c86766fae9d","true","374899","d05bd3e40c9630eb44dd8902c958d23e","image/png","false"
"adjectives","skip_verified","/Users/Sean/Desktop/adjectives/small/small_2.png","adjectives/small/small_2.png","flatten_to_lemma","","1530308","7dacd136887fd7a7460208abed1d113dee793e4aab74986b53f0bd9ff03b20ef","true","1530308","4e8d15581fb34e52c889dc6a3520824e","image/png","false"
"adjectives","skip_verified","/Users/Sean/Desktop/adjectives/comparatives/smaller/smaller.png","adjectives/smaller/smaller.png","flatten_to_lemma","","555154","8292a92c1d30ea553a7c6bcf18bf4ecebd1045acaead8cb49cc73e96b2fe79f0","true","555154","65f72649cb958ce58f76fbfdabde35aa","image/png","false"
"adjectives","skip_verified","/Users/Sean/Desktop/adjectives/superlatives/smallest/smallest.png","adjectives/smallest/smallest.png","flatten_to_lemma","","494879","cbf22d7c7080bb71e09611cb7ba42ea6531ef688f6513f11b322175807d3b5d4","true","494879","d6b2d4a0d8b9436b9a7468427252a557","image/png","false"
"adjectives","skip_verified","/Users/Sean/Desktop/adjectives/smart/smart_1.png","adjectives/smart/smart_1.png","flatten_to_lemma","","1488397","8f4c6d43e673f495fe2093fc4c8a79b5d8030b95587d5f025864dbb000cace52","true","1488397","02c66a6706944d9f90f608c3d958efb3","image/png","false"
"adjectives","skip_verified","/Users/Sean/Desktop/adjectives/smart/smart_2.png","adjectives/smart/smart_2.png","flatten_to_lemma","","1813681","e90d13718f655dab6608cecebde6d6e3cd9590fc4d6f0b2a040319918f70455b","true","1813681","d23ccd9c4baaf9655ba23d7552fa4553","image/png","false"
"adjectives","skip_verified","/Users/Sean/Desktop/adjectives/soft/soft_1.png","adjectives/soft/soft_1.png","flatten_to_lemma","","902750","7276badb94fd14cc2728ec3aca9efaf0c2269dcf10614d24552fe3c5055f88c4","true","902750","b1167516b5502547f40a3f898285570e","image/png","false"
"adjectives","skip_verified","/Users/Sean/Desktop/adjectives/soft/soft_2.png","adjectives/soft/soft_2.png","flatten_to_lemma","","623813","cfd83945f7c34ea93aa045e621b4226f39c10990fae4303a993510cc6e2d598b","true","623813","dbf31adbb76fc4ac92eb1a023073d51f","image/png","false"
"adjectives","skip_verified","/Users/Sean/Desktop/adjectives/adverbs/softly/softly.png","adjectives/softly/softly.png","flatten_to_lemma","","762619","991cc2d9d1790d284ba0b7f034f602d8ba4a77466834a0ca1c49f3c7ac9935aa","true","762619","18da24385359c262c1df910493db7ea7","image/png","false"
"adjectives","skip_verified","/Users/Sean/Desktop/adjectives/sour/sour_1.png","adjectives/sour/sour_1.png","flatten_to_lemma","","941457","14432ba6c9cf3d7977d13c5ebeca66d80c6a0d4bdf2e93e56338e72caab2f70c","true","941457","df44505c7343a4496a6fd0cd7e3be680","image/png","false"
"adjectives","skip_verified","/Users/Sean/Desktop/adjectives/sour/sour_2.png","adjectives/sour/sour_2.png","flatten_to_lemma","","514602","16ce791f76af3e67d9248b25938207ade57a73dfe2c1e4884dffb4263591b512","true","514602","1395a4386c94f5ac5890e412aafc6127","image/png","false"
"adjectives","skip_verified","/Users/Sean/Desktop/adjectives/spicy/spicy_1.png","adjectives/spicy/spicy_1.png","flatten_to_lemma","","627528","9e0ba2a1dab48e12902c81508d6559e2d6bae0b8421c72890555f61271768a9d","true","627528","33eb28fe1141f1c38b1ab3c3c31ca126","image/png","false"
"adjectives","skip_verified","/Users/Sean/Desktop/adjectives/spicy/spicy_2.png","adjectives/spicy/spicy_2.png","flatten_to_lemma","","559926","368507697f106c1f05a3016f9f6000bfba22216e5d97c7335c891a64b48b325f","true","559926","9fc85028056dd9944b7f5e1f610cb829","image/png","false"
"adjectives","skip_verified","/Users/Sean/Desktop/adjectives/straight_hair/straight_hair_1.png","adjectives/straight_hair/straight_hair_1.png","flatten_to_lemma","","2653514","231e510a1bc37167959010a8336c78be494a36698349f58ca118667631068ba8","true","2653514","6640f75a70fa9cf366b8cf7905c0b216","image/png","false"
"adjectives","skip_verified","/Users/Sean/Desktop/adjectives/straight_hair/straight_hair_2.png","adjectives/straight_hair/straight_hair_2.png","flatten_to_lemma","","2796240","e080ad20e4eac2fc3e58dd65fc1cc76d95555ed447cf7d4bc54e3051693f000d","true","2796240","b8935478b9259f09ff420842e5e077e8","image/png","false"
"adjectives","skip_verified","/Users/Sean/Desktop/adjectives/straight/straight_1.png","adjectives/straight/straight_1.png","flatten_to_lemma","","1077247","cb50be50267d659138a59fdb38e3946b043aeaaf001b739f889c2a2aae724930","true","1077247","d1239da7282744cd3dd153c193232299","image/png","false"
"adjectives","skip_verified","/Users/Sean/Desktop/adjectives/straight/straight_2.png","adjectives/straight/straight_2.png","flatten_to_lemma","","441440","1f51de359b0807f1619c13ab6eafc90cc47d3c33840259d2ea20a5bc1e791f3e","true","441440","9fa0013e0bade3c8253dd9e022907c3e","image/png","false"
"adjectives","skip_verified","/Users/Sean/Desktop/adjectives/stressed/stressed_1.png","adjectives/stressed/stressed_1.png","flatten_to_lemma","","2943004","1cb941b9ec680c486301809898bd7927b80276699cd09787aed94fa03f386f4d","true","2943004","e1ea5ba778da503867b82fc998cab746","image/png","false"
"adjectives","skip_verified","/Users/Sean/Desktop/adjectives/stressed/stressed_2.png","adjectives/stressed/stressed_2.png","flatten_to_lemma","","3296415","829d6eedd9b1c2758a2244700b54630f5cfdec12b52cdc5ee1a68d04abf9b4d1","true","3296415","d8f5cd220b4dad54421b81631c460aba","image/png","false"
"adjectives","skip_verified","/Users/Sean/Desktop/adjectives/strong/strong_1.png","adjectives/strong/strong_1.png","flatten_to_lemma","","2645569","3c3e5d50b92398f47a8e424812d48d2ddd18fa1673ec2f46eb62d7443c9591b1","true","2645569","28fe665117f5d803bf12365be112328b","image/png","false"
"adjectives","skip_verified","/Users/Sean/Desktop/adjectives/strong/strong_2.png","adjectives/strong/strong_2.png","flatten_to_lemma","","1777111","7dddaff23af75608c38155c3bff2c1524e2a12d8f5bc5742afdf7dd02e2a257c","true","1777111","3bb72b7fe37662ca566e8e9da15d49d1","image/png","false"
"adjectives","skip_verified","/Users/Sean/Desktop/adjectives/successful/successful_1.png","adjectives/successful/successful_1.png","flatten_to_lemma","","2573637","45701cf32fede014054e2cec5dccdd607b4930e76f526e703e6d6de75040a974","true","2573637","92dd915cd8d3325b06cda3b0f2bc6a6b","image/png","false"
"adjectives","skip_verified","/Users/Sean/Desktop/adjectives/successful/successful_2.png","adjectives/successful/successful_2.png","flatten_to_lemma","","2835537","44c9a9e777d52d862dcf04a41605aade9a51f4d89bab0e9411fc91601c0c04c9","true","2835537","d161dbbf51d0ed967fc24d2c76c66941","image/png","false"
"adjectives","skip_verified","/Users/Sean/Desktop/adjectives/adverbs/successfully/successfully.png","adjectives/successfully/successfully.png","flatten_to_lemma","","763667","be654611dbaf550d496ad8fbedb99eb516bcb1062e4f34eb987bd39d33945c73","true","763667","dc9034abdbab811d50e2020b9f00b714","image/png","false"
"adjectives","skip_verified","/Users/Sean/Desktop/adjectives/surprised/surprised_1.png","adjectives/surprised/surprised_1.png","flatten_to_lemma","","2603922","035f9cae97b8c64366894da3f09f2c1d8a94377f56e56c28d593135ce7cb5869","true","2603922","6871bfdb7bafcb22c9eea6d382059eec","image/png","false"
"adjectives","skip_verified","/Users/Sean/Desktop/adjectives/surprised/surprised_2.png","adjectives/surprised/surprised_2.png","flatten_to_lemma","","3171106","cfa36657f0937a4060b950ac369619921072f2372063c18eb7676a8dbcc9b182","true","3171106","b36b42f2df0260dd33c76eff124c5289","image/png","false"
"adjectives","skip_verified","/Users/Sean/Desktop/adjectives/sweet/sweet_1.png","adjectives/sweet/sweet_1.png","flatten_to_lemma","","911071","5bcacc8118148c7e46a3f06f83b4964bbc86e878c975993f15483511d66c6605","true","911071","f57cb98f51f5e3da86618c370f5d1e38","image/png","false"
"adjectives","skip_verified","/Users/Sean/Desktop/adjectives/sweet/sweet_2.png","adjectives/sweet/sweet_2.png","flatten_to_lemma","","501946","c894140b31265fc7ef10d1c9aa398bc819de9a544fe022c7cd9c7da651938030","true","501946","cbbde41da072d09d88a51df2a28f05f9","image/png","false"
"adjectives","skip_verified","/Users/Sean/Desktop/adjectives/tall/tall_1.png","adjectives/tall/tall_1.png","flatten_to_lemma","","464450","dc37994777d053103ae5388b4697a9c5930c39cefc8bc8bb195aa54737007dd9","true","464450","01c44303a4687e1f41332dd3db1b0505","image/png","false"
"adjectives","skip_verified","/Users/Sean/Desktop/adjectives/tall/tall_2.png","adjectives/tall/tall_2.png","flatten_to_lemma","","2519185","fd6929eebe9e0523a72ee4cdb590180563e4f203209a31bd19313981586cfe0d","true","2519185","5d8cd53c70856ce8b208145fa28ebce0","image/png","false"
"adjectives","skip_verified","/Users/Sean/Desktop/adjectives/comparatives/taller/taller.png","adjectives/taller/taller.png","flatten_to_lemma","","771766","25a09cc91ec0f9602969ec7a8f71b6171919585209d88490b7bae848659f91f5","true","771766","e23d754925aed3b9baf032747052c4cd","image/png","false"
"adjectives","skip_verified","/Users/Sean/Desktop/adjectives/superlatives/tallest/tallest.png","adjectives/tallest/tallest.png","flatten_to_lemma","","957266","4baf807795a48899a0647ded1b99e479aafbad211f567f837aa989c7f3a80f9d","true","957266","af41a58fe49089e585b2829150e6705c","image/png","false"
"adjectives","skip_verified","/Users/Sean/Desktop/adjectives/tasteful/tasteful_1.png","adjectives/tasteful/tasteful_1.png","flatten_to_lemma","","1173128","dac15388001bf0830b48b0a8c2c73c99102501476fc1ada182710b1f0ef52aea","true","1173128","991ff385b737811e1cb4d3394f4ecae6","image/png","false"
"adjectives","skip_verified","/Users/Sean/Desktop/adjectives/tasteful/tasteful_2.png","adjectives/tasteful/tasteful_2.png","flatten_to_lemma","","851294","1fd7fbe4558d93b9edbb041e728087aee6787640ef208d7082351de79516a0ab","true","851294","7f95354d7fefa5e9e33f5904e12c9424","image/png","false"
"adjectives","skip_verified","/Users/Sean/Desktop/adjectives/tasteless/tasteless_1.png","adjectives/tasteless/tasteless_1.png","flatten_to_lemma","","1201931","25abccaaebe56c1be4ae3a9f6260164653f9f8083a056594df54852c65cd33d2","true","1201931","c763a6e6cc5e8279ca4faadd979b68b7","image/png","false"
"adjectives","skip_verified","/Users/Sean/Desktop/adjectives/tasteless/tasteless_2.png","adjectives/tasteless/tasteless_2.png","flatten_to_lemma","","517705","658ab1c8a37864c786d244082135692a5097d2481fc9dd37afff4835f3933acc","true","517705","88a9157e678ddec504a7e0bb84a5f0b5","image/png","false"
"adjectives","skip_verified","/Users/Sean/Desktop/adjectives/terrified/terrified_1.png","adjectives/terrified/terrified_1.png","flatten_to_lemma","","3247503","de1e68ff50fcf019b0ec1c6843012067cf399675e12eac2638ae498c70062b93","true","3247503","e7f41d46b9b40f4a759b951ab02c93cb","image/png","false"
"adjectives","skip_verified","/Users/Sean/Desktop/adjectives/terrified/terrified_2.png","adjectives/terrified/terrified_2.png","flatten_to_lemma","","3143100","ed37d71eb6e0ff57d730e301c0821663bf1cdb296f6a73af150ea8f4b6046e72","true","3143100","2f669c2624ca22d554894e3639c28983","image/png","false"
"adjectives","skip_verified","/Users/Sean/Desktop/adjectives/thankful/thankful_1.png","adjectives/thankful/thankful_1.png","flatten_to_lemma","","1453061","4b831c019da69edb06a0dea171351d0719d3dbf3c9d67729e6262591bc7d55c7","true","1453061","0af0e9cbab62a420523c09a4a291b274","image/png","false"
"adjectives","skip_verified","/Users/Sean/Desktop/adjectives/thankful/thankful_2.png","adjectives/thankful/thankful_2.png","flatten_to_lemma","","1958857","ce26419b3b7960eb13290df58991c77cc75df656bf8f29b9525688eab96d27e7","true","1958857","06587cf004f0721ddaa88fffe6b731ae","image/png","false"
"adjectives","skip_verified","/Users/Sean/Desktop/adjectives/thick/thick_1.png","adjectives/thick/thick_1.png","flatten_to_lemma","","1164969","a653e5813e7dbef666cca69e3a49bbe56a1684f865e7594196780466f524a105","true","1164969","6f8d25b756217b4b2fe30f0deb155d97","image/png","false"
"adjectives","skip_verified","/Users/Sean/Desktop/adjectives/thick/thick_2.png","adjectives/thick/thick_2.png","flatten_to_lemma","","4565787","306a4b652a0b7f93caca4c1d4ac398ca019319fd2ab45866509e80277a8b2574","true","4565787","b67c556365dcaa06dd7b6fcac8be7edf","image/png","false"
"adjectives","skip_verified","/Users/Sean/Desktop/adjectives/thin/thin_1.png","adjectives/thin/thin_1.png","flatten_to_lemma","","2530720","5e0ac74f3a1020077f95361da581becaa9099d020e4d620c79ca6b1f79a9e15a","true","2530720","51282700aa34578ab9599949b9ee8929","image/png","false"
"adjectives","skip_verified","/Users/Sean/Desktop/adjectives/thin/thin_2.png","adjectives/thin/thin_2.png","flatten_to_lemma","","3360385","4dee446c4dffb378a668cd72b21ca0bae7a1eeebc84617dbda6291330815164e","true","3360385","352c115df5e09ef20aea34aeaed2d7a5","image/png","false"
"adjectives","skip_verified","/Users/Sean/Desktop/adjectives/thirsty/thirsty_1.png","adjectives/thirsty/thirsty_1.png","flatten_to_lemma","","2544405","675f3fe9cdf586429e2bc0c59158f60933ec7c2f948b1f56e659e7a641ff8753","true","2544405","40a4e3f4a0cc49d137e7eee5a0fcdead","image/png","false"
"adjectives","skip_verified","/Users/Sean/Desktop/adjectives/thirsty/thirsty_2.png","adjectives/thirsty/thirsty_2.png","flatten_to_lemma","","3377210","98b7ecc50f2067d4a2d36537bb45ac51f4313fc168b2af29b824f5bd6e522d3b","true","3377210","f03a970d245abcd7aaaff48631b47511","image/png","false"
"adjectives","skip_verified","/Users/Sean/Desktop/adjectives/thoughtful/thoughtful_1.png","adjectives/thoughtful/thoughtful_1.png","flatten_to_lemma","","2546297","cc24e773db8583044629967a4cd00befd9e45939268caef6e82298e5e8b778ea","true","2546297","25b948ccd41860c3a16577757b66327d","image/png","false"
"adjectives","skip_verified","/Users/Sean/Desktop/adjectives/thoughtful/thoughtful_2.png","adjectives/thoughtful/thoughtful_2.png","flatten_to_lemma","","2961472","aceb85d8e61471d28b55053d2c59b7b44d43ce73322282963e0fa036e0d3e792","true","2961472","1e9c3e47876e4f7626b394951ab67b81","image/png","false"
"adjectives","skip_verified","/Users/Sean/Desktop/adjectives/comparatives/tinier/tinier.png","adjectives/tinier/tinier.png","flatten_to_lemma","","505298","9f6c7346ff6949e90219939770e3a63b259acd8717cf9b343b9c18dea1093303","true","505298","dd86ec3fa6d2fa7a03f66cae523c1ff4","image/png","false"
"adjectives","skip_verified","/Users/Sean/Desktop/adjectives/superlatives/tiniest/tiniest.png","adjectives/tiniest/tiniest.png","flatten_to_lemma","","424207","1c069b7ce7f20f9e82684a86bc9e79a3bab7c0b07bba43c194fad754413bb625","true","424207","9b8aaa619059e38b11a8b4dbc488f32d","image/png","false"
"adjectives","skip_verified","/Users/Sean/Desktop/adjectives/tiny/tiny_1.png","adjectives/tiny/tiny_1.png","flatten_to_lemma","","712639","480140153233b9b77b33a70e4699fe2ad9a591ccaf760620652e6e09dc520064","true","712639","c63147494018bc43c7465952332224cf","image/png","false"
"adjectives","skip_verified","/Users/Sean/Desktop/adjectives/tiny/tiny_2.png","adjectives/tiny/tiny_2.png","flatten_to_lemma","","1441469","71b781801935e01d2d63b24772a4b83bce417fa3bd6e65c92b393bf81ae4363e","true","1441469","92a9e22e82d6d9514d6abcc31b9684a6","image/png","false"
"adjectives","skip_verified","/Users/Sean/Desktop/adjectives/tired/tired_1.png","adjectives/tired/tired_1.png","flatten_to_lemma","","2650943","5b286683eeeb1ef417fcd5a047750f7933f575f0cfb45a732a5f510922d3a48e","true","2650943","d5f4fa04fc21467b3097438da69d2866","image/png","false"
"adjectives","skip_verified","/Users/Sean/Desktop/adjectives/tired/tired_2.png","adjectives/tired/tired_2.png","flatten_to_lemma","","2838311","7b5848d29e7ea50a60638cb727fc82124d9c99c818e88d08207bfb09de6b060a","true","2838311","fc3460b6f5187b0240f4baa05855079e","image/png","false"
"adjectives","skip_verified","/Users/Sean/Desktop/adjectives/ugly/ugly_1.png","adjectives/ugly/ugly_1.png","flatten_to_lemma","","2730317","3185381a941982955cf121805722f36518834e33d5a8f14e82621e7294e8a144","true","2730317","b8fdf2d2a3fe0f74dc624c118c320977","image/png","false"
"adjectives","skip_verified","/Users/Sean/Desktop/adjectives/ugly/ugly_2.png","adjectives/ugly/ugly_2.png","flatten_to_lemma","","3208211","9dc31a6b9dcad8f3538d0dade4145618f30b252968e1943f4b221fe8d33e4aef","true","3208211","db3298f62a8147b9a8dccf86e8c4ebb8","image/png","false"
"adjectives","skip_verified","/Users/Sean/Desktop/adjectives/unsuccessful/unsuccessful_1.png","adjectives/unsuccessful/unsuccessful_1.png","flatten_to_lemma","","2489644","a82b6b1265a815078bd8d1035c893c3cd99f76e0d00c2197e85850cbc0c34cee","true","2489644","790ecd12f1c5fbe8fd2fab0df29a0712","image/png","false"
"adjectives","skip_verified","/Users/Sean/Desktop/adjectives/unsuccessful/unsuccessful_2.png","adjectives/unsuccessful/unsuccessful_2.png","flatten_to_lemma","","3697519","7bd5904765b69eccd7dfd14601ec08a77cb816abd5358e06af9dbf708d3233f1","true","3697519","e481000d6f911c35fd861a3725865fe6","image/png","false"
"adjectives","skip_verified","/Users/Sean/Desktop/adjectives/useful/useful_1.png","adjectives/useful/useful_1.png","flatten_to_lemma","","2571580","adfa2c5a9fe5b512e307efdd66c69aa2edb860a8c4684dd4ebd5574fd225f789","true","2571580","191f7f54e4437a2e3a057c52f5832f37","image/png","false"
"adjectives","skip_verified","/Users/Sean/Desktop/adjectives/useful/useful_2.png","adjectives/useful/useful_2.png","flatten_to_lemma","","2938680","767562a8e29746459ee9bc35fbbf73a938f0c383d97f1377d3bd6a7011b75ca3","true","2938680","83867d9f9c124ccec0550c6f4f8490ad","image/png","false"
"adjectives","skip_verified","/Users/Sean/Desktop/adjectives/useless/useless_1.png","adjectives/useless/useless_1.png","flatten_to_lemma","","2889809","7ded5ae08d64cf886beee18dbe659327d8c71c772c61f275486c54c075acbbed","true","2889809","2f090871ded9c96ab08385c5a467da61","image/png","false"
"adjectives","skip_verified","/Users/Sean/Desktop/adjectives/useless/useless_2.png","adjectives/useless/useless_2.png","flatten_to_lemma","","3090697","d0efebb9dd2667a80bfac967fdb9a7d1605705047a6d44720e07882ef79c1c8d","true","3090697","55cea17324c21a42c207b2ef87e93e01","image/png","false"
"adjectives","skip_verified","/Users/Sean/Desktop/adjectives/wavy_hair/wavy_hair_1.png","adjectives/wavy_hair/wavy_hair_1.png","flatten_to_lemma","","2577140","874bcd8fdbf5e4b1115d67ff600e541f05e555a269ffd885bb58ff716b2b0294","true","2577140","2bc2081d0e41d2225b794f127e102ea0","image/png","false"
"adjectives","skip_verified","/Users/Sean/Desktop/adjectives/wavy_hair/wavy_hair_2.png","adjectives/wavy_hair/wavy_hair_2.png","flatten_to_lemma","","3036005","e9bb9c51063189f69ee4ccfe9d2f282577920dec59fe30b253e6bc540e1d5898","true","3036005","142bcb55d8d58da4e90c2a943cba8522","image/png","false"
"adjectives","skip_verified","/Users/Sean/Desktop/adjectives/weak/weak_1.png","adjectives/weak/weak_1.png","flatten_to_lemma","","1674389","57f168d98fdeb0f637408ec417bcde389da9c9f43e4fbe74117fb17abfbb4442","true","1674389","e1f22f5bd7ca83a16887fd2b42efabfc","image/png","false"
"adjectives","skip_verified","/Users/Sean/Desktop/adjectives/weak/weak_2.png","adjectives/weak/weak_2.png","flatten_to_lemma","","2303653","e059c94c7804ff05603e92382cc91e89767d0f5b432bad694d8b34a6e7956487","true","2303653","a7f22a042cae5b80fdf363ee96f2b919","image/png","false"
"adjectives","skip_verified","/Users/Sean/Desktop/adjectives/adverbs/well/well.png","adjectives/well/well.png","flatten_to_lemma","","572077","4172dd587402d445bebe1d2999743c835b71898de8b56b572eff7f75a1892982","true","572077","b82d784145ed8466705e296206946fa3","image/png","false"
"adjectives","skip_verified","/Users/Sean/Desktop/adjectives/wet/wet_1.png","adjectives/wet/wet_1.png","flatten_to_lemma","","2556469","c0b6d320536954d1efc35fe88cba44cdbb5b150d916dc6014b335071a93e66e8","true","2556469","7ec2dc7289f96b4c2c128aba9e0bcfa5","image/png","false"
"adjectives","skip_verified","/Users/Sean/Desktop/adjectives/wet/wet_2.png","adjectives/wet/wet_2.png","flatten_to_lemma","","1716345","ef36dc389002c455191b751a12a9a7954ff86a6011bcb8611eb689967f1ff534","true","1716345","bc9db7f6490d7720bdb34cc9282ceba5","image/png","false"
"adjectives","skip_verified","/Users/Sean/Desktop/adjectives/white/white_1.png","adjectives/white/white_1.png","flatten_to_lemma","","1310359","45800a288d3539f0ec926ef14267a348a151a19b8672c15f0d034d612616008e","true","1310359","bca06e6fc396621a7fab33ddb9d70a52","image/png","false"
"adjectives","skip_verified","/Users/Sean/Desktop/adjectives/white/white_2.png","adjectives/white/white_2.png","flatten_to_lemma","","1093588","d4160ed5c97380e9ae1dba49902c72a4a2b794f8453c6720ce872c8a0649cb76","true","1093588","2c7f6f2e710320998a734a7768c7517f","image/png","false"
"adjectives","skip_verified","/Users/Sean/Desktop/adjectives/wide/wide_1.png","adjectives/wide/wide_1.png","flatten_to_lemma","","2469514","52da5baee687ac787f97f9b28ce792851baaf2fbf95c509fce595cac36f3cba0","true","2469514","b5e888ea2f7fe415f110b404a04f3535","image/png","false"
"adjectives","skip_verified","/Users/Sean/Desktop/adjectives/wide/wide_2.png","adjectives/wide/wide_2.png","flatten_to_lemma","","3458868","1504e4f8342c0abffeb1b687f34197eef4a9490d3f495c84e18762cfec6c33b1","true","3458868","544cb35b8538383a3f1746de415c7ed8","image/png","false"
"adjectives","skip_verified","/Users/Sean/Desktop/adjectives/worried/worried_1.png","adjectives/worried/worried_1.png","flatten_to_lemma","","2615520","e518a7e9ede4edc7ff358638e5a1a0826c105f062c1fb22f2ac5f6dfe34d59ae","true","2615520","709e7e1a6ff966c4a34b4484ec1a88e6","image/png","false"
"adjectives","skip_verified","/Users/Sean/Desktop/adjectives/worried/worried_2.png","adjectives/worried/worried_2.png","flatten_to_lemma","","1973864","384aeaf9d6ac2df3990bd744afed1f9acee28e655ffbc58da8f40725c6e16d0c","true","1973864","a1bf74c705706c4fd865ca6810e9a68a","image/png","false"
"adjectives","skip_verified","/Users/Sean/Desktop/adjectives/comparatives/worse/worse.png","adjectives/worse/worse.png","flatten_to_lemma","","933872","1e102679926d1c8d429abb603756373595040c06bd782390eafb7320779a1f4b","true","933872","acbfeab92fcce8762d8db092a09fea9b","image/png","false"
"adjectives","skip_verified","/Users/Sean/Desktop/adjectives/superlatives/worst/worst.png","adjectives/worst/worst.png","flatten_to_lemma","","701469","398fd73bfe267b2e788d8802d3cd63e84489dd017c2950f7966116afa5852dd4","true","701469","ab73ffa1ea087198ff165bd600c7cdf6","image/png","false"
"adjectives","skip_verified","/Users/Sean/Desktop/adjectives/yellow/yellow_1.png","adjectives/yellow/yellow_1.png","flatten_to_lemma","","1474210","a2cbeed54f30d7f241099cc4ada43647b3123507b085af6bbd6d9efa2f1827a4","true","1474210","a379ff5276bf3e90c47a63502a838c6a","image/png","false"
"adjectives","skip_verified","/Users/Sean/Desktop/adjectives/yellow/yellow_2.png","adjectives/yellow/yellow_2.png","flatten_to_lemma","","1552645","329f9b93e4437b6f4a7c6bff5b63294313dc739c95fea668dbe275ffa930f501","true","1552645","d964d324498a40837f3ef113c2710517","image/png","false"
"adjectives","skip_verified","/Users/Sean/Desktop/adjectives/young/young_1.png","adjectives/young/young_1.png","flatten_to_lemma","","548921","7b819f089be3574485da75dc78fa15f831d3841587303d571a203e8556bb96e0","true","548921","a5c310cd8e8efd59b2a3d6c9d95c856d","image/png","false"
"adjectives","skip_verified","/Users/Sean/Desktop/adjectives/young/young_2.png","adjectives/young/young_2.png","flatten_to_lemma","","672303","be97839477409da2925a80e25ce7ce5dd062e7f68ffd46d43595ccf48b1e21ec","true","672303","566ed830744ec912d17c812091243482","image/png","false"
"nouns","skip_verified","/Users/Sean/Desktop/nouns-backup/nouns/adult/adult_1.png","nouns/adult/adult_1.png","preserve_relative_path","","646394","dd317f8cd4f51a0f4e5438bc8cc8833a4b0d7a6e7ef6ebb2cba46f85b6b59277","true","646394","6c0ad57b2c5172491d61059f61668527","image/png","true"
"nouns","skip_verified","/Users/Sean/Desktop/nouns-backup/nouns/adult/adult_2.png","nouns/adult/adult_2.png","preserve_relative_path","","1557003","65acd07e52c0ec70fcccc3e15afad10734f9702f4dc39919211d039d47ffc009","true","1557003","4907b1935d9597fc861245585ac62c2d","image/png","true"
"nouns","skip_verified","/Users/Sean/Desktop/nouns-backup/nouns/afternoon/afternoon_1.png","nouns/afternoon/afternoon_1.png","preserve_relative_path","","736082","df6840231307bf70ca393e2457583789defb35fe90c3f9676b9768e08316f9b7","true","736082","cbaaa362e792615cbf6c50061f4c4e92","image/png","true"
"nouns","skip_verified","/Users/Sean/Desktop/nouns-backup/nouns/afternoon/afternoon_2.png","nouns/afternoon/afternoon_2.png","preserve_relative_path","","1818234","5fe5390b1b542040ea84b4e4745169d0794b2e06f8f1cccf38aeb917dc60e346","true","1818234","92294e68b60bfba70319d6a9c8097348","image/png","false"
"nouns","skip_verified","/Users/Sean/Desktop/nouns-backup/nouns/air_conditioner/air_conditioner_1.png","nouns/air_conditioner/air_conditioner_1.png","preserve_relative_path","","2175097","d2f3e9eea57cdfff6f96bacf0569443e8744876bc956e95c00a5c02fbde95df5","true","2175097","09a5894d2ba7fd259c18ee461f40fc48","image/png","false"
"nouns","skip_verified","/Users/Sean/Desktop/nouns-backup/nouns/air_conditioner/air_conditioner_2.png","nouns/air_conditioner/air_conditioner_2.png","preserve_relative_path","","1382555","ebafe97914b7f2028d1adae0b8977b838376cff95acd994c75d300d1ba9d5f84","true","1382555","83992990e0cdc2a7ed8960d8cd914e95","image/png","true"
"nouns","skip_verified","/Users/Sean/Desktop/nouns-backup/nouns/airplane/airplane_1.png","nouns/airplane/airplane_1.png","preserve_relative_path","","772208","dede491daf12218655669887bc7bba7a6c246d4b7fae8db314a5214af4ac275a","true","772208","4f7b931b6186bca3e5c965f965bf9f68","image/png","true"
"nouns","skip_verified","/Users/Sean/Desktop/nouns-backup/nouns/airplane/airplane_2.png","nouns/airplane/airplane_2.png","preserve_relative_path","","877632","d3ce506092d4a14c9b44a9c89309699bbce5963e2d3ef945eea1f631ee88d7e7","true","877632","397bd94427c0944b5c640c898fec0adb","image/png","true"
"nouns","skip_verified","/Users/Sean/Desktop/nouns-backup/nouns/airplane/airplane_3.png","nouns/airplane/airplane_3.png","preserve_relative_path","","2283613","6af84d60852205d441a8d79f5fcb83b782e88ba7584e31c14324ba0b0f13d557","true","2283613","42b61fd3211c3d6d28d67260219e2fa2","image/png","true"
"nouns","skip_verified","/Users/Sean/Desktop/nouns-backup/nouns/airport/airport_1.png","nouns/airport/airport_1.png","preserve_relative_path","","1213704","16d721f5abe92ac5cbdaf908c7326197a7c0b79294ef81acd9c6cb0574c3264f","true","1213704","da76f9404c7c316c34cda1202a94ba6e","image/png","true"
"nouns","skip_verified","/Users/Sean/Desktop/nouns-backup/nouns/airport/airport_2.png","nouns/airport/airport_2.png","preserve_relative_path","","2627777","6b06d46791afbc287012735db26e7696687c679801335fddd746deadad3e7570","true","2627777","719cea265c62c2c334fa22c22a3a4a38","image/png","false"
"nouns","skip_verified","/Users/Sean/Desktop/nouns-backup/nouns/airport/airport_3.png","nouns/airport/airport_3.png","preserve_relative_path","","1535800","7e58de9437992fef44802db8620d3fdf2727e6b83b3e5a335a99d15d7d0ec971","true","1535800","8995b4765b779ea002bfa7157ecd40cf","image/png","false"
"nouns","skip_verified","/Users/Sean/Desktop/nouns-backup/nouns/american_football/american_football_1.png","nouns/american_football/american_football_1.png","preserve_relative_path","","1282405","c076d87b526dc18de14836389ccfa68a9986ccee3ab783ef4bba5475cd1cdc79","true","1282405","fc51fde95ea4b4fc70827f32c4902746","image/png","false"
"nouns","skip_verified","/Users/Sean/Desktop/nouns-backup/nouns/american_football/american_football_2.png","nouns/american_football/american_football_2.png","preserve_relative_path","","2640495","25cf9af09fa9455486d23a2f1e781eb665fa83797d051a2b20e69316f30a8291","true","2640495","8957d7b0d9c1f6a45828d007a3a85db2","image/png","false"
"nouns","skip_verified","/Users/Sean/Desktop/nouns-backup/nouns/american_football/american_football_3.png","nouns/american_football/american_football_3.png","preserve_relative_path","","3451520","49bb50cc9e38c0151f98f12a9cfe933d436dd16b77920a5c3acde76263ea3d4e","true","3451520","e0c201693bc75623e39daeb2657c7c86","image/png","false"
"nouns","skip_verified","/Users/Sean/Desktop/nouns-backup/nouns/amusement_park/amusement_park_1.png","nouns/amusement_park/amusement_park_1.png","preserve_relative_path","","1855928","86252a089584416dca2c1aa788a3a128fb85cabaf2de73de09c21c995544dd3d","true","1855928","e651947f7c11ab3ebf16cfb7658a51a9","image/png","true"
"nouns","skip_verified","/Users/Sean/Desktop/nouns-backup/nouns/amusement_park/amusement_park_2.png","nouns/amusement_park/amusement_park_2.png","preserve_relative_path","","1968852","99d534b6daa584cd4b858b566ed0be387ba959769fbb1230ae628c7bc19c19cd","true","1968852","ae128f3435ae8fff5f93ce26639dfa87","image/png","false"
"nouns","skip_verified","/Users/Sean/Desktop/nouns-backup/nouns/amusement_park/amusement_park_3.png","nouns/amusement_park/amusement_park_3.png","preserve_relative_path","","2020608","5adc4910c025fb92c3f458b62b33129cf377dca8fc844ff81b79be38cf84e958","true","2020608","25f3f551b7e21913bd315244a191c170","image/png","false"
"nouns","skip_verified","/Users/Sean/Desktop/nouns-backup/nouns/apple/apple_1.png","nouns/apple/apple_1.png","preserve_relative_path","","995944","485d689611be527bc5584d1ed7231144fe7769cbe42b372f5e41c9f8cd10574f","true","995944","7226a9d5fefd9d148f188927151c36bf","image/png","false"
"nouns","skip_verified","/Users/Sean/Desktop/nouns-backup/nouns/apple/apple_2.png","nouns/apple/apple_2.png","preserve_relative_path","","909624","9a33f23d3eb40a1f2edb3b2da0f0c0d9819df0888d1757c197da10ee1a0b3480","true","909624","8e5ce202c690c4687fbd851f2ff032f3","image/png","false"
"nouns","skip_verified","/Users/Sean/Desktop/nouns-backup/nouns/apple/apple_3.png","nouns/apple/apple_3.png","preserve_relative_path","","1781831","e33065f34f76548b3c19f828b7d9e4b6cf276fd82f257bb329574127d4f8830b","true","1781831","b81d78c9d740b2929078f8d8b93d933e","image/png","false"
"nouns","skip_verified","/Users/Sean/Desktop/nouns-backup/nouns/april/april_1.png","nouns/april/april_1.png","preserve_relative_path","","417492","cf82f200e2e2afecdd28ef862dfc780acd73c009d20dfce9ff1e4a273504ea40","true","417492","a08383bb90d79327dd32e71082e09f56","image/png","true"
"nouns","skip_verified","/Users/Sean/Desktop/nouns-backup/nouns/aquarium/aquarium_1.png","nouns/aquarium/aquarium_1.png","preserve_relative_path","","1893116","ed572bf07f6f117b9583f39c06cb1fdb647701639dc14721f41ee2cb64c114d1","true","1893116","f1f47f14fab03f129d9f1ccd31efacf6","image/png","true"
"nouns","skip_verified","/Users/Sean/Desktop/nouns-backup/nouns/aquarium/aquarium_2.png","nouns/aquarium/aquarium_2.png","preserve_relative_path","","1813742","6f94707a9378fd47b5387cf31700828bd4d9c2c584a9cb89fc4b597a26fc25ff","true","1813742","7b67499a5e1809827c12d37888dab40b","image/png","false"
"nouns","skip_verified","/Users/Sean/Desktop/nouns-backup/nouns/aquarium/aquarium_3.png","nouns/aquarium/aquarium_3.png","preserve_relative_path","","2724603","83f7e0a5aac75cd0a511525a4a3d0d661c3e584a69fd06d35f2e0c08bf0c679f","true","2724603","a9eec5bb28545734b8444e917d1ddbad","image/png","false"
"nouns","skip_verified","/Users/Sean/Desktop/nouns-backup/nouns/architect/architect_1.png","nouns/architect/architect_1.png","preserve_relative_path","","610756","ba9b68e4880ae99f38e0130a75deda80b9cf5b5a017ab508d3243ee04a8f19e1","true","610756","1c8096c693997d5a884c2e6640279b1b","image/png","true"
"nouns","skip_verified","/Users/Sean/Desktop/nouns-backup/nouns/architect/architect_2.png","nouns/architect/architect_2.png","preserve_relative_path","","1321768","522a44663b293490e910ebe39ecbe402e7bb9d1c5200e5ab6a744e69315fdc6b","true","1321768","e52e9a78b3501f622cdbd712e11db409","image/png","true"
"nouns","skip_verified","/Users/Sean/Desktop/nouns-backup/nouns/arm/arm_1.png","nouns/arm/arm_1.png","preserve_relative_path","","604744","0d80c571a692f167182aff48eb98839b202bd2c714ea2dca96f6c3022a1bfa5e","true","604744","c1a934e219848548cc999034e389c970","image/png","false"
"nouns","skip_verified","/Users/Sean/Desktop/nouns-backup/nouns/arm/arm_2.png","nouns/arm/arm_2.png","preserve_relative_path","","1015406","29c8fb6f09ea330acadd3201414a0b72558b302a3627be4a0bfb0f1f567f66aa","true","1015406","cf57b086368848b0d5a16754fb152d78","image/png","false"
"nouns","skip_verified","/Users/Sean/Desktop/nouns-backup/nouns/arm/arm_3.png","nouns/arm/arm_3.png","preserve_relative_path","","911353","e7a012d0db4d5175b05154a24bc8650adbc2e2969492da29a3ccc16afd83f088","true","911353","2c002fec818664aab9952260ad0a98eb","image/png","false"
"nouns","skip_verified","/Users/Sean/Desktop/nouns-backup/nouns/armchair/armchair_1.png","nouns/armchair/armchair_1.png","preserve_relative_path","","1175836","70e9862c1c50758720ea894d9a1c4ba93670bf9b55ee1225c9a50a1af6e21df3","true","1175836","ca033d99686a0bb9e7c8b84e6a5cb177","image/png","false"
"nouns","skip_verified","/Users/Sean/Desktop/nouns-backup/nouns/armchair/armchair_2.png","nouns/armchair/armchair_2.png","preserve_relative_path","","1042969","e34db8657bf335b645945f3c9bc790a894d0ffae9bdc9449b92c8222ab2cf62e","true","1042969","fca631881a1ba55b35e1d04c51fc2fbf","image/png","false"
"nouns","skip_verified","/Users/Sean/Desktop/nouns-backup/nouns/art/art_1.png","nouns/art/art_1.png","preserve_relative_path","","2300354","b8327356e362be8ea06d2290f2287743eb7563b91eab8aae5e919f0e0d5166c4","true","2300354","8950b384f2732f464ca6547c5ff9b699","image/png","false"
"nouns","skip_verified","/Users/Sean/Desktop/nouns-backup/nouns/art/art_2.png","nouns/art/art_2.png","preserve_relative_path","","1742550","38b439a4f76c3048ee117c87147042088ff67d9bae3f56ef0b9cfc9ee9662e14","true","1742550","d14176337b8a8fcd73880fe2965aa2c9","image/png","false"
"nouns","skip_verified","/Users/Sean/Desktop/nouns-backup/nouns/art/art_3.png","nouns/art/art_3.png","preserve_relative_path","","2806068","e94952d8bdcfc3e87ef495c0fca48f6945ffb5c641455c26b614bcc4b826652d","true","2806068","acc3afed7dde30cac4b0da57964cf868","image/png","false"
"nouns","skip_verified","/Users/Sean/Desktop/nouns-backup/nouns/artist/artist_1.png","nouns/artist/artist_1.png","preserve_relative_path","","1065746","33128cc2b55431e3543d4578c246328f2ef7b236fc593b87f66651701a688909","true","1065746","701e6a7ba86a496f5ed7c322bb9c83fb","image/png","false"
"nouns","skip_verified","/Users/Sean/Desktop/nouns-backup/nouns/artist/artist_2.png","nouns/artist/artist_2.png","preserve_relative_path","","1172196","9c5c4034e0990c87bf176b4d936ad8ad9d7d6caaddcc37135a217d0bd0b3c94e","true","1172196","e165dc6c825efaa00d4787f4db962e78","image/png","false"
"nouns","skip_verified","/Users/Sean/Desktop/nouns-backup/nouns/astronaut/astronaut_1.png","nouns/astronaut/astronaut_1.png","preserve_relative_path","","815470","dd825dbc5ecdf4df812628832d2d465102a86994690351df843ff2f5cce73c99","true","815470","e2ad2ac5496cdbbf9c3d7f1507bbc1f6","image/png","false"
"nouns","skip_verified","/Users/Sean/Desktop/nouns-backup/nouns/astronaut/astronaut_2.png","nouns/astronaut/astronaut_2.png","preserve_relative_path","","1199695","1f56f3733605c92f0695f408fa600017516d5ca3076e72edd9e00bc79b7e4139","true","1199695","b1b77f847fe8e6dcdc754530ec665641","image/png","false"
"nouns","skip_verified","/Users/Sean/Desktop/nouns-backup/nouns/athlete/athlete_1.png","nouns/athlete/athlete_1.png","preserve_relative_path","","596545","7d6ccd1dba59b7d67d354f20be0814a7e54ffd73b6a7c691e561003655ea91d2","true","596545","3025da71dee315959b97edaf6fe1253c","image/png","false"
"nouns","skip_verified","/Users/Sean/Desktop/nouns-backup/nouns/athlete/athlete_2.png","nouns/athlete/athlete_2.png","preserve_relative_path","","1054613","ee1922dbaea0ce1646558fdd38e58283861319315d79a68b5e2aceff6a0d7d30","true","1054613","01d1f48baf5c1174c3ed6abe071c4343","image/png","false"
"nouns","skip_verified","/Users/Sean/Desktop/nouns-backup/nouns/attic/attic_1.png","nouns/attic/attic_1.png","preserve_relative_path","","3213179","2ae195266628b483e2f32ebe0cf18b86b721128ae2b92f889c22204560dee143","true","3213179","8f33fbcfecf921f9557b4ab9a8fbf88d","image/png","false"
"nouns","skip_verified","/Users/Sean/Desktop/nouns-backup/nouns/attic/attic_2.png","nouns/attic/attic_2.png","preserve_relative_path","","2560306","c8d067bfdbfb74495537722800a9a54a9436aab979c738c65ef1834b549c8131","true","2560306","a2ea32007670eb0d2fcb00e4c3995595","image/png","false"
"nouns","skip_verified","/Users/Sean/Desktop/nouns-backup/nouns/attic/attic_3.png","nouns/attic/attic_3.png","preserve_relative_path","","2114054","6ae019dab42950f3f93a7c59613bb2aa1d231c3df87b0e5b4d89879e64551761","true","2114054","336ca56249ab8c42c2ed379dfe178a18","image/png","false"
"nouns","skip_verified","/Users/Sean/Desktop/nouns-backup/nouns/august/august_1.png","nouns/august/august_1.png","preserve_relative_path","","1631057","dadcabc86782ed8227dcb9e1f868debfc5baaaace1a2277dfa42c9f5f22300fd","true","1631057","0067d1babc0b631a8a9c4a72c5b41373","image/png","false"
"nouns","skip_verified","/Users/Sean/Desktop/nouns-backup/nouns/aunt/aunt_1.png","nouns/aunt/aunt_1.png","preserve_relative_path","","746676","6039078e5ff07168d73c9da80e4c9ccdc6b6e45c67ee3b36615cfe95a25b620b","true","746676","9efc6b9f8b7e32bfc240585ed569108e","image/png","false"
"nouns","skip_verified","/Users/Sean/Desktop/nouns-backup/nouns/aunt/aunt_2.png","nouns/aunt/aunt_2.png","preserve_relative_path","","977077","97d74936f15b27070d655f064eb3d468144c17ffe6f40c4dabe3ae80111336ef","true","977077","446a4b075ff630eca61b29d0d9711bce","image/png","false"
"nouns","skip_verified","/Users/Sean/Desktop/nouns-backup/nouns/aunt/aunt_3.png","nouns/aunt/aunt_3.png","preserve_relative_path","","834478","278e8e650722a7bdf58ebfb93b0911d95110e6cf24187abfdeba9698e160a26f","true","834478","66bbaf124a887923223ebee2b24266fa","image/png","false"
"nouns","skip_verified","/Users/Sean/Desktop/nouns-backup/nouns/avocado/avocado_1.png","nouns/avocado/avocado_1.png","preserve_relative_path","","998698","b47ddad109c18f894aae3d99f6bcf6c8f0688d62b0c6f1e2d5cec4b2582ba175","true","998698","f1d42756df7bc289248b7c134c023cbb","image/png","true"
"nouns","skip_verified","/Users/Sean/Desktop/nouns-backup/nouns/avocado/avocado_2.png","nouns/avocado/avocado_2.png","preserve_relative_path","","1103559","a938cbd9fe918efe3cc7c698bc2c7729fb224294324b2a3201424a4a35a8e2c3","true","1103559","1a15bb31287e3d601145972fede86114","image/png","true"
"nouns","skip_verified","/Users/Sean/Desktop/nouns-backup/nouns/avocado/avocado_3.png","nouns/avocado/avocado_3.png","preserve_relative_path","","1825095","bd69f68071f21ab7800d0d87a92b2457512c2b402f1f40239483404d3e8821e3","true","1825095","92f0d68d06dd0a4073ae91653521ed1e","image/png","true"
"nouns","skip_verified","/Users/Sean/Desktop/nouns-backup/nouns/baby/baby_1.png","nouns/baby/baby_1.png","preserve_relative_path","","780238","a6738c6b5566e4d0c635b08db634d1c9fb27e8c7620521667ec39d7f2a30db3a","true","780238","b86a5f5c0d9ca39ee108e265afa66a16","image/png","false"
"nouns","skip_verified","/Users/Sean/Desktop/nouns-backup/nouns/baby/baby_2.png","nouns/baby/baby_2.png","preserve_relative_path","","764993","e2ba3d368e344d5c2c184f1bd16d07a55af1e2f2871a2c87087d68b3afab478c","true","764993","6baf19db73677ff58885b701b7361ab0","image/png","false"
"nouns","skip_verified","/Users/Sean/Desktop/nouns-backup/nouns/baby/baby_3.png","nouns/baby/baby_3.png","preserve_relative_path","","639294","f73a4a78e5e16958300df05fdf00f21552fc3e9b6549dcdd9701a5339a516eaf","true","639294","cccfb6b30a1ae7f3ae20313dc950291b","image/png","false"
"nouns","skip_verified","/Users/Sean/Desktop/nouns-backup/nouns/bacon/bacon_1.png","nouns/bacon/bacon_1.png","preserve_relative_path","","1751684","fe1b9bf60b565ec74ccc8921de3e1a9e81a1c3eff7ef00bddf9dbc6dce99bdf1","true","1751684","b76281ab4613925a36732df155c59958","image/png","false"
"nouns","skip_verified","/Users/Sean/Desktop/nouns-backup/nouns/bacon/bacon_2.png","nouns/bacon/bacon_2.png","preserve_relative_path","","1137364","b7950c951f4065e74066d661c0b0065ec4c49f616b43e90a818241a8688dc708","true","1137364","b69fb3d8a4a6a3e54211b15d802d02e9","image/png","false"
"nouns","skip_verified","/Users/Sean/Desktop/nouns-backup/nouns/badminton/badminton_1.png","nouns/badminton/badminton_1.png","preserve_relative_path","","921343","2d4e57f2b628bcbfd3cafe226ce6634d3520b6a8e2620f84799cb46078d40691","true","921343","4ac937497257ff54bf84537952e0588b","image/png","false"
"nouns","skip_verified","/Users/Sean/Desktop/nouns-backup/nouns/badminton/badminton_2.png","nouns/badminton/badminton_2.png","preserve_relative_path","","1546657","6e7524832513af223e514a327eadc1973b480afa988c7e3041230f83f7a043fd","true","1546657","c64abb91e1ce3fd54712116bdb66efa7","image/png","false"
"nouns","skip_verified","/Users/Sean/Desktop/nouns-backup/nouns/badminton/badminton_3.png","nouns/badminton/badminton_3.png","preserve_relative_path","","2008167","9d21389da680e106f2d075b7dd56951b6a5070f9f51b4308a1691ca7aeae7845","true","2008167","04c6dda6d9a60e643f6b39a7d441847b","image/png","false"
"nouns","skip_verified","/Users/Sean/Desktop/nouns-backup/nouns/baguette/baguette_1.png","nouns/baguette/baguette_1.png","preserve_relative_path","","1842548","38e6d28535f70b13f6abca3d47e6e641b02a30d8644278fdb137c51bddd030df","true","1842548","cfecfddbfe69ed3c19edd4ab061abeb9","image/png","false"
"nouns","skip_verified","/Users/Sean/Desktop/nouns-backup/nouns/baguette/baguette_2.png","nouns/baguette/baguette_2.png","preserve_relative_path","","1173260","fb4e746bdd0f4b4a949e4598fc3d822f7288211ec3a9eb21f68a1e64052ae5ba","true","1173260","bce6da4a43eb8b62890cac4f5323db14","image/png","false"
"nouns","skip_verified","/Users/Sean/Desktop/nouns-backup/nouns/baker/baker_1.png","nouns/baker/baker_1.png","preserve_relative_path","","606048","d32cf24c727de993132fce8ef0c798bd9b57958b0417abb421fd0099e620daee","true","606048","ea34af41d1fe7237e711c52a04b8f598","image/png","false"
"nouns","skip_verified","/Users/Sean/Desktop/nouns-backup/nouns/baker/baker_2.png","nouns/baker/baker_2.png","preserve_relative_path","","1205373","00a2ee5d559e69b326fd8feba4ebabdc8fa11dbdda1817dc171cd19234de04e7","true","1205373","2395b0d743ff786b190e024446f61eaa","image/png","false"
"nouns","skip_verified","/Users/Sean/Desktop/nouns-backup/nouns/bakery/bakery_1.png","nouns/bakery/bakery_1.png","preserve_relative_path","","1759016","823c7887636143a90ef0b604a2e2131c166e6a647677cc993d149c668f6943a7","true","1759016","b8e5e8544fcf2b3d7776929a7737f8f3","image/png","false"
"nouns","skip_verified","/Users/Sean/Desktop/nouns-backup/nouns/bakery/bakery_2.png","nouns/bakery/bakery_2.png","preserve_relative_path","","2575512","304f8f18558bdb7b7c3161e5cdd11530793d113af6d245f91aa7181225013893","true","2575512","0f4978256966590bff5adbba763cbb92","image/png","false"
"nouns","skip_verified","/Users/Sean/Desktop/nouns-backup/nouns/bakery/bakery_3.png","nouns/bakery/bakery_3.png","preserve_relative_path","","2321857","c7e4194bcc44d0a5ae9eaa9b2561ba5a6e2e240790fb6e994ebca3be4cd6df7b","true","2321857","d1418ccaff0a073f7fbf93f78754727d","image/png","false"
"nouns","skip_verified","/Users/Sean/Desktop/nouns-backup/nouns/balcony/balcony_1.png","nouns/balcony/balcony_1.png","preserve_relative_path","","2320528","cefbfb341e795705cc495bb68edbbd840bbcfc41bb44319fc81a41e0b27f5f82","true","2320528","47bfdbf435ddf0f8ccbfe02ebeb57a1d","image/png","false"
"nouns","skip_verified","/Users/Sean/Desktop/nouns-backup/nouns/balcony/balcony_2.png","nouns/balcony/balcony_2.png","preserve_relative_path","","2463225","10f73b5056e08d4f272fd49842c632ef50409c682ff4a39daf8bad2b4673777f","true","2463225","eaeb5871eeaecd4e838b12ba48a1e4ef","image/png","false"
"nouns","skip_verified","/Users/Sean/Desktop/nouns-backup/nouns/balcony/balcony_3.png","nouns/balcony/balcony_3.png","preserve_relative_path","","2189949","dea67da28092f37df2e8fa20d6b98b9e65fbcaf28489ef9e65e02407804faff8","true","2189949","50d4c7277dbf96351ed1bd0a9f4f2ce4","image/png","false"
"nouns","skip_verified","/Users/Sean/Desktop/nouns-backup/nouns/ball/ball_1.png","nouns/ball/ball_1.png","preserve_relative_path","","615944","f909a8bfcdafe9934c2ff242bce3b699a342d7335c5134fe8fae8e7b20ff8996","true","615944","49bedff96ab8156b4a21bf4c46378c3a","image/png","false"
"nouns","skip_verified","/Users/Sean/Desktop/nouns-backup/nouns/ball/ball_2.png","nouns/ball/ball_2.png","preserve_relative_path","","919193","52214780c81940672ab883670b371f8d7205faa4090a2d6a22975a9e242ebed9","true","919193","e7572ec139022e0528cc040347f00788","image/png","false"
"nouns","skip_verified","/Users/Sean/Desktop/nouns-backup/nouns/ball/ball_3.png","nouns/ball/ball_3.png","preserve_relative_path","","2666798","55909eeb93d74e08868693790ca820ac5369eeec920450d57d6dfa1f834f3571","true","2666798","86d0bb2772c7bc1d28ad2fef8f6afc20","image/png","false"
"nouns","skip_verified","/Users/Sean/Desktop/nouns-backup/nouns/banana/banana_1.png","nouns/banana/banana_1.png","preserve_relative_path","","527013","f596916457b73d73ac2fef14cdf057b9714765899788440d5744d9f1e1035e1e","true","527013","028c6238b0a39c86152443232ee24839","image/png","true"
"nouns","skip_verified","/Users/Sean/Desktop/nouns-backup/nouns/banana/banana_3.png","nouns/banana/banana_3.png","preserve_relative_path","","832780","67a87f40c67c74457aa48e30531b26d8776762856cee36e2a018140cf4232c69","true","832780","32c50e2c45747456481b2d07ce544e11","image/png","true"
"nouns","skip_verified","/Users/Sean/Desktop/nouns-backup/nouns/bank/bank_1.png","nouns/bank/bank_1.png","preserve_relative_path","","1680167","a202272fbf15766858afda9353ca99644516a43929171e0f0f7b953249aa846e","true","1680167","14e45d9aef3e82bf0e49dabbf9e83e37","image/png","false"
"nouns","skip_verified","/Users/Sean/Desktop/nouns-backup/nouns/bank/bank_2.png","nouns/bank/bank_2.png","preserve_relative_path","","2507722","d3a1c4e4cfb94382dd7c2ddea6eb141b1e6d35e48d9919aa83262a240775b8d4","true","2507722","4286283faee9ef5fba91ecc789f50efc","image/png","false"
"nouns","skip_verified","/Users/Sean/Desktop/nouns-backup/nouns/bank/bank_3.png","nouns/bank/bank_3.png","preserve_relative_path","","1774235","436ece3bd03d6820a6586ae8ef9f54c8275fca1b908329580dbf2424a4311f03","true","1774235","a83a4f23944c9f34049a72ca1f19b11d","image/png","false"
"nouns","skip_verified","/Users/Sean/Desktop/nouns-backup/nouns/barber_shop/barber_shop_1.png","nouns/barber_shop/barber_shop_1.png","preserve_relative_path","","1857058","b29eeca9d4ef675057505004842a940b048ee2c8e94170b975c155c915ac3078","true","1857058","537c03e2ebd7940a022b0bbbac821d98","image/png","false"
"nouns","skip_verified","/Users/Sean/Desktop/nouns-backup/nouns/barber_shop/barber_shop_2.png","nouns/barber_shop/barber_shop_2.png","preserve_relative_path","","3525091","f54e47ce04a0b5abf2c7a9af8f8b9c06f413fb6d69dee6cf74a5004597167321","true","3525091","e86cf48b6f331384c3eaef63cb56c541","image/png","false"
"nouns","skip_verified","/Users/Sean/Desktop/nouns-backup/nouns/barber_shop/barber_shop_3.png","nouns/barber_shop/barber_shop_3.png","preserve_relative_path","","1954889","03f0061c1de3a742cec669189595ec7d410f71f513f0521e563f54a95632767d","true","1954889","17546b2f6e812fef47ea8c148b4fb7f3","image/png","false"
"nouns","skip_verified","/Users/Sean/Desktop/nouns-backup/nouns/barber/barber_1.png","nouns/barber/barber_1.png","preserve_relative_path","","623872","236191f33c55d8b0edb78f5c1497c880dc1cad823526bfb754832ac87c69be6e","true","623872","c0de79d8396847247559f014207b9a9c","image/png","false"
"nouns","skip_verified","/Users/Sean/Desktop/nouns-backup/nouns/barber/barber_2.png","nouns/barber/barber_2.png","preserve_relative_path","","1261987","197f2983911a7e6bd03a95b52def019e69d09a3e17502abc415561e817fbfdeb","true","1261987","2336b3c9d99e917e5bf755cff78a3646","image/png","false"
"nouns","skip_verified","/Users/Sean/Desktop/nouns-backup/nouns/baseball_player/baseball_player_1.png","nouns/baseball_player/baseball_player_1.png","preserve_relative_path","","603771","505d64f5a6358f1fb5b0d00ac4a89e54fb4ed88c17ce321d270100f6d5565b74","true","603771","2d248094537c7be50ef5891791d79d31","image/png","false"
"nouns","skip_verified","/Users/Sean/Desktop/nouns-backup/nouns/baseball_player/baseball_player_2.png","nouns/baseball_player/baseball_player_2.png","preserve_relative_path","","1180800","2f05c5f2ec9dc712fe35d28146e941c4d186573c0a7d372d08bb36719e56f401","true","1180800","6acb5939b5af4088d54a7194dd3531a0","image/png","false"
"nouns","skip_verified","/Users/Sean/Desktop/nouns-backup/nouns/baseball/baseball_1.png","nouns/baseball/baseball_1.png","preserve_relative_path","","1076233","f667f543a1a772bf4d70e2a8915d97170b7e7a57675204478c9b50296707c2a7","true","1076233","7f982a49772b9a82c7341221dcf97723","image/png","false"
"nouns","skip_verified","/Users/Sean/Desktop/nouns-backup/nouns/baseball/baseball_2.png","nouns/baseball/baseball_2.png","preserve_relative_path","","2052615","83cbf920902aa34521d414a5414d1d0f34165f4b9586f73083c3a5af86a2d6e9","true","2052615","250913639b6e249ab7490a2f0a85ad0e","image/png","false"
"nouns","skip_verified","/Users/Sean/Desktop/nouns-backup/nouns/baseball/baseball_3.png","nouns/baseball/baseball_3.png","preserve_relative_path","","2191323","961203180dbf77c67809a6a282d1ce742f9975189c5071cc80f9c05a286475a1","true","2191323","ca3fbcd3bbec0dbb49405a70c574cb8f","image/png","false"
"nouns","skip_verified","/Users/Sean/Desktop/nouns-backup/nouns/basement/basement_1.png","nouns/basement/basement_1.png","preserve_relative_path","","2184598","ca5854c7ac3ebfb2ff8ade812b05091a3592db78aa08bb628ec86a30137d8585","true","2184598","f35ec0ff640a9061725cdef783bb99d2","image/png","false"
"nouns","skip_verified","/Users/Sean/Desktop/nouns-backup/nouns/basement/basement_2.png","nouns/basement/basement_2.png","preserve_relative_path","","2654945","303369cb68360488fc855651f989c4180785c72ee5ad0f87be8f702b1ef7c677","true","2654945","90989b26aefb3f8669631532d9acaff9","image/png","false"
"nouns","skip_verified","/Users/Sean/Desktop/nouns-backup/nouns/basement/basement_3.png","nouns/basement/basement_3.png","preserve_relative_path","","2380935","da4585d6cc26e03a64bfec0ff088cef84c7d3620691734a100525bd1b284c732","true","2380935","413a6883a7832fcf110a3a1d539e1fd8","image/png","false"
"nouns","skip_verified","/Users/Sean/Desktop/nouns-backup/nouns/basketball_player/basketball_player_1.png","nouns/basketball_player/basketball_player_1.png","preserve_relative_path","","604475","fc488f4adc1dc93ee504871377160c36852450d97a54bcced4157bdc3eee248f","true","604475","b5be27cb6502e033fb31527fc7f0c3f4","image/png","false"
"nouns","skip_verified","/Users/Sean/Desktop/nouns-backup/nouns/basketball_player/basketball_player_2.png","nouns/basketball_player/basketball_player_2.png","preserve_relative_path","","1284074","2eae0ac17ec43a16d0c3d86b2dd400b1b3454d4a49cf763bff60e2bccd63c0be","true","1284074","f050c6c89c6fc555199c60fa8c7cb5f0","image/png","false"
"nouns","skip_verified","/Users/Sean/Desktop/nouns-backup/nouns/basketball/basketball_1.png","nouns/basketball/basketball_1.png","preserve_relative_path","","901549","d01bc8d183680f31940d0a1376ee91010f2c02c2c3f6517f62b3cad5065683c3","true","901549","fb71a4a0678415a038265696adb16d13","image/png","false"
"nouns","skip_verified","/Users/Sean/Desktop/nouns-backup/nouns/basketball/basketball_2.png","nouns/basketball/basketball_2.png","preserve_relative_path","","1692831","c943ab14d499800557e000ada82df1f0b7b9f0929372b3deac9cb56aee7f3225","true","1692831","f281a2ac7c466dc71db0e30a2373eb34","image/png","false"
"nouns","skip_verified","/Users/Sean/Desktop/nouns-backup/nouns/basketball/basketball_3.png","nouns/basketball/basketball_3.png","preserve_relative_path","","1833331","89558e5da3410d96b992c3115678ca2611fa3eb2bad58d426dd6d369742ac755","true","1833331","2419538b172b4147b41a91838aa21387","image/png","false"
"nouns","skip_verified","/Users/Sean/Desktop/nouns-backup/nouns/bathroom/bathroom_1.png","nouns/bathroom/bathroom_1.png","preserve_relative_path","","2233924","c4969219eeb577897ae5a4308f88d27f2c7a3838deba50a31b983b1380da6ab3","true","2233924","d56c82918f5c94e27608ae567dcb1ddb","image/png","false"
"nouns","skip_verified","/Users/Sean/Desktop/nouns-backup/nouns/bathroom/bathroom_2.png","nouns/bathroom/bathroom_2.png","preserve_relative_path","","2666828","72154739633434d1bffdb1fe2fc7b7895678b17576d95b4cb21afd1ef89eaca1","true","2666828","111c3edea47b350b6586dde9d0605888","image/png","false"
"nouns","skip_verified","/Users/Sean/Desktop/nouns-backup/nouns/bathroom/bathroom_3.png","nouns/bathroom/bathroom_3.png","preserve_relative_path","","2325507","55ef8061b29861cd97f8a2b7a2c73e14413321de849bacacf3daaefa4bbc639e","true","2325507","ade4e48800b393fa1e6f701d9b808d71","image/png","false"
"nouns","skip_verified","/Users/Sean/Desktop/nouns-backup/nouns/bathtub/bathtub_1.png","nouns/bathtub/bathtub_1.png","preserve_relative_path","","799510","2c78bb92c4f867ea314924849750bb80fe1e6a05773d39ef6783743172bfabc5","true","799510","e0b4a3d2490c5e61edb0c2fab7a301f6","image/png","false"
"nouns","skip_verified","/Users/Sean/Desktop/nouns-backup/nouns/bathtub/bathtub_2.png","nouns/bathtub/bathtub_2.png","preserve_relative_path","","1270888","363d4eeade41cbcc2b74038b68f79a8cce1da197e56f0342f3cf5fe81ace9eae","true","1270888","a9392081a46d754e26541dfb32830018","image/png","false"
"nouns","skip_verified","/Users/Sean/Desktop/nouns-backup/nouns/beach/beach_1.png","nouns/beach/beach_1.png","preserve_relative_path","","2834260","249aa1a498b25de169e6a612b2d04f3eb223250e405924702fc036736b192bf3","true","2834260","4765972cab29569c7ca2e37d4139a94f","image/png","false"
"nouns","skip_verified","/Users/Sean/Desktop/nouns-backup/nouns/beach/beach_2.png","nouns/beach/beach_2.png","preserve_relative_path","","2041943","3279f2b94a1aeada9a38ec101cdea9eab112b48fddee6e73d6353670f971e87e","true","2041943","77617379836f094c139ef7e32cb85852","image/png","false"
"nouns","skip_verified","/Users/Sean/Desktop/nouns-backup/nouns/beach/beach_3.png","nouns/beach/beach_3.png","preserve_relative_path","","2073595","595ba9cbcf2cf904df157653032bf3dc54df74e25eb36d40f6e6ac90686aaf82","true","2073595","537105ec5d452709a0543dae0899a63c","image/png","false"
"nouns","skip_verified","/Users/Sean/Desktop/nouns-backup/nouns/bear_cub/bear_cub_1.png","nouns/bear_cub/bear_cub_1.png","preserve_relative_path","","1199796","34630cd3611e510f642395459601c5900f66b52afff412da2fbe0aef60458553","true","1199796","6a40620948500386669519fa41f10faa","image/png","false"
"nouns","skip_verified","/Users/Sean/Desktop/nouns-backup/nouns/bear_cub/bear_cub_2.png","nouns/bear_cub/bear_cub_2.png","preserve_relative_path","","1302736","118a7477537e14436392e34e8de98ea959d66564071c158fc09691f93fe81b2f","true","1302736","55adf49525366db3cab146a395baea94","image/png","false"
"nouns","skip_verified","/Users/Sean/Desktop/nouns-backup/nouns/bear/bear_1.png","nouns/bear/bear_1.png","preserve_relative_path","","1264762","a8b38b44f455adc9d21c5840eb2e1e48cc1a56064b9f68f61483356dc113410d","true","1264762","b4bfbafa46259a17f4243d8523ed5b83","image/png","true"
"nouns","skip_verified","/Users/Sean/Desktop/nouns-backup/nouns/bear/bear_2.png","nouns/bear/bear_2.png","preserve_relative_path","","1182298","4e7da5989c1008dc517e401099ad9802c29e6b3a1fc6e9599fd9e8ceab1dd7d6","true","1182298","28f7b11ab55e3df3babdd3cd6cd812bd","image/png","true"
"nouns","skip_verified","/Users/Sean/Desktop/nouns-backup/nouns/bed/bed_1.png","nouns/bed/bed_1.png","preserve_relative_path","","1084590","c02b5d57bec326b0480ed090906f4b8b150c9789611f06d81c71acb651c5c591","true","1084590","8d854b30812804559e5e74977d31139a","image/png","false"
"nouns","skip_verified","/Users/Sean/Desktop/nouns-backup/nouns/bed/bed_2.png","nouns/bed/bed_2.png","preserve_relative_path","","1184773","fc45a67ca9b63d99280cf32baaea3f375a657e3eaece926020448fd95595ec7f","true","1184773","496d8a96af6089fe5170e9c61ceaf1f6","image/png","false"
"nouns","skip_verified","/Users/Sean/Desktop/nouns-backup/nouns/bedroom/bedroom_1.png","nouns/bedroom/bedroom_1.png","preserve_relative_path","","2078096","533319a0f986671998c9c233698d1b0cb15bf1ca58dd3dfa78e0d13f7ad3d593","true","2078096","0500299e3b6200d4cdc629ed3849f32c","image/png","false"
"nouns","skip_verified","/Users/Sean/Desktop/nouns-backup/nouns/bedroom/bedroom_2.png","nouns/bedroom/bedroom_2.png","preserve_relative_path","","2576732","1ab10bf173cf67ccb31964999815812f9f4eb4de9b33b38527b93ec863767baa","true","2576732","f2e3eaaa162203db1e6113e8ecbc0b1d","image/png","false"
"nouns","skip_verified","/Users/Sean/Desktop/nouns-backup/nouns/bedroom/bedroom_3.png","nouns/bedroom/bedroom_3.png","preserve_relative_path","","2166495","1fc38dea70a1b85a88c14ae72f9147ac8b33681d09e9ea05e98bfd7187e086a4","true","2166495","761499c79f0bc83761345acf173bd4c6","image/png","false"
"nouns","skip_verified","/Users/Sean/Desktop/nouns-backup/nouns/bee/bee_1.png","nouns/bee/bee_1.png","preserve_relative_path","","1060489","7b86f0aec32ffcaf3bba99568b147b0afcb60a25236be0802e36dd08f2d3c8e6","true","1060489","4dbc65d38195bff8d210aadab1d39a9f","image/png","false"
"nouns","skip_verified","/Users/Sean/Desktop/nouns-backup/nouns/bee/bee_2.png","nouns/bee/bee_2.png","preserve_relative_path","","1275060","1c573505cf8c6d9ecaf46ad8ceaf111e1f3fad0d093fbe97a28529bff2c57e47","true","1275060","d3339431f7e0c6b507d339efbc7f8949","image/png","false"
"nouns","skip_verified","/Users/Sean/Desktop/nouns-backup/nouns/beef/beef_1.png","nouns/beef/beef_1.png","preserve_relative_path","","1113956","881aa7df04d263f6e6211b2f0dea9e9dd712f3917a3d9ce7c96e298c503d8d4b","true","1113956","c73b1a114b4919170ce759c27749398f","image/png","false"
"nouns","skip_verified","/Users/Sean/Desktop/nouns-backup/nouns/beef/beef_2.png","nouns/beef/beef_2.png","preserve_relative_path","","1336555","a40deb60f161443a0d12ee3da286c776bd26a61e831cc43d99885094d8eb6f43","true","1336555","b37e48ab9506b5df3ba50f70a8a7c305","image/png","false"
"nouns","skip_verified","/Users/Sean/Desktop/nouns-backup/nouns/belt/belt_1.png","nouns/belt/belt_1.png","preserve_relative_path","","1065481","79bba2b76447a0219d9578e8fd6956d9229909be1ab264e2d1c52934cff6a3da","true","1065481","00ce830b2890490270f9d030b3746821","image/png","false"
"nouns","skip_verified","/Users/Sean/Desktop/nouns-backup/nouns/belt/belt_2.png","nouns/belt/belt_2.png","preserve_relative_path","","1283414","2b214edef654daf698155df3f57e8e86950bd7d8f12c308d2d91b82b936d34ed","true","1283414","2271a3bb274f4f31cdcabb6e8c0a34a6","image/png","false"
"nouns","skip_verified","/Users/Sean/Desktop/nouns-backup/nouns/bike/bike_1.png","nouns/bike/bike_1.png","preserve_relative_path","","1148193","cb2fde2b07076ca8d3a35a199236a80183f307d12456f1cf5ca8e33e3ec6d432","true","1148193","d8c1b4bb4ae34f5d399efa91b50e1ca6","image/png","false"
"nouns","skip_verified","/Users/Sean/Desktop/nouns-backup/nouns/bike/bike_2.png","nouns/bike/bike_2.png","preserve_relative_path","","1372978","e6ea3667f32ee05d2d017276a986ef051c9aed522388cf7e4f6d4e2114a83778","true","1372978","c9a475d8d12584381f6926ee50c9de5e","image/png","false"
"nouns","skip_verified","/Users/Sean/Desktop/nouns-backup/nouns/bike/bike_3.png","nouns/bike/bike_3.png","preserve_relative_path","","2649235","a364fe9ae82181ca9e593b64be831bb762c3acafa14d8aed06ed779a31f4a3da","true","2649235","19f722cffc3048a68d8bc78f8b62a67a","image/png","false"
"nouns","skip_verified","/Users/Sean/Desktop/nouns-backup/nouns/bird/bird_1.png","nouns/bird/bird_1.png","preserve_relative_path","","829289","b5dfd8df788d07f55fb7886f82317af1e539e964eae3aaaa80268685925c5108","true","829289","63feeaf44ab726518e34a6c5a56062ad","image/png","true"
"nouns","skip_verified","/Users/Sean/Desktop/nouns-backup/nouns/bird/bird_2.png","nouns/bird/bird_2.png","preserve_relative_path","","1457498","04670d2f0f8a90edeb35aac31b72b4c76bb8743d93f439c45fae385bef669bb1","true","1457498","6fce6cb8106f357cfa879301a0a10461","image/png","true"
"nouns","skip_verified","/Users/Sean/Desktop/nouns-backup/nouns/birthday/birthday_1.png","nouns/birthday/birthday_1.png","preserve_relative_path","","669330","60e82df3ca562f3f847268f125c4abb15022ef7e3e7a35e3d523e08091913fcc","true","669330","2e9371ca6955f99bb1f8f8992fdabf3d","image/png","false"
"nouns","skip_verified","/Users/Sean/Desktop/nouns-backup/nouns/blackberry/blackberry_1.png","nouns/blackberry/blackberry_1.png","preserve_relative_path","","1111721","e45571f370a2376d342e628ee2608a1f8e7e4661df24fc16d37a66200ad44d12","true","1111721","bcbfa47d64ff3e4de45ce70a40f8f421","image/png","true"
"nouns","skip_verified","/Users/Sean/Desktop/nouns-backup/nouns/blackberry/blackberry_2.png","nouns/blackberry/blackberry_2.png","preserve_relative_path","","1286196","69f38d1fe307f547c8df0babcc4ebe6369a078fb61f8c567321128a1a2fd74fd","true","1286196","f67eea026cbdc30b43669c11fea1b8d9","image/png","true"
"nouns","skip_verified","/Users/Sean/Desktop/nouns-backup/nouns/blazer/blazer_1.png","nouns/blazer/blazer_1.png","preserve_relative_path","","1398628","2e6965f3c072403b4b4588956b1ce4b4122f4a7e79f88ac01a162d20fed5bc72","true","1398628","6aa60acd1a1f98b6ce336a7941d4058b","image/png","false"
"nouns","skip_verified","/Users/Sean/Desktop/nouns-backup/nouns/blazer/blazer_2.png","nouns/blazer/blazer_2.png","preserve_relative_path","","1390828","2e082adce18fe3eff0d2f616ffd9cbc98670598651002cce56ea451387d91b63","true","1390828","0007c22d92b260734f7bd4d5c7dd1008","image/png","false"
"nouns","skip_verified","/Users/Sean/Desktop/nouns-backup/nouns/blizzard/blizzard_1.png","nouns/blizzard/blizzard_1.png","preserve_relative_path","","1116976","ceac1accda07156b8bc5bf245c5837433b4dcec972d6e15764d1d056e2bf4b8b","true","1116976","e0d09d8aa0b7df0b5f5d2389810904f6","image/png","false"
"nouns","skip_verified","/Users/Sean/Desktop/nouns-backup/nouns/blizzard/blizzard_2.png","nouns/blizzard/blizzard_2.png","preserve_relative_path","","2512507","ac8c7d2dece55377b0d9a08c333633db61a274e89d1a31902de1571b2d2cf1af","true","2512507","ce101c2db6bc51e43f95dfe94577dcf9","image/png","false"
"nouns","skip_verified","/Users/Sean/Desktop/nouns-backup/nouns/block/block_1.png","nouns/block/block_1.png","preserve_relative_path","","564200","d0ee1e06a9e804b5dcecc408a6b3e57336e3f8140d2e4411fc25cb35d4c40883","true","564200","6484d8e850019785d72c8f6394aa9c78","image/png","false"
"nouns","skip_verified","/Users/Sean/Desktop/nouns-backup/nouns/block/block_2.png","nouns/block/block_2.png","preserve_relative_path","","1234575","aae1d69f2de69e56aff50ddcc9a80b7c30c8fc9a3d756fcf5af121b219bf4d68","true","1234575","4802b743c2a95bddb0f29ce36fe28211","image/png","false"
"nouns","skip_verified","/Users/Sean/Desktop/nouns-backup/nouns/block/block_3.png","nouns/block/block_3.png","preserve_relative_path","","2233213","d92418c3d7de9876b6dc2ca0d239110d5d4fe0635066bc21edca819397892167","true","2233213","92abb93c3a4450bfca7f16e7679f7136","image/png","false"
"nouns","skip_verified","/Users/Sean/Desktop/nouns-backup/nouns/boat/boat_1.png","nouns/boat/boat_1.png","preserve_relative_path","","1121503","593432a642d8ac460593fc78e5303cf90be168b6254454eabd07d6810d400bf9","true","1121503","6f0ab8512c200f9efe851150306e187c","image/png","false"
"nouns","skip_verified","/Users/Sean/Desktop/nouns-backup/nouns/boat/boat_2.png","nouns/boat/boat_2.png","preserve_relative_path","","1731060","61df9bac7ae41a1287761b33b0f2d1addbebc95bd859de5500020296efee4915","true","1731060","33628f34506cce0cac2e6d335607a47f","image/png","false"
"nouns","skip_verified","/Users/Sean/Desktop/nouns-backup/nouns/boat/boat_3.png","nouns/boat/boat_3.png","preserve_relative_path","","2256052","16dc9c3a0eac245f49dd32c0662c3ff8157be5780acabb6e743921dfaaff8e92","true","2256052","dc9ce1ca16faf7be83c3975dbd762f50","image/png","false"
"nouns","skip_verified","/Users/Sean/Desktop/nouns-backup/nouns/body/body_1.png","nouns/body/body_1.png","preserve_relative_path","","898444","b30cf34dcff4dc6e0cc92f080f5f482f2fd47341c005d0657f1d7d45439a2dc4","true","898444","991f16d0aa5f99f8d881ef7152990fd9","image/png","false"
"nouns","skip_verified","/Users/Sean/Desktop/nouns-backup/nouns/body/body_2.png","nouns/body/body_2.png","preserve_relative_path","","707789","1c8c6063cc0bafc746bfad8f902961d978c6f243f2827531cf9176a8026e2ee4","true","707789","ef037300e96fb99327eb47d1f49b1c94","image/png","false"
"nouns","skip_verified","/Users/Sean/Desktop/nouns-backup/nouns/body/body_3.png","nouns/body/body_3.png","preserve_relative_path","","1128797","2e978b0dfbffa6e0c73bb3deac605a57c46eec557b2e9e1f4ce13cbc61c6e881","true","1128797","e3efec68ba224e9c0cb3a99bd020ea0e","image/png","false"
"nouns","skip_verified","/Users/Sean/Desktop/nouns-backup/nouns/book_store/book_store_1.png","nouns/book_store/book_store_1.png","preserve_relative_path","","1886029","66d2d526e58bab226cc070b8f6c4d6ccec6f0fc6d30a5235a8e00dc80127d639","true","1886029","1b479616a568d4a7a100c4906b8620d4","image/png","false"
"nouns","skip_verified","/Users/Sean/Desktop/nouns-backup/nouns/book_store/book_store_2.png","nouns/book_store/book_store_2.png","preserve_relative_path","","2712571","b6cc51b2373794252d3c08b5a6fff7d90b3a85f18102db4626558fb063a0c6ec","true","2712571","f5136291a1e71b7706ba827509f50cd8","image/png","false"
"nouns","skip_verified","/Users/Sean/Desktop/nouns-backup/nouns/book_store/book_store_3.png","nouns/book_store/book_store_3.png","preserve_relative_path","","2089273","406202bc7f93dbb9bdfd274c80c9c8b0ce9b7991b59bed3042955e085e29474c","true","2089273","1eacb70d5b3994b71699afedcb89f8fc","image/png","false"
"nouns","skip_verified","/Users/Sean/Desktop/nouns-backup/nouns/bookcase/bookcase_1.png","nouns/bookcase/bookcase_1.png","preserve_relative_path","","1743628","033f0fe8702e750273e8aafe1f8c98645e0bd06bf713ef632c36b7932f7405a5","true","1743628","2cc3fba3821a5f4938686d2c434a1dae","image/png","false"
"nouns","skip_verified","/Users/Sean/Desktop/nouns-backup/nouns/bookcase/bookcase_2.png","nouns/bookcase/bookcase_2.png","preserve_relative_path","","2700599","4f58095eb4bb2cc0ef935c8b4b97d5f7f94bd18e07a6c754bd398c9bd98dccf7","true","2700599","12c44c08c2d2de5e5e8b68a0bb085b3e","image/png","false"
"nouns","skip_verified","/Users/Sean/Desktop/nouns-backup/nouns/boots/boots_1.png","nouns/boots/boots_1.png","preserve_relative_path","","1135817","d05736799cc782310af5380f7c421e8b53ac950697fba921592b7f356113d726","true","1135817","a67d287444b35090a13a28220ab7886f","image/png","false"
"nouns","skip_verified","/Users/Sean/Desktop/nouns-backup/nouns/boots/boots_2.png","nouns/boots/boots_2.png","preserve_relative_path","","1292158","1db106781de2902734732f28052d9e1abf259c5136cd9b78ff1112fdcf0581bf","true","1292158","cd65ae28a5eee6b4141ad5eb053eee92","image/png","false"
"nouns","skip_verified","/Users/Sean/Desktop/nouns-backup/nouns/bottle_opener/bottle_opener_1.png","nouns/bottle_opener/bottle_opener_1.png","preserve_relative_path","","430420","7e221d97cb8fb91522aa392cc5a1bd69ca0b6df80fd03bae1e7ccd5505b53346","true","430420","8a1932b1ed914cf6c73c9d3d051b9d22","image/png","false"
"nouns","skip_verified","/Users/Sean/Desktop/nouns-backup/nouns/bottle_opener/bottle_opener_2.png","nouns/bottle_opener/bottle_opener_2.png","preserve_relative_path","","671765","bf60e2eaabcd91f8dd7ec311aa7d664a91dea02d25eaca3655e62e28679296e8","true","671765","8168ab16c5ca143f386fd67a6779149a","image/png","false"
"nouns","skip_verified","/Users/Sean/Desktop/nouns-backup/nouns/bottle_opener/bottle_opener_3.png","nouns/bottle_opener/bottle_opener_3.png","preserve_relative_path","","1509540","73e3acf51269025bdd99b2830c407fad213f3019641f47c6c45c196bb9d66a26","true","1509540","d8bf9664cfb517b3c998b5c383a7256f","image/png","false"
"nouns","skip_verified","/Users/Sean/Desktop/nouns-backup/nouns/bottle/bottle_1.png","nouns/bottle/bottle_1.png","preserve_relative_path","","369287","0f888daea7ee97ab7fb33177e9d756ae889cee1c4acf4f18d69866934634ba41","true","369287","674dbff3a5e32d0a24710e662515e2f1","image/png","false"
"nouns","skip_verified","/Users/Sean/Desktop/nouns-backup/nouns/bottle/bottle_2.png","nouns/bottle/bottle_2.png","preserve_relative_path","","445785","4892f7996502378cfc04de6870dc9d8f32f6fa074f969ca2cfdc6538e888cc11","true","445785","4958b500a2f4bd4ebcf36c821b3eea86","image/png","false"
"nouns","skip_verified","/Users/Sean/Desktop/nouns-backup/nouns/bottle/bottle_3.png","nouns/bottle/bottle_3.png","preserve_relative_path","","930630","993cffad647c5e9ab70bcf78258956332fa1a8b831fa8def9eee11382f7debd7","true","930630","8e2a401101c11252a278943342dd70dc","image/png","false"
"nouns","skip_verified","/Users/Sean/Desktop/nouns-backup/nouns/bowl/bowl_1.png","nouns/bowl/bowl_1.png","preserve_relative_path","","294450","1e666788dfba3bbc933cca8dc52695da12c20282607ee555740f37aa1671b4e2","true","294450","da1468cf1b79b5c1ab8244a7b48aebb6","image/png","false"
"nouns","skip_verified","/Users/Sean/Desktop/nouns-backup/nouns/bowl/bowl_2.png","nouns/bowl/bowl_2.png","preserve_relative_path","","394407","66b45c8e2781743f3c8566fe1e42fef4dc70840120b9508c3f7e3e2e2d0dab97","true","394407","dac0bb3d817f842559dc961c850f31b7","image/png","false"
"nouns","skip_verified","/Users/Sean/Desktop/nouns-backup/nouns/bowl/bowl_3.png","nouns/bowl/bowl_3.png","preserve_relative_path","","890183","dc9b983c4e31aaed8976f3642d9db60cc0cacc38c07f452769a5ae8f45d428c4","true","890183","1504c443a5ae720b7c4f319a1f0cf07b","image/png","false"
"nouns","skip_verified","/Users/Sean/Desktop/nouns-backup/nouns/bowling/bowling_1.png","nouns/bowling/bowling_1.png","preserve_relative_path","","933291","61140ba3e8a82e4549b152883cc90516cedd8626593b36f04996c00540075718","true","933291","79203e9b6941aadc4da8d2f7f6549956","image/png","false"
"nouns","skip_verified","/Users/Sean/Desktop/nouns-backup/nouns/bowling/bowling_2.png","nouns/bowling/bowling_2.png","preserve_relative_path","","1427668","81315a7f5bfd97fe52dc43d6e1c827f99c56e74d03a576d98a076907afc49f85","true","1427668","447b7718edf8d8fb9372549e95fad7e2","image/png","false"
"nouns","skip_verified","/Users/Sean/Desktop/nouns-backup/nouns/bowling/bowling_3.png","nouns/bowling/bowling_3.png","preserve_relative_path","","2114003","2029278908687fe98d5dbe40377dd15d4737954c39eb0ee7f7e9ca20dcc29d24","true","2114003","da4815a74d1f97301d919530a194fd9a","image/png","false"
"nouns","skip_verified","/Users/Sean/Desktop/nouns-backup/nouns/boy/boy_1.png","nouns/boy/boy_1.png","preserve_relative_path","","642266","270f7f1273943ebc6d52afccbc00cb440971dd1eeb9ba4d134ef19995d3ff576","true","642266","fe82e6077a665033e39c4115ef18c1d1","image/png","false"
"nouns","skip_verified","/Users/Sean/Desktop/nouns-backup/nouns/boy/boy_2.png","nouns/boy/boy_2.png","preserve_relative_path","","1233731","51177cd4d899ad38ab82d0f4a8811c16e5d69c27f32f29fa68fec160361f6bf9","true","1233731","41ac32f164fefeea2605ff0a97622f96","image/png","false"
"nouns","skip_verified","/Users/Sean/Desktop/nouns-backup/nouns/bread/bread_1.png","nouns/bread/bread_1.png","preserve_relative_path","","1754149","e5edf0f68cfa295d41834acff5195c9c819dc38af8259718beb1fb2c2b27debc","true","1754149","d90d400fcc37adb200372147b0b322d9","image/png","false"
"nouns","skip_verified","/Users/Sean/Desktop/nouns-backup/nouns/bread/bread_2.png","nouns/bread/bread_2.png","preserve_relative_path","","1207945","35173100fa7b7ab89e2c4752157779f31e26cfff48206c0e99dad355391254fa","true","1207945","f7d7ef5d04dcfdba0bbd20c5fc3a9f5e","image/png","false"
"nouns","skip_verified","/Users/Sean/Desktop/nouns-backup/nouns/broccoli/broccoli_1.png","nouns/broccoli/broccoli_1.png","preserve_relative_path","","1154926","60de1e34eab6520f5c4cd5703057286a17e064dd6a052500320b37bbe30db03d","true","1154926","f5be2fbe1becc2af971612c399cff28d","image/png","true"
"nouns","skip_verified","/Users/Sean/Desktop/nouns-backup/nouns/broccoli/broccoli_2.png","nouns/broccoli/broccoli_2.png","preserve_relative_path","","1644485","e311e51bd8fda953866b2c140d997d5b0e14b56557166e56951ffff2dec83591","true","1644485","5c500987cccb5a7afafeac41647380ca","image/png","true"
"nouns","skip_verified","/Users/Sean/Desktop/nouns-backup/nouns/broken_arm/broken_arm_1.png","nouns/broken_arm/broken_arm_1.png","preserve_relative_path","","871275","ee3c6d116d78bd08fb72b3e68f898059aff6e7ee94868a5e202040fc6bb3ae75","true","871275","87c0f7f5a6f8b763215ae7ad14fc5390","image/png","false"
"nouns","skip_verified","/Users/Sean/Desktop/nouns-backup/nouns/broken_arm/broken_arm_2.png","nouns/broken_arm/broken_arm_2.png","preserve_relative_path","","779978","81b0967e58e9f939cea34f44f0f8eff5902c334e36624f1b5da19764cbce7a56","true","779978","e09bb594fde2670ddb871bc7566fed2f","image/png","false"
"nouns","skip_verified","/Users/Sean/Desktop/nouns-backup/nouns/broken_leg/broken_leg_1.png","nouns/broken_leg/broken_leg_1.png","preserve_relative_path","","1036181","4619fb1be3904057c6fd780ef45ce900b337fd2157c2316a12d094ece8b6d329","true","1036181","4d7be38a1c962b11d1b9792a4928f7b6","image/png","false"
"nouns","skip_verified","/Users/Sean/Desktop/nouns-backup/nouns/broken_leg/broken_leg_2.png","nouns/broken_leg/broken_leg_2.png","preserve_relative_path","","875243","16e7391a78eb2337d366ed3602e10409fb4307c3793dce592a3614e95121c785","true","875243","5f1d8b35cb29ee4609b58140ae509943","image/png","false"
"nouns","skip_verified","/Users/Sean/Desktop/nouns-backup/nouns/brother/brother_1.png","nouns/brother/brother_1.png","preserve_relative_path","","621020","fc0c4f9058f31d8f329eab3ed072673f6dcedd575371db7198e7c634a557b1af","true","621020","75bf9344f297f3f7ba8aec669b6f797e","image/png","false"
"nouns","skip_verified","/Users/Sean/Desktop/nouns-backup/nouns/brother/brother_2.png","nouns/brother/brother_2.png","preserve_relative_path","","811376","e6a598a83a9fe9bc69e20824a10ee0bca0465a26f88dfb411c64db3c72e26915","true","811376","1187c4a8fe5eff0cb39bbb44057dd20f","image/png","false"
"nouns","skip_verified","/Users/Sean/Desktop/nouns-backup/nouns/brother/brother_3.png","nouns/brother/brother_3.png","preserve_relative_path","","868509","b130dc21c3f7d5bf235159d34c092d46c6f2e118627705fcf7409f370c2a3c28","true","868509","87ae73a0c3481aea76c8599e23300ef3","image/png","false"
"nouns","skip_verified","/Users/Sean/Desktop/nouns-backup/nouns/bruise/bruise_1.png","nouns/bruise/bruise_1.png","preserve_relative_path","","889575","edcad06b699a3be540dbb60a786ecef78d1c8aed0b3b43f628338e6332e9c8d3","true","889575","ed8b6df5e49852550cd477de764f879b","image/png","false"
"nouns","skip_verified","/Users/Sean/Desktop/nouns-backup/nouns/bruise/bruise_2.png","nouns/bruise/bruise_2.png","preserve_relative_path","","756125","7dde95bcc30674a48bb07897aa7fbda51690669eba842c7e066ae436365a9003","true","756125","007a2b829f46dfc45e3992e08303e219","image/png","false"
"nouns","skip_verified","/Users/Sean/Desktop/nouns-backup/nouns/budhas_birthday/budhas_birthday_1.png","nouns/budhas_birthday/budhas_birthday_1.png","preserve_relative_path","","1081789","7b5576eed97f2e0b8eae0f7a1ba5ab0a7d02b4801e12e909b00e06f05044028f","true","1081789","41f6f91124f6aaaeac0dd2e03a953b3b","image/png","false"
"nouns","skip_verified","/Users/Sean/Desktop/nouns-backup/nouns/budhas_birthday/budhas_birthday_2.png","nouns/budhas_birthday/budhas_birthday_2.png","preserve_relative_path","","1346464","27ad505bc6f43a7dc569a1eb07367fa9b6e073a3e12a0a639ab0cd0dfbab2e51","true","1346464","9ae2704887317502c4ca53fc5ac758d3","image/png","false"
"nouns","skip_verified","/Users/Sean/Desktop/nouns-backup/nouns/bug/bug_1.png","nouns/bug/bug_1.png","preserve_relative_path","","879637","44b43236e38354ea79ca2385b980c8e8e45942597803292f59900cee257871b5","true","879637","68e576d8e9081c1174ca8d1705a29faa","image/png","false"
"nouns","skip_verified","/Users/Sean/Desktop/nouns-backup/nouns/bug/bug_2.png","nouns/bug/bug_2.png","preserve_relative_path","","1423620","15996bbed9f9a05a2be81010656177a5fbae9be3d3dcd6ab7eeeb78b5a5922ef","true","1423620","131f07c767668cc9318651e8056fc6f0","image/png","false"
"nouns","skip_verified","/Users/Sean/Desktop/nouns-backup/nouns/builder/builder_1.png","nouns/builder/builder_1.png","preserve_relative_path","","621007","657a975c1287a5de2f4d6eb7e009e5c23d30867976f93044ae407a0c2004aa8e","true","621007","dfe9c59fb1359ba3803046caa2720321","image/png","false"
"nouns","skip_verified","/Users/Sean/Desktop/nouns-backup/nouns/builder/builder_2.png","nouns/builder/builder_2.png","preserve_relative_path","","1213829","f6d7e8dd68f8f213fd08488df58d451f65949439044be2f3da9b1fe66cd0e963","true","1213829","b49a2631c656606bc09adcb3f65eb236","image/png","false"
"nouns","skip_verified","/Users/Sean/Desktop/nouns-backup/nouns/bunny/bunny_1.png","nouns/bunny/bunny_1.png","preserve_relative_path","","843925","2b670e4b756775539e7a488da60af37fad4311f13527b2b2f9fe75ae3e03c931","true","843925","69c44ce0fdd2de55f12924e257541708","image/png","true"
"nouns","skip_verified","/Users/Sean/Desktop/nouns-backup/nouns/bunny/bunny_2.png","nouns/bunny/bunny_2.png","preserve_relative_path","","1007798","4a1c84f64d7f6ee84d446742467afa83a8c9dc8b7cf4667ab9f91c1bd1a64a17","true","1007798","1e9a388edc0a7c2848852f18dec34c51","image/png","true"
"nouns","skip_verified","/Users/Sean/Desktop/nouns-backup/nouns/bus_driver/bus_driver_1.png","nouns/bus_driver/bus_driver_1.png","preserve_relative_path","","632025","3b4dac503d0756d43ae3a8bcee6603ca44390f944a49e502a64a773594214af8","true","632025","de26e153fb31c6ad2ebddf3a2cfd8d2f","image/png","false"
"nouns","skip_verified","/Users/Sean/Desktop/nouns-backup/nouns/bus_driver/bus_driver_2.png","nouns/bus_driver/bus_driver_2.png","preserve_relative_path","","1189454","a5de87da4dcbc06cec9ec30850a004b80a243667fd8d49f68b90e0255080aa30","true","1189454","4367e3da28d05ed9e69a1d708b7719d6","image/png","false"
"nouns","skip_verified","/Users/Sean/Desktop/nouns-backup/nouns/bus_stop/bus_stop_1.png","nouns/bus_stop/bus_stop_1.png","preserve_relative_path","","1705482","eb4885e823519e3710239871a83e6a4834569821e1c327eb65da28b4e88c7179","true","1705482","5fe96efe23058e9d79b5678714c8c63d","image/png","false"
"nouns","skip_verified","/Users/Sean/Desktop/nouns-backup/nouns/bus_stop/bus_stop_2.png","nouns/bus_stop/bus_stop_2.png","preserve_relative_path","","2152525","f6cf367838f638b86914ff0242278b6cf38bcd12303648cf52e8e26e1a416484","true","2152525","deeeb1a735785964cf5ffb0ac0c05ced","image/png","false"
"nouns","skip_verified","/Users/Sean/Desktop/nouns-backup/nouns/bus_stop/bus_stop_3.png","nouns/bus_stop/bus_stop_3.png","preserve_relative_path","","1881060","a70a4254718eb76c8268f493fb0aa7c7569d61b17076950e7bc8766628fb1005","true","1881060","47f65d09c137812f7cad739bd86846aa","image/png","false"
"nouns","skip_verified","/Users/Sean/Desktop/nouns-backup/nouns/bus_terminal/bus_terminal_1.png","nouns/bus_terminal/bus_terminal_1.png","preserve_relative_path","","1602617","112072aa4dbebada1ad7b5ab17d09d3080e44858ac3e8cd699a600073f73b76b","true","1602617","a69d3e2f46bd50a63781ca0066785ec0","image/png","false"
"nouns","skip_verified","/Users/Sean/Desktop/nouns-backup/nouns/bus_terminal/bus_terminal_2.png","nouns/bus_terminal/bus_terminal_2.png","preserve_relative_path","","1429474","3040279dd98a34ac4c3fb87083d4a3351735439bb6f617b834331f2f372b9ee1","true","1429474","ac40ebe8a3a94f536349fde80e254bf9","image/png","false"
"nouns","skip_verified","/Users/Sean/Desktop/nouns-backup/nouns/bus_terminal/bus_terminal_3.png","nouns/bus_terminal/bus_terminal_3.png","preserve_relative_path","","2045843","d19e21e267decf387d977b6ac37b71f7f2e26da425943ebba15a601176187e4d","true","2045843","22f03ade7e3df67cc948bf4b16218ba6","image/png","false"
"nouns","skip_verified","/Users/Sean/Desktop/nouns-backup/nouns/bus/bus_1.png","nouns/bus/bus_1.png","preserve_relative_path","","1309066","f3ef52076e260c2aefea4b6d00ab91cc607ad93595ec42ef663a604447645f83","true","1309066","f73af42dea26aa179081d56cc84c1d7f","image/png","false"
"nouns","skip_verified","/Users/Sean/Desktop/nouns-backup/nouns/bus/bus_2.png","nouns/bus/bus_2.png","preserve_relative_path","","1149922","3bb0ec86316aaf05cbee251dfec8c373ebf2a65eaf39688205894ced0b2692e6","true","1149922","329216ea346012299d3734be6293319a","image/png","false"
"nouns","skip_verified","/Users/Sean/Desktop/nouns-backup/nouns/bus/bus_3.png","nouns/bus/bus_3.png","preserve_relative_path","","2390977","42a1e5d9d39b988feaf9f50f903f841b213545d4c5b217f77cdeb8e179dcc754","true","2390977","a54ce851288d99164b6f01a402bfacf3","image/png","false"
"nouns","skip_verified","/Users/Sean/Desktop/nouns-backup/nouns/bush/bush_1.png","nouns/bush/bush_1.png","preserve_relative_path","","1072710","d1fbb0546058be77c769963235e6b941d1808e838e832d5f3a30499006d37c6a","true","1072710","5287aea1505dec65bb74cd83989ffad3","image/png","false"
"nouns","skip_verified","/Users/Sean/Desktop/nouns-backup/nouns/bush/bush_2.png","nouns/bush/bush_2.png","preserve_relative_path","","1279550","e16c4a57d78b5b4456f815fd95dd2d9ee24102b17dc9e9110f746d2221fe3661","true","1279550","851edef3f3f10d04803755477be3e104","image/png","false"
"nouns","skip_verified","/Users/Sean/Desktop/nouns-backup/nouns/butterfly/butterfly_1.png","nouns/butterfly/butterfly_1.png","preserve_relative_path","","932649","f0ba486ebb9d975f2457b2a319d92de17cc642e349123826a197827528129ba9","true","932649","a5dab408be6783be7b8b81c964445275","image/png","false"
"nouns","skip_verified","/Users/Sean/Desktop/nouns-backup/nouns/butterfly/butterfly_2.png","nouns/butterfly/butterfly_2.png","preserve_relative_path","","1594180","370fad7256c4b92b7b091437a86e3c590f727c6f610e9680490d2f2832d895ba","true","1594180","c0067868b85ffc388f86c8134882a72b","image/png","false"
"nouns","skip_verified","/Users/Sean/Desktop/nouns-backup/nouns/cabbage/cabbage_1.png","nouns/cabbage/cabbage_1.png","preserve_relative_path","","1462326","0c8362180597749a829f3f1065b31744d0c3c9bae8bd02980c9be4d474aea904","true","1462326","1ea68d8f694bc91984a9e20f074fa4e7","image/png","true"
"nouns","skip_verified","/Users/Sean/Desktop/nouns-backup/nouns/cabbage/cabbage_2.png","nouns/cabbage/cabbage_2.png","preserve_relative_path","","1671162","c0d94b7c7b43cc22d794afd09a228223d09fd397f2083bcd02055e5ddf18dcc8","true","1671162","c0a9e997a1f5f241b0eb7fa34c8c04d9","image/png","true"
"nouns","skip_verified","/Users/Sean/Desktop/nouns-backup/nouns/cabbage/cabbage_3.png","nouns/cabbage/cabbage_3.png","preserve_relative_path","","1394975","e1f90308b40107625282284ae6d7e033531372e7fcbdfc42a37395fce70141aa","true","1394975","d5dbd7cdb54de8fd3c1a36a3c194461b","image/png","true"
"nouns","skip_verified","/Users/Sean/Desktop/nouns-backup/nouns/cafe/cafe_1.png","nouns/cafe/cafe_1.png","preserve_relative_path","","2044660","c9a9b29109fc56869080ab0e1840378fed1b9ce669506d13186a8f8a1431d748","true","2044660","c998a25aa84c85c11f63977b0675e782","image/png","false"
"nouns","skip_verified","/Users/Sean/Desktop/nouns-backup/nouns/cafe/cafe_2.png","nouns/cafe/cafe_2.png","preserve_relative_path","","1194441","a257efe8b044a6ace62893f3f1a3e3a51803fa10546b08fdfa2faee0061fb69e","true","1194441","0f432539e44d02c103ff975bcd9f3c85","image/png","false"
"nouns","skip_verified","/Users/Sean/Desktop/nouns-backup/nouns/cafe/cafe_3.png","nouns/cafe/cafe_3.png","preserve_relative_path","","2328448","505b1fb297aa3497f7d6b8121ba950ef93210877a28e1fcd897b333ac15c8e55","true","2328448","458442459b749cfa7780ab2da844b5f1","image/png","false"
"nouns","skip_verified","/Users/Sean/Desktop/nouns-backup/nouns/cake/cake_1.png","nouns/cake/cake_1.png","preserve_relative_path","","1336539","20f6506a17fb632f1488a17644a25510a685a689b51ed8d15910b7617af81335","true","1336539","6ccdf4d890a3243dcf41eb1aaed03b65","image/png","false"
"nouns","skip_verified","/Users/Sean/Desktop/nouns-backup/nouns/cake/cake_2.png","nouns/cake/cake_2.png","preserve_relative_path","","2356854","5d63f4c359fe3cabda80f4b90554e45f558cf132fcc1b2c849a33e7cab162142","true","2356854","bf7bcb35b1dc9eb1e650bce416835ecd","image/png","false"
"nouns","skip_verified","/Users/Sean/Desktop/nouns-backup/nouns/calf/calf_1.png","nouns/calf/calf_1.png","preserve_relative_path","","806535","6b58edec5daa9150aaf0dfdf5573701ddb03e46f436d3e9ba441cad90cdb6627","true","806535","8f170e8c9bccedc76f86dcbe6085d41c","image/png","true"
"nouns","skip_verified","/Users/Sean/Desktop/nouns-backup/nouns/calf/calf_2.png","nouns/calf/calf_2.png","preserve_relative_path","","1079761","604c5354cd908ef4eda3a2ec32b933a9d5f73c8b3853e61b4347d9fde7deb17b","true","1079761","9175f429fd8890107072fbe075dc9d1d","image/png","true"
"nouns","skip_verified","/Users/Sean/Desktop/nouns-backup/nouns/cap/cap_1.png","nouns/cap/cap_1.png","preserve_relative_path","","902933","789114dda54009d1b932b3c0aacb9a2d0a62369734a9f16fb2ac12f4a24d9d10","true","902933","d44c04bc312a8b446193f65ae07b6bdd","image/png","false"
"nouns","skip_verified","/Users/Sean/Desktop/nouns-backup/nouns/cap/cap_2.png","nouns/cap/cap_2.png","preserve_relative_path","","1270015","1aa5c89d49affcb597e421f4b35d8c90daba051e6d6bb5e8a94dd2bcf57cad03","true","1270015","e50c0838f020832d8ea171dc749cd4db","image/png","false"
"nouns","skip_verified","/Users/Sean/Desktop/nouns-backup/nouns/car/car_1.png","nouns/car/car_1.png","preserve_relative_path","","1570317","da82a5e3d66e50178ebcbef249103a86657e24bc8114cf8892973d70aa85967f","true","1570317","086c2f2c2370d8d988b775fbe3c70ed4","image/png","false"
"nouns","skip_verified","/Users/Sean/Desktop/nouns-backup/nouns/car/car_2.png","nouns/car/car_2.png","preserve_relative_path","","871042","f1fdb25ab2a1bc4c5df044d0628f985f4083789330f012826797dca438116ade","true","871042","41f61405ed8509799d6900bf7d0ab33c","image/png","false"
"nouns","skip_verified","/Users/Sean/Desktop/nouns-backup/nouns/car/car_3.png","nouns/car/car_3.png","preserve_relative_path","","2067786","9aa79e2ecc0537815c7508fc0c681372c0f5e1b3615cf23a3b5cede3116cf07f","true","2067786","80a9cb5ad6d5fbe21774857e5df602da","image/png","false"
"nouns","skip_verified","/Users/Sean/Desktop/nouns-backup/nouns/carpenter/carpenter_1.png","nouns/carpenter/carpenter_1.png","preserve_relative_path","","778965","6dc1a061397425c572f5c239752af07f7445de49a1849ffde808055984dcd0a9","true","778965","d19e6f154d591bd9a0ffd58c23dbde75","image/png","false"
"nouns","skip_verified","/Users/Sean/Desktop/nouns-backup/nouns/carpenter/carpenter_2.png","nouns/carpenter/carpenter_2.png","preserve_relative_path","","1411500","cf7fd631084cb1941002eab017f71aa84119e5b935528907029b2b378a60ce02","true","1411500","689cd3305050b6dfdd0ee9edb12c791c","image/png","false"
"nouns","skip_verified","/Users/Sean/Desktop/nouns-backup/nouns/carrot/carrot_1.png","nouns/carrot/carrot_1.png","preserve_relative_path","","526809","d26bd735220de4ac04e645f5bf8ac5caef854dec8420f08cf3519d4f1bda6b35","true","526809","0d3a4bb646897563dfc9eed7a0ac37fb","image/png","true"
"nouns","skip_verified","/Users/Sean/Desktop/nouns-backup/nouns/carrot/carrot_2.png","nouns/carrot/carrot_2.png","preserve_relative_path","","817514","dfc292f4b80f952e3f344d0aee3e4e6fc243c4ef7cffc84c0a4eed21004f3eea","true","817514","88f9558fc53ec847ff7ab15fabcdcd70","image/png","true"
"nouns","skip_verified","/Users/Sean/Desktop/nouns-backup/nouns/carrot/carrot_3.png","nouns/carrot/carrot_3.png","preserve_relative_path","","645917","86f221fd65cefbe6126d3278fe0f4cefb9e67a2b5b32fcb237bf7f3e26664f6c","true","645917","01f7b5989ac6046eab747880d0d08b31","image/png","true"
"nouns","skip_verified","/Users/Sean/Desktop/nouns-backup/nouns/cashier/cashier_1.png","nouns/cashier/cashier_1.png","preserve_relative_path","","703886","bb896bbc65e17b464fa86260a3cf048c7359c82120e09394106051830751d77c","true","703886","34420fd39596587c7da74f13af9cd167","image/png","false"
"nouns","skip_verified","/Users/Sean/Desktop/nouns-backup/nouns/cashier/cashier_2.png","nouns/cashier/cashier_2.png","preserve_relative_path","","1278440","d2835f5700b1dc3f0826663487bf7886d46066d118e85f69e100bbcd6c5f5aa0","true","1278440","a494b6c2ae02e98bc207a26986f2af75","image/png","false"
"nouns","skip_verified","/Users/Sean/Desktop/nouns-backup/nouns/cat/cat_1.png","nouns/cat/cat_1.png","preserve_relative_path","","920651","84ece28e9fc375174ca140a3b638b519ae42418aa61090d0bc530844c1949966","true","920651","9df2cc99920121805350bba7255120ed","image/png","true"
"nouns","skip_verified","/Users/Sean/Desktop/nouns-backup/nouns/cat/cat_2.png","nouns/cat/cat_2.png","preserve_relative_path","","1253218","940e8a14c99e5aeb0bfb7d0d110cbee8c1431999519565f5076fb5b9a451630f","true","1253218","16b9bf2aabb4f4862ff2b419520c393a","image/png","true"
"nouns","skip_verified","/Users/Sean/Desktop/nouns-backup/nouns/cereal/cereal_1.png","nouns/cereal/cereal_1.png","preserve_relative_path","","1936547","008db714cc285086f8fc26f703c842d05fae150bacc7dae2f17a7348ababd92b","true","1936547","016222e6dbcc5eed10855b2ebc10543c","image/png","false"
"nouns","skip_verified","/Users/Sean/Desktop/nouns-backup/nouns/cereal/cereal_2.png","nouns/cereal/cereal_2.png","preserve_relative_path","","1782050","55abf88d7b49bf256773cc3726ab86613043844b002f5d61cf13c7ab1eca172c","true","1782050","468d61072c20c66e58830fd94284a352","image/png","false"
"nouns","skip_verified","/Users/Sean/Desktop/nouns-backup/nouns/chair_furniture/chair_furniture_1.png","nouns/chair_furniture/chair_furniture_1.png","preserve_relative_path","","2237575","57260d6d9dda299eabbdea54718dccf05c0a73744a2d3686ec690629f9a67270","true","2237575","5382b97ab93de50f698978dc0556b15e","image/png","false"
"nouns","skip_verified","/Users/Sean/Desktop/nouns-backup/nouns/chair_furniture/chair_furniture_2.png","nouns/chair_furniture/chair_furniture_2.png","preserve_relative_path","","799545","cdbfb71f5b48ca93f175f73c372b71246f24d0784d04bf7c66670b9f1e820a5c","true","799545","59c148bad167ddf97f57f3a3cdaeb7ac","image/png","false"
"nouns","skip_verified","/Users/Sean/Desktop/nouns-backup/nouns/chair/chair_1.png","nouns/chair/chair_1.png","preserve_relative_path","","581052","4038b543615348b389016999e68ed2f68939adfa878af46387dd600ed3d2cbba","true","581052","f9a33f7f626812a6a4bd567ae4fc5d89","image/png","false"
"nouns","skip_verified","/Users/Sean/Desktop/nouns-backup/nouns/chair/chair_2.png","nouns/chair/chair_2.png","preserve_relative_path","","1219774","9f118f4d8deb1bf0909c2e0e814f54cb6676508fc1d7ab4cda75cbd8fdf56c3f","true","1219774","b47ade665cbf5a7134d0e8963e8cf2f7","image/png","false"
"nouns","skip_verified","/Users/Sean/Desktop/nouns-backup/nouns/chair/chair_3.png","nouns/chair/chair_3.png","preserve_relative_path","","1416383","32c8237bbbd5f8a77967cb07113ae5414a8c9263c1a11029a49fa235c482fcb8","true","1416383","3e568ac69645088c6d2c234cefc8c3aa","image/png","false"
"nouns","skip_verified","/Users/Sean/Desktop/nouns-backup/nouns/cheese/cheese_1.png","nouns/cheese/cheese_1.png","preserve_relative_path","","1081317","00baa958143c117fd2b5ce6b37929f472bcef194a2f56ea7a8ed377bd3a577e8","true","1081317","a1f6aab180b94e78364fed4f726f704d","image/png","false"
"nouns","skip_verified","/Users/Sean/Desktop/nouns-backup/nouns/cheese/cheese_2.png","nouns/cheese/cheese_2.png","preserve_relative_path","","1742524","cfcb95476d25337a531c81131a51ad546580f903f310285758ca4b34ce1bebf0","true","1742524","ec0b5594009deb4c75330bf2900743ea","image/png","false"
"nouns","skip_verified","/Users/Sean/Desktop/nouns-backup/nouns/cheeseburger/cheeseburger_1.png","nouns/cheeseburger/cheeseburger_1.png","preserve_relative_path","","1686790","4d58295ba1c37cbe489cc5885650883b3e2b65cb42f55a53142534b68d6268f9","true","1686790","d6962010e1e8e744c214ceb72baa3c1b","image/png","false"
"nouns","skip_verified","/Users/Sean/Desktop/nouns-backup/nouns/cheeseburger/cheeseburger_2.png","nouns/cheeseburger/cheeseburger_2.png","preserve_relative_path","","2133479","b39a342734c19eabae0457dc262a49888d6243381d460963e9fb83a25141a33e","true","2133479","2ba15b99fda26baf18ea9f82a0811ab8","image/png","false"
"nouns","skip_verified","/Users/Sean/Desktop/nouns-backup/nouns/chef/chef_1.png","nouns/chef/chef_1.png","preserve_relative_path","","521299","1340e4c7d30e17f705a83e0878f06ac5bdb82c045b2ed8c41e78453dfaf8ca31","true","521299","a6e28ec784b5a921efcbe8d5884b570d","image/png","false"
"nouns","skip_verified","/Users/Sean/Desktop/nouns-backup/nouns/chef/chef_2.png","nouns/chef/chef_2.png","preserve_relative_path","","1234048","df10f5cfb7ade8515b1a5795575c57c20cb7755a90c3968aacc7ae7bb5691bcc","true","1234048","935da947d3d70b7baa824e614acf3f62","image/png","false"
"nouns","skip_verified","/Users/Sean/Desktop/nouns-backup/nouns/cherry/cherry_1.png","nouns/cherry/cherry_1.png","preserve_relative_path","","732314","dd355d216ec630f2eac3d4d0765b86e28f33185e9ec84363c54058bf06a33881","true","732314","826058dc839f8a75d419bd2b7416bd31","image/png","true"
"nouns","skip_verified","/Users/Sean/Desktop/nouns-backup/nouns/cherry/cherry_2.png","nouns/cherry/cherry_2.png","preserve_relative_path","","815156","5bce0f66c5a389c1915dbdc762a7e9aac09541f1fa7579352d9c4f9f7e2df7ca","true","815156","dc106f964fdf69daae8bb23e7e110a0b","image/png","true"
"nouns","skip_verified","/Users/Sean/Desktop/nouns-backup/nouns/chick/chick_1.png","nouns/chick/chick_1.png","preserve_relative_path","","725878","e10f46d6fc06c67c9ee4196c4775f7ce3708a6f0a27484f14619c25ea04fc58a","true","725878","3b63e70c88cbc2faf955add12fe9906b","image/png","true"
"nouns","skip_verified","/Users/Sean/Desktop/nouns-backup/nouns/chick/chick_2.png","nouns/chick/chick_2.png","preserve_relative_path","","774669","6dbb445289a335d12eccc207366e36606dc5fc4cfcbd0599167b6eea01d5e8d7","true","774669","b943af37bf53f11292e1f9ccf17330b8","image/png","true"
"nouns","skip_verified","/Users/Sean/Desktop/nouns-backup/nouns/chicken_animal/chicken_1.png","nouns/chicken_animal/chicken_1.png","preserve_relative_path","","831913","469f4c7abbddb40c80813e2e2ecfa79b7798e26393fbc37b3811b49406ab36ba","true","831913","12700fc844c77d24e94e3c0726e0e059","image/png","false"
"nouns","skip_verified","/Users/Sean/Desktop/nouns-backup/nouns/chicken_animal/chicken_2.png","nouns/chicken_animal/chicken_2.png","preserve_relative_path","","1274093","50093085c43735acf9cd4684e19edcad9ba8b02ba4e2d25c85f8992ded504418","true","1274093","12c51c306ca4889375fea9762ae161ff","image/png","false"
"nouns","skip_verified","/Users/Sean/Desktop/nouns-backup/nouns/chicken_food/chicken_food_1.png","nouns/chicken_food/chicken_food_1.png","preserve_relative_path","","2123824","33cbfa27a6062baadcd1eb076314709cd4970ebbbcda0ab8f4b306d53505d550","true","2123824","bfc353b3cb41183e8d89f6df8a091443","image/png","false"
"nouns","skip_verified","/Users/Sean/Desktop/nouns-backup/nouns/chicken_food/chicken_food_2.png","nouns/chicken_food/chicken_food_2.png","preserve_relative_path","","1334216","88841cafd0200b0be0537440a58f5de236f03364fd424e37769111bf916cc2c3","true","1334216","043163ccd10fc40594a153df4b9ed024","image/png","false"
"nouns","skip_verified","/Users/Sean/Desktop/nouns-backup/nouns/child/child_1.png","nouns/child/child_1.png","preserve_relative_path","","757975","169f1847ff9db788b83c1dce469a509b899eb7cf35b95a0477c181c9dfa08902","true","757975","2edbd449f252a603a1562b8209fadcb6","image/png","false"
"nouns","skip_verified","/Users/Sean/Desktop/nouns-backup/nouns/child/child_2.png","nouns/child/child_2.png","preserve_relative_path","","1319518","831111e7a017f23fb8f97b358d5109b23dd4346a443ce7ec831040f4aed3de8e","true","1319518","d5236c68a039b96b1c104afbc09f1dd0","image/png","false"
"nouns","skip_verified","/Users/Sean/Desktop/nouns-backup/nouns/childrens_day/childrens_day_1.png","nouns/childrens_day/childrens_day_1.png","preserve_relative_path","","1109016","82a8cde166f6a374a8e52d56558fb34a0dfe9b3fc5e555b8d8f548e8d09aff9f","true","1109016","073969ff5f1764268d95cd0f52ce5c40","image/png","false"
"nouns","skip_verified","/Users/Sean/Desktop/nouns-backup/nouns/childrens_day/childrens_day_2.png","nouns/childrens_day/childrens_day_2.png","preserve_relative_path","","1345758","cde4830269452ec292f76cfeba92b509b85c27fa6fc9d8e79267f956e01660a0","true","1345758","89d834e95e33b1808fdb686cebecab1d","image/png","false"
"nouns","skip_verified","/Users/Sean/Desktop/nouns-backup/nouns/chilli/chilli_1.png","nouns/chilli/chilli_1.png","preserve_relative_path","","575039","f46b35e043d3f5e9f1e714545ef0169fda5c34ccdf3506d78d9bb985e5d54e12","true","575039","f45cfb2469a2aadb1188daf6b36a06b9","image/png","true"
"nouns","skip_verified","/Users/Sean/Desktop/nouns-backup/nouns/chilli/chilli_2.png","nouns/chilli/chilli_2.png","preserve_relative_path","","823782","060813fcdbfef540a0e31d215fa565370dc7f987adf0ac6f1aa116fad97ff736","true","823782","48f7552e28e8a4329d9bc081a21fa613","image/png","true"
"nouns","skip_verified","/Users/Sean/Desktop/nouns-backup/nouns/chilli/chilli_3.png","nouns/chilli/chilli_3.png","preserve_relative_path","","870367","1fec38bce1e9274a0055360f216b01a24e81bd7128342eeccb53b906af715f4c","true","870367","e9087c1ab6696eb4c7d2f9317a1e5b81","image/png","true"
"nouns","skip_verified","/Users/Sean/Desktop/nouns-backup/nouns/chinese/chinese_1.png","nouns/chinese/chinese_1.png","preserve_relative_path","","2492900","a6a0aaf94cecfaf4e3555cd11f2ba0e9f09be7897f789667f0535ac3103c78a9","true","2492900","a0666ef5a23adb982a7b0656ca2f5d2b","image/png","false"
"nouns","skip_verified","/Users/Sean/Desktop/nouns-backup/nouns/chinese/chinese_2.png","nouns/chinese/chinese_2.png","preserve_relative_path","","2499811","6a79ea72a8074164e530d4c314e8631d007937bc2f65bf07589a62e34d92be07","true","2499811","f318b25999411284be0688a84f6916cb","image/png","false"
"nouns","skip_verified","/Users/Sean/Desktop/nouns-backup/nouns/chinese/chinese_3.png","nouns/chinese/chinese_3.png","preserve_relative_path","","2674593","3de428a4d6f890c42f79d6c6f7f8851cd8cdcde5d1a956ea6e09f97c3c986e22","true","2674593","1c2470268437618374beed849c293280","image/png","false"
"nouns","skip_verified","/Users/Sean/Desktop/nouns-backup/nouns/chopping_board/chopping_board_1.png","nouns/chopping_board/chopping_board_1.png","preserve_relative_path","","646431","55bcf4a445d1d11e047d7b391a546126807ef59c3b9763d6c555b3ceb2862190","true","646431","eaa16173b6b2f2efc9c9b8167acdc2c6","image/png","false"
"nouns","skip_verified","/Users/Sean/Desktop/nouns-backup/nouns/chopping_board/chopping_board_2.png","nouns/chopping_board/chopping_board_2.png","preserve_relative_path","","481779","6be0ac35973f5ccbb892c3a885f981ad81d7dce3f559f1d5a4a82534f01d236e","true","481779","0909600c32bb866ee6b758d04f1d34ad","image/png","false"
"nouns","skip_verified","/Users/Sean/Desktop/nouns-backup/nouns/chopping_board/chopping_board_3.png","nouns/chopping_board/chopping_board_3.png","preserve_relative_path","","1042450","2305a3117faca81018a2c60c322fa710e467933f3304d35e2ac2b4257f04eab0","true","1042450","71858862ac7d01f716d9b99cc3976e97","image/png","false"
"nouns","skip_verified","/Users/Sean/Desktop/nouns-backup/nouns/chopsticks/chopsticks_1.png","nouns/chopsticks/chopsticks_1.png","preserve_relative_path","","288222","5cddc6d78cb249b57224f27393a0d28007d27eadb742831120c8e5de77178b46","true","288222","e3967d22720ce2b0b8b3290a2a47d7f2","image/png","false"
"nouns","skip_verified","/Users/Sean/Desktop/nouns-backup/nouns/chopsticks/chopsticks_2.png","nouns/chopsticks/chopsticks_2.png","preserve_relative_path","","366753","85786daefdbbb62b1d311d9f5e485c7ee561105ba3bd0c3a783ac0617a2f4576","true","366753","2fdd840a7f7c3ded7d2a410968bb0de4","image/png","false"
"nouns","skip_verified","/Users/Sean/Desktop/nouns-backup/nouns/chopsticks/chopsticks_3.png","nouns/chopsticks/chopsticks_3.png","preserve_relative_path","","1313555","0b069c22fd7dabbfe57a729c1e2c3e083219eef0d30e0568ca8244d02d1506ef","true","1313555","28b7bf17d204e55efaaba92c194e161f","image/png","false"
"nouns","skip_verified","/Users/Sean/Desktop/nouns-backup/nouns/christmas_dates/christmas_dates_1.png","nouns/christmas_dates/christmas_dates_1.png","preserve_relative_path","","964467","4e15975742899086802448a10e322234f87ddcd866b213106ceff8c8c748ba41","true","964467","955b58f5431b0789af9b53dab096058f","image/png","false"
"nouns","skip_verified","/Users/Sean/Desktop/nouns-backup/nouns/christmas_eve/christmas_eve_1.png","nouns/christmas_eve/christmas_eve_1.png","preserve_relative_path","","1546684","a8590bd8d38cd9bf6da1f35abe488cf74b3d0f3b32f7635f712a8253fb3704f5","true","1546684","6a2c3291895487267f7ab05577fe9a88","image/png","false"
"nouns","skip_verified","/Users/Sean/Desktop/nouns-backup/nouns/christmas_eve/christmas_eve_2.png","nouns/christmas_eve/christmas_eve_2.png","preserve_relative_path","","1868685","0c948b8819d0b47fed7eeb58ccb10ea7efd59ab32d1bccc19d28cef531f290e9","true","1868685","0643272b3bab7e0fc6d8880b3251acf0","image/png","false"
"nouns","skip_verified","/Users/Sean/Desktop/nouns-backup/nouns/christmas_holidays/christmas_holidays_1.png","nouns/christmas_holidays/christmas_holidays_1.png","preserve_relative_path","","1259998","41cc00dabc0798c97deac309b5c03ff46aa3cd80da1c47e2e4d0d23461b96c1c","true","1259998","138fe106117d6eb447ef87b995eeb934","image/png","false"
"nouns","skip_verified","/Users/Sean/Desktop/nouns-backup/nouns/christmas_holidays/christmas_holidays_2.png","nouns/christmas_holidays/christmas_holidays_2.png","preserve_relative_path","","1914901","11d57c42c09c813e743ee6db4960db3a9c035932af9a0b0391e0c5f7a639ed74","true","1914901","f4b22d9f8e98b76e5556b0263a8c63fa","image/png","false"
"nouns","skip_verified","/Users/Sean/Desktop/nouns-backup/nouns/christmas/christmas_1.png","nouns/christmas/christmas_1.png","preserve_relative_path","","1509477","f975192178555911a0605ad8e77e0315c822d237a759ae1c553e864d4a40d0b0","true","1509477","9c312ca1449497b0ca48e37a8492b942","image/png","false"
"nouns","skip_verified","/Users/Sean/Desktop/nouns-backup/nouns/christmas/christmas_2.png","nouns/christmas/christmas_2.png","preserve_relative_path","","1259081","48aa89cad0bfc5409ae6e6dc54b3496e822bab7efae858b5b849409a69d55204","true","1259081","fe349529adcf3e007c357efa3db19ecb","image/png","false"
"nouns","skip_verified","/Users/Sean/Desktop/nouns-backup/nouns/church/church_1.png","nouns/church/church_1.png","preserve_relative_path","","1585141","7927b001d4eeced54d08f54247b6912288b58ba2265e970b6f2708f94ebc2ca5","true","1585141","68fd33f72362641cdf5bbd45e5442967","image/png","false"
"nouns","skip_verified","/Users/Sean/Desktop/nouns-backup/nouns/church/church_2.png","nouns/church/church_2.png","preserve_relative_path","","2556915","8ba3a053dd84d3a4a55af137dd2ce73b7b075c9fa0798669a0d350766b5699db","true","2556915","3f2ce85ba62521e847c2ac3764ab872f","image/png","false"
"nouns","skip_verified","/Users/Sean/Desktop/nouns-backup/nouns/church/church_3.png","nouns/church/church_3.png","preserve_relative_path","","2295625","f31faef214e1890afc5f71f5b3f0e0d6d619e57f02b67e1f312e30d87dbe8816","true","2295625","08d41d930cb77a7546e91d1b302873b3","image/png","false"
"nouns","skip_verified","/Users/Sean/Desktop/nouns-backup/nouns/cinema/cinema_1.png","nouns/cinema/cinema_1.png","preserve_relative_path","","1832069","46d3e2ba22696985766753510ee485606989e9ffc2c6b97d449e8f37e7e0c00c","true","1832069","4fd8b8387a2e7abae785cfb4c8db496b","image/png","false"
"nouns","skip_verified","/Users/Sean/Desktop/nouns-backup/nouns/cinema/cinema_2.png","nouns/cinema/cinema_2.png","preserve_relative_path","","1949505","66b3b3fbc74c8679a385d4f16985f0d71a871e165cc61a5474bd93927f1025bb","true","1949505","647590e6ef673964775b026ad569a972","image/png","false"
"nouns","skip_verified","/Users/Sean/Desktop/nouns-backup/nouns/cinema/cinema_3.png","nouns/cinema/cinema_3.png","preserve_relative_path","","3357900","e5760212960a08dc35478702a1311376a4e41dfc6a4e68c2eb8c5542962ab92e","true","3357900","af4fc9441a42c4576feb89fccc3e7caf","image/png","false"
"nouns","skip_verified","/Users/Sean/Desktop/nouns-backup/nouns/clam/clam_1.png","nouns/clam/clam_1.png","preserve_relative_path","","1177921","6f997662f3b22e4bd436a766b8a09e5944d3bb3e28d8cc747f2836a8c092b69c","true","1177921","3a408bfa0327ea201f0d16034ce38d73","image/png","false"
"nouns","skip_verified","/Users/Sean/Desktop/nouns-backup/nouns/clam/clam_2_v2.png","nouns/clam/clam_2_v2.png","preserve_relative_path","","952390","01a89b2651ff4cd801b92a7d1c8e25be814a5d3a8e73916e87b99cac6a4d1e93","true","952390","58e1648def922b2a30862cfc667ed1ac","image/png","false"
"nouns","skip_verified","/Users/Sean/Desktop/nouns-backup/nouns/clam/clam_2.png","nouns/clam/clam_2.png","preserve_relative_path","","952390","01a89b2651ff4cd801b92a7d1c8e25be814a5d3a8e73916e87b99cac6a4d1e93","true","952390","58e1648def922b2a30862cfc667ed1ac","image/png","false"
"nouns","skip_verified","/Users/Sean/Desktop/nouns-backup/nouns/clock/clock_1.png","nouns/clock/clock_1.png","preserve_relative_path","","500061","f1b4b6a647daa9f9708956a36f78f5c2d00babe1721d1047078ef15e75d1083d","true","500061","29dd2ecf98ccdbddd3d258e822b93c25","image/png","false"
"nouns","skip_verified","/Users/Sean/Desktop/nouns-backup/nouns/clock/clock_2.png","nouns/clock/clock_2.png","preserve_relative_path","","815767","7b4be35cc4f82a263733a6098a91bfecce3a1593b06120bd357bd09330f6355d","true","815767","4bbbf508ed4faa176e9f53895c2344ca","image/png","false"
"nouns","skip_verified","/Users/Sean/Desktop/nouns-backup/nouns/closet/closet_1.png","nouns/closet/closet_1.png","preserve_relative_path","","1993361","376064319000f8a8fbf0db98da4954f1907d75dad6b05216e22ad70636412910","true","1993361","ece9cc6d26c0805d328370577330703a","image/png","false"
"nouns","skip_verified","/Users/Sean/Desktop/nouns-backup/nouns/closet/closet_2.png","nouns/closet/closet_2.png","preserve_relative_path","","2690730","eb81dadf7cd1f8a44c8555e620d1da1b67ffced8fe3f2257e455cc5612b13487","true","2690730","5c3ac9315b7f5319f64d2b5e5388a3ed","image/png","false"
"nouns","skip_verified","/Users/Sean/Desktop/nouns-backup/nouns/closet/closet_3.png","nouns/closet/closet_3.png","preserve_relative_path","","1932550","e4c8f865df0c056d64ccf5761eec5ba0aba89296053008890bbfa05cfc3917af","true","1932550","139f47f6f08604136de3ba7b4ba6007d","image/png","false"
"nouns","skip_verified","/Users/Sean/Desktop/nouns-backup/nouns/clothes_store/clothes_store_1.png","nouns/clothes_store/clothes_store_1.png","preserve_relative_path","","2026627","1706cd95be5fdb046ad2b03208f1d923af80dfb5930f84a97ae3bc7feb5f70df","true","2026627","b481c2f0b63d188a3d5ce7aa6e15d4f7","image/png","false"
"nouns","skip_verified","/Users/Sean/Desktop/nouns-backup/nouns/clothes_store/clothes_store_2.png","nouns/clothes_store/clothes_store_2.png","preserve_relative_path","","2169787","4f0879f41e3ab78e132ebdc5661892ec2bbb9cdfb53312ff6dd754278b24e356","true","2169787","df5f6b800e1f64579b7ed24e385fce4d","image/png","false"
"nouns","skip_verified","/Users/Sean/Desktop/nouns-backup/nouns/clothes_store/clothes_store_3.png","nouns/clothes_store/clothes_store_3.png","preserve_relative_path","","3390319","408c762cdd0ad308fe632e5d70c4fc9cb3b8b951303541192a28f17d968012cd","true","3390319","d2e8bfea2038db9eb5298614aa4c6059","image/png","false"
"nouns","skip_verified","/Users/Sean/Desktop/nouns-backup/nouns/cloudy/cloudy_1.png","nouns/cloudy/cloudy_1.png","preserve_relative_path","","821154","4aa5e6a29d3ed84f6dec68d3c0b4f1c5a582eb2421b8d10ffd080d6dc88bdc9b","true","821154","060188f6951bba9e6cc0925167169718","image/png","false"
"nouns","skip_verified","/Users/Sean/Desktop/nouns-backup/nouns/cloudy/cloudy_2.png","nouns/cloudy/cloudy_2.png","preserve_relative_path","","1938516","70b79b007ed692951977800527600851cced27ee9d376445878f93d2f115f3f6","true","1938516","dda8af3e49a9f2738524f1a9f457bc64","image/png","false"
"nouns","skip_verified","/Users/Sean/Desktop/nouns-backup/nouns/coat/coat_1.png","nouns/coat/coat_1.png","preserve_relative_path","","1304675","4e26811b51e4359105493553085ff03db8e0a8c4d959273d9f61041d3d26ffc7","true","1304675","58db96d9ed582fd70fb82b5f02aa7d2a","image/png","false"
"nouns","skip_verified","/Users/Sean/Desktop/nouns-backup/nouns/coat/coat_2.png","nouns/coat/coat_2.png","preserve_relative_path","","1386289","cf10f726052b1d6432d1b300ac259c7d84d2ec3c7d812df672e3d810aead2e16","true","1386289","215eff55bcb97710c5daff5cb9a34fab","image/png","false"
"nouns","skip_verified","/Users/Sean/Desktop/nouns-backup/nouns/coconut/coconut_1.png","nouns/coconut/coconut_1.png","preserve_relative_path","","1056907","74db7c2654c82cb1b88c12a29cfc901ca8c515b6de202a80806fdcfb45cbb253","true","1056907","d925d9a098d303f3578473d2bc055707","image/png","true"
"nouns","skip_verified","/Users/Sean/Desktop/nouns-backup/nouns/coconut/coconut_2.png","nouns/coconut/coconut_2.png","preserve_relative_path","","1146236","b6dd4236218650c09dc81897f2e72f567a3facbde31a863e4cccde7052fa1101","true","1146236","dc2a5b94c5eddba3787512bf68a2a0e9","image/png","true"
"nouns","skip_verified","/Users/Sean/Desktop/nouns-backup/nouns/coconut/coconut_3.png","nouns/coconut/coconut_3.png","preserve_relative_path","","1902954","c612c2b923e9b4a5cfefd9dfb64f58aedfbe4b181dfb530e6d2b60eeb863bd53","true","1902954","1fbf00fa29e3d6dd4039e9c998d8507e","image/png","true"
"nouns","skip_verified","/Users/Sean/Desktop/nouns-backup/nouns/coffee_shop/coffee_shop_1.png","nouns/coffee_shop/coffee_shop_1.png","preserve_relative_path","","2019760","44ec301e0a7713083488bcb4859cecdd803601c97e203f8d180bbbbad0910a34","true","2019760","54f4027e71370e7ffc8a3406cc0600fe","image/png","false"
"nouns","skip_verified","/Users/Sean/Desktop/nouns-backup/nouns/coffee_shop/coffee_shop_2.png","nouns/coffee_shop/coffee_shop_2.png","preserve_relative_path","","2776210","5907d48e986fabf968c44650dc3cf69f76c7c7b865dad17972bd9382ca0cd7b7","true","2776210","e18db763fae6364f93bcb1c6d2e58fe4","image/png","false"
"nouns","skip_verified","/Users/Sean/Desktop/nouns-backup/nouns/coffee_shop/coffee_shop_3.png","nouns/coffee_shop/coffee_shop_3.png","preserve_relative_path","","1966874","5fc251083d6eb52a58a56be6c69c2394336fe623888910481c7035aa36a3d827","true","1966874","50a67809b6f0567aea48696db6334642","image/png","false"
"nouns","skip_verified","/Users/Sean/Desktop/nouns-backup/nouns/coffee_shop/coffee_shop_4.png","nouns/coffee_shop/coffee_shop_4.png","preserve_relative_path","","2163125","3df32f338159ac3e16edf61e63b06c3f144c2a368b833e6e7fe79c4cab7110f8","true","2163125","87c1aaf5019bd85871cc30a17c59575c","image/png","false"
"nouns","skip_verified","/Users/Sean/Desktop/nouns-backup/nouns/coffee/coffee_1.png","nouns/coffee/coffee_1.png","preserve_relative_path","","1104361","92d9896ef79f735e9ab0e613330cfcd9e881b9441ba1271040aacb1afe3f18a4","true","1104361","40236964eebe5e84a176a69b3fb26673","image/png","false"
"nouns","skip_verified","/Users/Sean/Desktop/nouns-backup/nouns/coffee/coffee_2.png","nouns/coffee/coffee_2.png","preserve_relative_path","","1114613","b9dd5e126e23ca59381824c113dde5d2b5470c3831360af3a9b93d48432819e6","true","1114613","825bf46cf5df5f18a0249fa1cc75c770","image/png","false"
"nouns","skip_verified","/Users/Sean/Desktop/nouns-backup/nouns/coffee/coffee_3.png","nouns/coffee/coffee_3.png","preserve_relative_path","","1585208","ebb5779cb524c1934784e0282d754fe6f3d0b011a77ab8759927f3c5d3fca923","true","1585208","1ff91e51ac09c3f54263ef9b69bba89f","image/png","false"
"nouns","skip_verified","/Users/Sean/Desktop/nouns-backup/nouns/colander/colander_1.png","nouns/colander/colander_1.png","preserve_relative_path","","425232","cc6264db8371d36beda926ada80a698d453d2140e86bda5c73b460bec9db5b8b","true","425232","f04049854c1a274452f315f6cfc819fb","image/png","false"
"nouns","skip_verified","/Users/Sean/Desktop/nouns-backup/nouns/colander/colander_2.png","nouns/colander/colander_2.png","preserve_relative_path","","471445","87afdcf1a79435a2a0a2feb4a39f490bd4d7882719cc4d41eac6e2d34567ef0f","true","471445","1a65c5e3c98aa0840a6c8a2378073a40","image/png","false"
"nouns","skip_verified","/Users/Sean/Desktop/nouns-backup/nouns/colander/colander_3.png","nouns/colander/colander_3.png","preserve_relative_path","","938680","8e640d3baaecdd33dd3ac0e18cbbd4f9aa910f5476305b63ab5ce141d07f3e0a","true","938680","0016839acce2fbd4c1a5b839f6f5d474","image/png","false"
"nouns","skip_verified","/Users/Sean/Desktop/nouns-backup/nouns/cold_health/cold_health_1.png","nouns/cold_health/cold_health_1.png","preserve_relative_path","","850132","3ec24b3ff9726ca24de97d580e00bdce1d79f2d965b63974c935c641534db707","true","850132","ff38305c78989fc764618f0b12523cbc","image/png","false"
"nouns","skip_verified","/Users/Sean/Desktop/nouns-backup/nouns/cold_health/cold_health_2.png","nouns/cold_health/cold_health_2.png","preserve_relative_path","","796200","bd64973f2e89553fec0b8f8bd802e735be3848da4977cbb74e4bdce2f168bb7d","true","796200","aed1e02e3eeb258ef5da0042031f0605","image/png","false"
"nouns","skip_verified","/Users/Sean/Desktop/nouns-backup/nouns/cold_weather/cold_1.png","nouns/cold_weather/cold_1.png","preserve_relative_path","","1702520","6833456c40885a50614023aea81bbdc6fd99b0d0f2e5753587afbc1e471e248a","true","1702520","ba6358e8c40e8bfaef3e1d8201ed813b","image/png","false"
"nouns","skip_verified","/Users/Sean/Desktop/nouns-backup/nouns/cold_weather/cold_2.png","nouns/cold_weather/cold_2.png","preserve_relative_path","","1105582","fad3d7f04ba92b53b905bbeb0c642eaa8bf7aa2b441d9ea5be43d746e7e1ae80","true","1105582","64866e3697c6995fb603faeab52cdeb5","image/png","false"
"nouns","skip_verified","/Users/Sean/Desktop/nouns-backup/nouns/colored_pencils/colored_pencils_1.png","nouns/colored_pencils/colored_pencils_1.png","preserve_relative_path","","1282340","b8eedcbdb94342c1eb4d463e87afcfefd8f5b68c2ee2df1529c1aca93d2041f6","true","1282340","2efc79a216323551c3ad20992a3359ca","image/png","false"
"nouns","skip_verified","/Users/Sean/Desktop/nouns-backup/nouns/colored_pencils/colored_pencils_2.png","nouns/colored_pencils/colored_pencils_2.png","preserve_relative_path","","1422512","7599fce7ad5c8280c9c614e751377fb7695269b7397b9fdf31919aa78e88df69","true","1422512","4674afbbbb7cbc613f5e5069c274f85a","image/png","false"
"nouns","skip_verified","/Users/Sean/Desktop/nouns-backup/nouns/colored_pencils/colored_pencils_3.png","nouns/colored_pencils/colored_pencils_3.png","preserve_relative_path","","1620220","b02b0bdd41c6b6f73fed736373db1cc8bd7240374aa3b9bb253ad56e98e64051","true","1620220","70ec88065090a304ed2301e93d073a5a","image/png","false"
"nouns","skip_verified","/Users/Sean/Desktop/nouns-backup/nouns/colored/colored_3.png","nouns/colored/colored_3.png","preserve_relative_path","","1276223","9120d50fdd12d5f910bf0b3d4c79247ca23c3ded716f3d0092545b3df2139c7d","true","1276223","767c84596b45211540661612d82ab662","image/png","false"
"nouns","skip_verified","/Users/Sean/Desktop/nouns-backup/nouns/computer_class/computer_class_1.png","nouns/computer_class/computer_class_1.png","preserve_relative_path","","1393801","bb809f8025c8826a7ca0d5925c6a2ecb70b26c3bd326b9f4d22efe4738afe7bf","true","1393801","1086d3ec4240d997a2719eb2e5cc817e","image/png","false"
"nouns","skip_verified","/Users/Sean/Desktop/nouns-backup/nouns/computer_class/computer_class_2.png","nouns/computer_class/computer_class_2.png","preserve_relative_path","","2441629","1797e9100017e755b602801723c1e48838de293e3d244c7faf6d3126fd0647bf","true","2441629","27d374c287bc63a95d1c6924494e7dac","image/png","false"
"nouns","skip_verified","/Users/Sean/Desktop/nouns-backup/nouns/computer_class/computer_class_3.png","nouns/computer_class/computer_class_3.png","preserve_relative_path","","2440416","d2b7222b5d3e1efd88ebaf4548798b1947c95ed570bc05624e304cd2f2959bf9","true","2440416","5de589bc26e521105c265ded6b9df342","image/png","false"
"nouns","skip_verified","/Users/Sean/Desktop/nouns-backup/nouns/computer_furniture/computer_furniture_1.png","nouns/computer_furniture/computer_furniture_1.png","preserve_relative_path","","850001","7eec7a1ec0cbe4ad1f7111734f1d57b134c36dc0aba4f4e1e36bc8e0d61c682d","true","850001","75154cdfbd2e44932a42405125fa0cdc","image/png","false"
"nouns","skip_verified","/Users/Sean/Desktop/nouns-backup/nouns/computer_furniture/computer_furniture_2.png","nouns/computer_furniture/computer_furniture_2.png","preserve_relative_path","","832787","f6f60256770b4e8287c11e092e5e04fe7e2f4bdd861cbd06ad849e3174b94170","true","832787","2be5410c5c82f50d6f8d49e19d754766","image/png","false"
"nouns","skip_verified","/Users/Sean/Desktop/nouns-backup/nouns/computer_game/computer_game_1.png","nouns/computer_game/computer_game_1.png","preserve_relative_path","","2388244","63e6114b305e7de400e2ff54c1b98fecbcac997942536e7cdf17de80594a890b","true","2388244","e7a496e929d3526079b017cc08abc93c","image/png","false"
"nouns","skip_verified","/Users/Sean/Desktop/nouns-backup/nouns/computer_game/computer_game_2.png","nouns/computer_game/computer_game_2.png","preserve_relative_path","","1732879","b3f40abd413e951e92f1ee8e0feac5db4797f5780b16ea509aee279fc13d4f21","true","1732879","e18a91d6dbf5f1f03a3704512a69f9d7","image/png","false"
"nouns","skip_verified","/Users/Sean/Desktop/nouns-backup/nouns/computer_game/computer_game_3.png","nouns/computer_game/computer_game_3.png","preserve_relative_path","","1516514","46e05cb6e6e928a32619f61b1b18889f07a0ceaf05bb9f1b9e4cd44f2caa4f45","true","1516514","b0ec0815a5b033efa4432104995ba039","image/png","false"
"nouns","skip_verified","/Users/Sean/Desktop/nouns-backup/nouns/computer/computer_1.png","nouns/computer/computer_1.png","preserve_relative_path","","1216567","3ea0a127553ecdcc5db81843ef54d51b86283e0fd6c8b6b3342eda8f7cf59083","true","1216567","b3b6bec93353ddffd42f1314d22a1051","image/png","false"
"nouns","skip_verified","/Users/Sean/Desktop/nouns-backup/nouns/computer/computer_2.png","nouns/computer/computer_2.png","preserve_relative_path","","1008237","d62cf8344a23298032a746362cbe84b1913ee8b17a56cdd5bb2aa2feaf49f521","true","1008237","ed472436732af510d60fbc7de9518f0d","image/png","false"
"nouns","skip_verified","/Users/Sean/Desktop/nouns-backup/nouns/computer/computer_3.png","nouns/computer/computer_3.png","preserve_relative_path","","1061166","f028542a3d6e76f8e6307d8201422778af68006b7f81ba5b789f6c3186705bd5","true","1061166","00e0dc6a17d842dace4f69a7d62a057c","image/png","false"
"nouns","skip_verified","/Users/Sean/Desktop/nouns-backup/nouns/container/container_1.png","nouns/container/container_1.png","preserve_relative_path","","422828","356f53129750504cc2430ad3c55b511331c7363a3fee42e4f234d13a0d6cde79","true","422828","3901f9598b8bae9ec881ab9a85959694","image/png","false"
"nouns","skip_verified","/Users/Sean/Desktop/nouns-backup/nouns/container/container_2.png","nouns/container/container_2.png","preserve_relative_path","","664232","e7d44c878565e39f9d299482c98c78645ce5ceead0cf75b3c45658d7edce27dc","true","664232","b2476f397f80986c0598693e1f6358e5","image/png","false"
"nouns","skip_verified","/Users/Sean/Desktop/nouns-backup/nouns/container/container_3.png","nouns/container/container_3.png","preserve_relative_path","","1601098","63f40ab4af38d58492610d4af0bb99e3861432c65de5fced6d5743e2dc35c912","true","1601098","9a00fe692f1395dcac6035dca242565d","image/png","false"
"nouns","skip_verified","/Users/Sean/Desktop/nouns-backup/nouns/convenience_store/convenience_store_1.png","nouns/convenience_store/convenience_store_1.png","preserve_relative_path","","1793161","33f36d72075894f35a27d7e5a75c17a1093e2e452bc11f169830a38cce3528c8","true","1793161","0c46c566e3a4405224f5407da879799b","image/png","false"
"nouns","skip_verified","/Users/Sean/Desktop/nouns-backup/nouns/convenience_store/convenience_store_2.png","nouns/convenience_store/convenience_store_2.png","preserve_relative_path","","2058410","a2b47deb898e02cd17662af5db341eb4b29215155064ccfd960f3dabcdd691e4","true","2058410","4d68a88b90a38bd7e783a8d5f3a37a27","image/png","false"
"nouns","skip_verified","/Users/Sean/Desktop/nouns-backup/nouns/convenience_store/convenience_store_3.png","nouns/convenience_store/convenience_store_3.png","preserve_relative_path","","2748178","c6da35cb042ec0ad76c04d85aef8638d633c6b466dd74433afd04e9b550fb7ff","true","2748178","b7cc37a874efd18e496bb499cd43d507","image/png","false"
"nouns","skip_verified","/Users/Sean/Desktop/nouns-backup/nouns/cook/cook_1.png","nouns/cook/cook_1.png","preserve_relative_path","","528777","bec2ce138c0ef28c2b552e32538565fe763549e39a0850c59164042b84fac19d","true","528777","1170d7f185f71b8b8c19e2c3effd40f2","image/png","false"
"nouns","skip_verified","/Users/Sean/Desktop/nouns-backup/nouns/cook/cook_2.png","nouns/cook/cook_2.png","preserve_relative_path","","1165934","e83064d5aeff77d159ebd440505b77c6443b8ae704be722f11566de960d31c8e","true","1165934","c01b6e72982acd3d5186e8398b75a409","image/png","false"
"nouns","skip_verified","/Users/Sean/Desktop/nouns-backup/nouns/cookie/cookie_1.png","nouns/cookie/cookie_1.png","preserve_relative_path","","1251475","acf1f375c88774fc6564fab90b09514bd116564315c60b1d355db41bcdba38bb","true","1251475","4ef435baf01f59fd0dfb3baa03a9beba","image/png","false"
"nouns","skip_verified","/Users/Sean/Desktop/nouns-backup/nouns/cookie/cookie_2.png","nouns/cookie/cookie_2.png","preserve_relative_path","","1315406","4077a377efd4b673d28f39552cc5f8a9611faf02793a11ab4a5fbc5a25d2dfe9","true","1315406","8dcfa58d75d9f006b088e0867b0b19a7","image/png","false"
"nouns","skip_verified","/Users/Sean/Desktop/nouns-backup/nouns/corn/corn_1.png","nouns/corn/corn_1.png","preserve_relative_path","","812803","92965cbe07fce1bfdff51c12baaf5a1b86592aaba59ef6fc33cc7c8e98d0517d","true","812803","34dcbf000996ea952c9fb33648934b88","image/png","true"
"nouns","skip_verified","/Users/Sean/Desktop/nouns-backup/nouns/corn/corn_2.png","nouns/corn/corn_2.png","preserve_relative_path","","1045557","063e3d3198e6af54cc091185fd64fe0c23f9881ddb092ea57a3c5bc922845be7","true","1045557","11723711fc7dc1ea93367a4b85ecf1b6","image/png","true"
"nouns","skip_verified","/Users/Sean/Desktop/nouns-backup/nouns/couch/couch_1.png","nouns/couch/couch_1.png","preserve_relative_path","","1051672","572c97cb019d88b64a61b02c78aafcea333d33055e41542a6a8c786afbfa1e34","true","1051672","ed6c4d85660ddbdde80fdd75e20aacc1","image/png","false"
"nouns","skip_verified","/Users/Sean/Desktop/nouns-backup/nouns/couch/couch_2.png","nouns/couch/couch_2.png","preserve_relative_path","","769539","5584d9731216c57692e52b4da910c3976c78079a6b4b1dfed1d5d5698916852a","true","769539","c9e3e3f44900bb2740fad905ff24f04e","image/png","false"
"nouns","skip_verified","/Users/Sean/Desktop/nouns-backup/nouns/cousin/cousin_1.png","nouns/cousin/cousin_1.png","preserve_relative_path","","506000","a746802fde99989b179d01cd24036760b8e6a91354b3e3ccf9709a6ee03cf6e3","true","506000","208846b86cabdc83d5d356be44132aa9","image/png","false"
"nouns","skip_verified","/Users/Sean/Desktop/nouns-backup/nouns/cousin/cousin_2.png","nouns/cousin/cousin_2.png","preserve_relative_path","","888297","fdc0db04e662905be28d8a2abfa028a25824bb09418c3f9e3dee36964c52b650","true","888297","f96e3e609209f499b2968cd1bd3ccb69","image/png","false"
"nouns","skip_verified","/Users/Sean/Desktop/nouns-backup/nouns/cousin/cousin_3.png","nouns/cousin/cousin_3.png","preserve_relative_path","","948265","bdd563d9d908b89dec43c16ba0880cf9be1d1f10772fdf82c234d3f6c87e337d","true","948265","39ef6a0cf2fd5f7de433dcf296938cc7","image/png","false"
"nouns","skip_verified","/Users/Sean/Desktop/nouns-backup/nouns/cow/cow_1.png","nouns/cow/cow_1.png","preserve_relative_path","","1039223","5dd3360ba7b17b5f923eabdaa8407282df778997df9637540b416e0a8cf6c5e2","true","1039223","63e4e1d775a39e408e767a46944e265f","image/png","true"
"nouns","skip_verified","/Users/Sean/Desktop/nouns-backup/nouns/cow/cow_2.png","nouns/cow/cow_2.png","preserve_relative_path","","1471815","98a369712927fa771e12ac16fb5c6d558cc43f1d2abb694b050183293e43427b","true","1471815","8b749ddca66d00ed414b13185a875b90","image/png","true"
"nouns","skip_verified","/Users/Sean/Desktop/nouns-backup/nouns/crab/crab_1.png","nouns/crab/crab_1.png","preserve_relative_path","","927531","f612f9663f11124077843ea4173c17012f57f081cc39159fbe16e12c6fb40d76","true","927531","1ebcbc502c53424d8e77c47854723b9e","image/png","false"
"nouns","skip_verified","/Users/Sean/Desktop/nouns-backup/nouns/crab/crab_2.png","nouns/crab/crab_2.png","preserve_relative_path","","1222888","5fb9e3554adccea14ff075e06a02a67073397dfd6923b21b8be066a0f4f1c512","true","1222888","4ca240903c680bf87c87e35bfe1c8d8d","image/png","false"
"nouns","skip_verified","/Users/Sean/Desktop/nouns-backup/nouns/crayon/crayon_1.png","nouns/crayon/crayon_1.png","preserve_relative_path","","789731","64a2094e4e7cc7b57a7eeedba381b549a664f3fc3e8a079e51f8c4b5e3bc5369","true","789731","c6ec69ab6be99128f476c6076e47722e","image/png","false"
"nouns","skip_verified","/Users/Sean/Desktop/nouns-backup/nouns/crayon/crayon_2.png","nouns/crayon/crayon_2.png","preserve_relative_path","","1077696","eac2ab37cfad841b0945c1c390ac5c5b1d88adcbb0fcc42c0b797ad163dc0574","true","1077696","45a2176325a19efbfad7473f8c6394fd","image/png","false"
"nouns","skip_verified","/Users/Sean/Desktop/nouns-backup/nouns/crayon/crayon_3.png","nouns/crayon/crayon_3.png","preserve_relative_path","","1115431","13c3b2dd0e8ac4a67a2e69bcbc4ee0e88f77a7bdf62a61fd0c70e29d00013df1","true","1115431","9bb704bdb2ebcd1f161009c2f0beb931","image/png","false"
"nouns","skip_verified","/Users/Sean/Desktop/nouns-backup/nouns/cricket/cricket_1.png","nouns/cricket/cricket_1.png","preserve_relative_path","","1397355","db772c23cae478edee6e03aedcf96e587cbd3cab7f0502b396843fed6cb151b7","true","1397355","fcc45a8db6b241f164586383d6b256b3","image/png","false"
"nouns","skip_verified","/Users/Sean/Desktop/nouns-backup/nouns/cricket/cricket_2.png","nouns/cricket/cricket_2.png","preserve_relative_path","","2036182","bd19c19b0ce70cc743420e1ac473758496a1a78c4a65785de6b3deca2693b8fc","true","2036182","d19a967fc2d31ed875c3bdbc2e3a15d6","image/png","false"
"nouns","skip_verified","/Users/Sean/Desktop/nouns-backup/nouns/cricket/cricket_3.png","nouns/cricket/cricket_3.png","preserve_relative_path","","2155330","5b4ceb4d63ddb5189100cb680ab95ea89e8f37821f560b74fb9e7bfa171cb205","true","2155330","5b9c6b360c7fac609ac969eb8a77fab9","image/png","false"
"nouns","skip_verified","/Users/Sean/Desktop/nouns-backup/nouns/crocodile/crocodile_1.png","nouns/crocodile/crocodile_1.png","preserve_relative_path","","1051164","a265cdc42dafca1b9c90df86fd37a887b95596fa459f066d60f4be73e74fc526","true","1051164","291cdfda862c4a1cbb934f2010863ad5","image/png","true"
"nouns","skip_verified","/Users/Sean/Desktop/nouns-backup/nouns/crocodile/crocodile_2.png","nouns/crocodile/crocodile_2.png","preserve_relative_path","","1162391","8d8054ab41857323f6b42f3cd7d3df017461d07ba7c03cc4469ee0142f9e77b2","true","1162391","0414c9bf390c25f144a8de1ea2e535a1","image/png","true"
"nouns","skip_verified","/Users/Sean/Desktop/nouns-backup/nouns/cucumber/cucumber_1.png","nouns/cucumber/cucumber_1.png","preserve_relative_path","","1021623","443ee9dea7dac8b4981e47f7cae870c21f0cb582a30e03a2b41b82c980924e98","true","1021623","a1fce1725b3260b2eebc4cb77443f5e0","image/png","true"
"nouns","skip_verified","/Users/Sean/Desktop/nouns-backup/nouns/cucumber/cucumber_2.png","nouns/cucumber/cucumber_2.png","preserve_relative_path","","1395427","3a14a9e0b58bb00ea674006d59d56b6438a788f21319910c53ddfb9ca1a7a898","true","1395427","a5ebe6dad06a68779d22e0e39e50ec81","image/png","true"
"nouns","skip_verified","/Users/Sean/Desktop/nouns-backup/nouns/cucumber/cucumber_3.png","nouns/cucumber/cucumber_3.png","preserve_relative_path","","920012","fbd4ac815c8e66343a0da8f025a90a6f61050ca7363a49824a31995a97900f73","true","920012","da6d7018281fc2ad6cd9a57ff511df9e","image/png","true"
"nouns","skip_verified","/Users/Sean/Desktop/nouns-backup/nouns/cup/cup_1.png","nouns/cup/cup_1.png","preserve_relative_path","","853439","1a7382c24e8ed5964531d4acbc67256d7d30cd6f5c4b4fbd9e1efa751697244d","true","853439","de4d862cdd08cb82e29e3e3ff4afb7ae","image/png","false"
"nouns","skip_verified","/Users/Sean/Desktop/nouns-backup/nouns/cup/cup_2.png","nouns/cup/cup_2.png","preserve_relative_path","","672631","b55f3d4436262d3c473e8f2567253a60432a42f39fb491c3297199e197901ab6","true","672631","811e981bd277cd79c608c37e78576ab5","image/png","false"
"nouns","skip_verified","/Users/Sean/Desktop/nouns-backup/nouns/cup/cup_3.png","nouns/cup/cup_3.png","preserve_relative_path","","2116354","b1aa7ac905e7e4dfcc07ef678c6ad6469d8a5919486b9e66848f6a453ce183c9","true","2116354","bbdc08b3e681a16051e741f2c920c9ca","image/png","false"
"nouns","skip_verified","/Users/Sean/Desktop/nouns-backup/nouns/cupboard/cupboard_1.png","nouns/cupboard/cupboard_1.png","preserve_relative_path","","1306370","8c7c93e0441bf1f06056d7fc0f5bb0fb3e8d36ead39cfe4f496497b82c42af67","true","1306370","7c615ae05bb075d7292ff4247ef34fd9","image/png","false"
"nouns","skip_verified","/Users/Sean/Desktop/nouns-backup/nouns/cupboard/cupboard_2.png","nouns/cupboard/cupboard_2.png","preserve_relative_path","","1473608","c1ba7297eef3d44193ee64a0697171ad8e6e78ead30f2290297d1c06abb40c67","true","1473608","b1ab70ddeaf70a7a7751daea153b1e8a","image/png","false"
"nouns","skip_verified","/Users/Sean/Desktop/nouns-backup/nouns/curry/curry_1.png","nouns/curry/curry_1.png","preserve_relative_path","","1055314","12f9ce956d8c5950582e8009059c583919a2309355ed70cc08a5311b137f25a5","true","1055314","234f773e4165e275140d9486f645bb76","image/png","false"
"nouns","skip_verified","/Users/Sean/Desktop/nouns-backup/nouns/curry/curry_2.png","nouns/curry/curry_2.png","preserve_relative_path","","2541427","00b5fd55b63d4d76cb9f341f84082183abb2c7b69c2c804501b3945a63a55aa4","true","2541427","05e1805b304a33c8869841b77e7a7924","image/png","false"
"nouns","skip_verified","/Users/Sean/Desktop/nouns-backup/nouns/cushion/cushion_1.png","nouns/cushion/cushion_1.png","preserve_relative_path","","972049","edef46b22b09e1f4c60ba959f29ec924290bc42c94ed910b3368f574d93794fd","true","972049","7ee7a7174fff2716c1ff08bfa63f90de","image/png","false"
"nouns","skip_verified","/Users/Sean/Desktop/nouns-backup/nouns/cushion/cushion_2.png","nouns/cushion/cushion_2.png","preserve_relative_path","","951239","6f33ad3e4ab7aedc7fdea8f76bd4d30418181b023e65f68adc4f97aeacb0f4ce","true","951239","c7b74ffe630417516cea114b44b434cb","image/png","false"
"nouns","skip_verified","/Users/Sean/Desktop/nouns-backup/nouns/cut/cut_1.png","nouns/cut/cut_1.png","preserve_relative_path","","825131","74542f3d3d348314eeed39fbb0dbeed51b213fb4f603286cfa8d6b734144977d","true","825131","2eca33c93fbdfc6b6d347928a28c7956","image/png","false"
"nouns","skip_verified","/Users/Sean/Desktop/nouns-backup/nouns/cut/cut_2.png","nouns/cut/cut_2.png","preserve_relative_path","","781430","d66c426ca7512a298d9213945e3518b0cc91204b21022d31baddb120acaf9275","true","781430","513bebdb7a951e75454f952a869291d2","image/png","false"
"nouns","skip_verified","/Users/Sean/Desktop/nouns-backup/nouns/darts/darts_1.png","nouns/darts/darts_1.png","preserve_relative_path","","1542165","926a7a3cd5f225dca5e45e67606890a4d430aa0a2ffb4c9bd0a32236293063d6","true","1542165","441823e40fea2afcec0d766a1c3bb262","image/png","false"
"nouns","skip_verified","/Users/Sean/Desktop/nouns-backup/nouns/darts/darts_2.png","nouns/darts/darts_2.png","preserve_relative_path","","1885016","38d01b470106dbcb8cd240afdfa4d38ee4a9297ed78dcb523a7b2ec5924ad5ae","true","1885016","785134c8e999e619237e2fd0a3d93640","image/png","false"
"nouns","skip_verified","/Users/Sean/Desktop/nouns-backup/nouns/darts/darts_3.png","nouns/darts/darts_3.png","preserve_relative_path","","2144467","eab2795d1725d3e67544cc275c402920d27e96d0e12278086e585d245085d89c","true","2144467","032380857c04cddbe97d475e98b9069a","image/png","false"
"nouns","skip_verified","/Users/Sean/Desktop/nouns-backup/nouns/december/december_1.png","nouns/december/december_1.png","preserve_relative_path","","1426235","538f66e672787fcdf69d7211a4f67e89b3d948e0653b5387524a26779c1140ff","true","1426235","a047334e8ccef32978996af4e538a8da","image/png","false"
"nouns","skip_verified","/Users/Sean/Desktop/nouns-backup/nouns/deer/deer_1.png","nouns/deer/deer_1.png","preserve_relative_path","","768387","2214dd9537ea9e3837f24619ac714793520713aea6f62610dc225a1124368c49","true","768387","7214faccb86280704209ea83a1a65bf1","image/png","true"
"nouns","skip_verified","/Users/Sean/Desktop/nouns-backup/nouns/deer/deer_2.png","nouns/deer/deer_2.png","preserve_relative_path","","1391072","857174f9320b18a20131398b76d5a86ab1ca5b8c82ab97bda8b1d4d1a1f35438","true","1391072","42dda6eb34fb07bd6c06fc9bf6e2b525","image/png","true"
"nouns","skip_verified","/Users/Sean/Desktop/nouns-backup/nouns/dentist_places/dentist_1.png","nouns/dentist_places/dentist_1.png","preserve_relative_path","","1920321","2bc17a50962715ba27f81f98ca7807834292c2c271814db99139fe23a4e66e99","true","1920321","c4b20b166054c274a165dec0a1f4d083","image/png","false"
"nouns","skip_verified","/Users/Sean/Desktop/nouns-backup/nouns/dentist_places/dentist_2.png","nouns/dentist_places/dentist_2.png","preserve_relative_path","","2152793","7d0ee3995aac96376c54d97add409a78136fa15f89f693405dc7653c7461f4ab","true","2152793","dbdeb3e4e294d71d00375ac0f70dc8f0","image/png","false"
"nouns","skip_verified","/Users/Sean/Desktop/nouns-backup/nouns/dentist_places/dentist_3.png","nouns/dentist_places/dentist_3.png","preserve_relative_path","","2028284","94e1e325418448e121d8aca7b2d73586167015d8a27442e0f49c99e5a84518c0","true","2028284","148314d393b7d4b6567813a6b2956639","image/png","false"
"nouns","skip_verified","/Users/Sean/Desktop/nouns-backup/nouns/dentist/dentist_1.png","nouns/dentist/dentist_1.png","preserve_relative_path","","598920","bb94dde175891ad205cdc6e48943f9be9fee0fd7158b339cc13dff362b2cab0c","true","598920","1adf16eeac5e0f961fbf52689fcf22e6","image/png","false"
"nouns","skip_verified","/Users/Sean/Desktop/nouns-backup/nouns/department_store/department_store_1.png","nouns/department_store/department_store_1.png","preserve_relative_path","","2084679","460e2dd5ace5a9b47d7456c290e657bdf22c32c153a7a0be7c0995bd8588012d","true","2084679","79d9b4f447c9866146e755c77d2e3903","image/png","false"
"nouns","skip_verified","/Users/Sean/Desktop/nouns-backup/nouns/department_store/department_store_2.png","nouns/department_store/department_store_2.png","preserve_relative_path","","1361020","b8e918c460c5f950941e8b56e46f4ee7b63323d061f3f94e5ad0ecaa8332d30f","true","1361020","2f0c5ae805f29c22f9eb36bb0f8a521c","image/png","false"
"nouns","skip_verified","/Users/Sean/Desktop/nouns-backup/nouns/department_store/department_store_3.png","nouns/department_store/department_store_3.png","preserve_relative_path","","2821377","38a4c51fd28814f17a0a8b7b0f5fdb49023b66117940e5b9a540c2e41f2b61e2","true","2821377","104e14c4f2a553306cf8b6a05bf00e5d","image/png","false"
"nouns","skip_verified","/Users/Sean/Desktop/nouns-backup/nouns/desert/desert_1.png","nouns/desert/desert_1.png","preserve_relative_path","","1092414","6f522ff855e9d48c2d628656394b4735a3ec610c6bfd69348225de51769b333b","true","1092414","bfcf894356428ab250e7d6b0498e3f0f","image/png","false"
"nouns","skip_verified","/Users/Sean/Desktop/nouns-backup/nouns/desert/desert_2.png","nouns/desert/desert_2.png","preserve_relative_path","","1298895","62fe749193e0874d7c8479d918de01eb66fbb7141a297e58eaab8bf0274d4bcd","true","1298895","3b8c976b27c5c718fafc17749166f79e","image/png","false"
"nouns","skip_verified","/Users/Sean/Desktop/nouns-backup/nouns/desk_furniture/desk_furniture_1.png","nouns/desk_furniture/desk_furniture_1.png","preserve_relative_path","","2494754","99ec3fe6f711bc3226cf5d6e22acf3174d88d24970010aa5095ccd0748f65ba3","true","2494754","9e52d37cd1f9b726e459bce9d912abc1","image/png","false"
"nouns","skip_verified","/Users/Sean/Desktop/nouns-backup/nouns/desk_furniture/desk_furniture_2.png","nouns/desk_furniture/desk_furniture_2.png","preserve_relative_path","","616598","426609be04ee6148dc12330704acd61e0ac46ad03b66f9b2ebd27f7c34ed74f7","true","616598","117170edc3fd8743112406460fe72d2a","image/png","false"
"nouns","skip_verified","/Users/Sean/Desktop/nouns-backup/nouns/desk/desk_1.png","nouns/desk/desk_1.png","preserve_relative_path","","945313","2f8f8716fa2b40238b0f19fb15d556d442933ca38121bcfb89dd0954644bb99c","true","945313","95d115632e33270cf3fa2f9917d9d87e","image/png","false"
"nouns","skip_verified","/Users/Sean/Desktop/nouns-backup/nouns/desk/desk_2.png","nouns/desk/desk_2.png","preserve_relative_path","","1265926","00f140eaf8ebb025ccaa614d890d92f81c704465dd692576fadee66733622b99","true","1265926","341d806dd4d52fb3f9d96431b59bac91","image/png","false"
"nouns","skip_verified","/Users/Sean/Desktop/nouns-backup/nouns/desk/desk_3.png","nouns/desk/desk_3.png","preserve_relative_path","","1057899","3f96cb8eeacbc30a60f61466086bf81e02677842d0d0b289b7af048864b2bbd5","true","1057899","912d99b71af16b3f155dd45a69cbd943","image/png","false"
"nouns","skip_verified","/Users/Sean/Desktop/nouns-backup/nouns/dessert/dessert_1.png","nouns/dessert/dessert_1.png","preserve_relative_path","","1479744","adc66c55b55c346f5f36d34969846d5dd0dbbd112a04c8b0f78e0931a25402de","true","1479744","d32e1cd3781e4fe10af6854ed49044df","image/png","false"
"nouns","skip_verified","/Users/Sean/Desktop/nouns-backup/nouns/dessert/dessert_2.png","nouns/dessert/dessert_2.png","preserve_relative_path","","1502549","02ad4dade05d9c7d22b93fa9eee12475745fd09d3903910836cfcbac316d7e46","true","1502549","b6d6b3b31c1eb4387128e1086fef44b4","image/png","false"
"nouns","skip_verified","/Users/Sean/Desktop/nouns-backup/nouns/dining_room/dining_room_1.png","nouns/dining_room/dining_room_1.png","preserve_relative_path","","2175865","d8d1cde65b28166858347301d1a864e51e0f6ea46abd4cfe19dc51bf3a932388","true","2175865","b2f5efd415f75d1e7220ea4c8e2a4e38","image/png","false"
"nouns","skip_verified","/Users/Sean/Desktop/nouns-backup/nouns/dining_room/dining_room_2.png","nouns/dining_room/dining_room_2.png","preserve_relative_path","","2590232","ded4c760016b2cacaffb728390895bf990c1b26796914f288d95b4ad7d38cb8a","true","2590232","e17083c37b48493addfc9dbafaceb72b","image/png","false"
"nouns","skip_verified","/Users/Sean/Desktop/nouns-backup/nouns/dining_room/dining_room_3.png","nouns/dining_room/dining_room_3.png","preserve_relative_path","","2350580","fd995166d84f8b1373104548cbf27f883911ae8174d5feef0b4d5e82e9cf1c78","true","2350580","c7a087dd8b41d1c2e2ca3adc9059b903","image/png","false"
"nouns","skip_verified","/Users/Sean/Desktop/nouns-backup/nouns/dining_table/dining_table_1.png","nouns/dining_table/dining_table_1.png","preserve_relative_path","","666210","2852746f75febc92fa755453fdd254ea630f728b6213597d10d0935fa12efa02","true","666210","4b65df6cb1a57444e632eec868d2b534","image/png","false"
"nouns","skip_verified","/Users/Sean/Desktop/nouns-backup/nouns/dining_table/dining_table_2.png","nouns/dining_table/dining_table_2.png","preserve_relative_path","","996626","d9493551542e04c91871549f7571ae72ee9ea263b0f3d6888cef835fcaedc44b","true","996626","28d9d8710cfbeb55c0fbd1868c38f533","image/png","false"
"nouns","skip_verified","/Users/Sean/Desktop/nouns-backup/nouns/dishwasher/dishwasher_1.png","nouns/dishwasher/dishwasher_1.png","preserve_relative_path","","683019","b3610077c4d6d4b05019ceb5573ce026e45a716263762f1e4bb8a64cc1a376e6","true","683019","1d7d40cd6c0c4c4deda95a2240c4703f","image/png","false"
"nouns","skip_verified","/Users/Sean/Desktop/nouns-backup/nouns/dishwasher/dishwasher_2.png","nouns/dishwasher/dishwasher_2.png","preserve_relative_path","","871506","783fb1bf89b01f0c8c5917a39b9b8c52099a5f197b6f8c7879f92c5bba0e0b77","true","871506","39aa156bd6c6d80db2a86b057a873c1a","image/png","false"
"nouns","skip_verified","/Users/Sean/Desktop/nouns-backup/nouns/diwali/diwali_1.png","nouns/diwali/diwali_1.png","preserve_relative_path","","960235","7ee576ee976304ba65794f5d701cff73a8ae06e7b730829a9404824ce76ef8f8","true","960235","41f364c3410d0a0c47d3916630c6f89d","image/png","false"
"nouns","skip_verified","/Users/Sean/Desktop/nouns-backup/nouns/diwali/diwali_2.png","nouns/diwali/diwali_2.png","preserve_relative_path","","1534904","04e879512008215c5e207a4ad2779ab9f6c01f4bad7e9363da73e5fd565a3aef","true","1534904","a37a1553788ab97dec3113de71d2966b","image/png","false"
"nouns","skip_verified","/Users/Sean/Desktop/nouns-backup/nouns/doctor/doctor_1.png","nouns/doctor/doctor_1.png","preserve_relative_path","","580520","76a89198b4aeb63691cb3f00f6a38f2d1a9acc679dbcb21f5d690309525372d1","true","580520","e4f52cfb19cea738384b4c3b5e5ebb99","image/png","false"
"nouns","skip_verified","/Users/Sean/Desktop/nouns-backup/nouns/doctor/doctor_2.png","nouns/doctor/doctor_2.png","preserve_relative_path","","1265400","a6f491aeb2c32d00ea9d450d4e26815529ee981c242b16375f16a22d61dd289d","true","1265400","9fb385e06d79acb8cb73e7b9025e4082","image/png","false"
"nouns","skip_verified","/Users/Sean/Desktop/nouns-backup/nouns/dog/dog_1.png","nouns/dog/dog_1.png","preserve_relative_path","","1081860","11723d2b2a41da73186f1902d9e63fa62d9515c4760b5c792cc9a8a9070ef018","true","1081860","9ff687f8bb62a67a358804449fdb2696","image/png","true"
"nouns","skip_verified","/Users/Sean/Desktop/nouns-backup/nouns/dog/dog_2.png","nouns/dog/dog_2.png","preserve_relative_path","","1244347","f150450037e2afb21d476a9e6df1e0b51c2f4a506558f242634295d873013da8","true","1244347","786dcd59c8fe72d83bb6f9de8bf131b8","image/png","true"
"nouns","skip_verified","/Users/Sean/Desktop/nouns-backup/nouns/doll_house/doll_house_1.png","nouns/doll_house/doll_house_1.png","preserve_relative_path","","1045104","7f4ead44f26d7411884cf878a9e182511825bacc2bfd3d376b55683c0d9d4d07","true","1045104","68ca55c20a7595d650a8d3d3de66ff88","image/png","false"
"nouns","skip_verified","/Users/Sean/Desktop/nouns-backup/nouns/doll_house/doll_house_2.png","nouns/doll_house/doll_house_2.png","preserve_relative_path","","1308728","536a63c331188b0fec79177c01bfe36935597f1a5faa23fdbb656e3fdd19696f","true","1308728","ed54ac834654dfef5edc9a8ee304d541","image/png","false"
"nouns","skip_verified","/Users/Sean/Desktop/nouns-backup/nouns/doll_house/doll_house_3.png","nouns/doll_house/doll_house_3.png","preserve_relative_path","","1541341","d461b4181c6036cffbadd0a4194ceb6063c97309376e212b239c2a34788f80df","true","1541341","3299f073f43aebb7a6bb44580453aaba","image/png","false"
"nouns","skip_verified","/Users/Sean/Desktop/nouns-backup/nouns/doll/doll_1.png","nouns/doll/doll_1.png","preserve_relative_path","","1144394","23aa72bb436d62d67be01e60a4fc0035a3ab588a3968401fafc2ba073e5a424f","true","1144394","5a689b36790cc55ac53268a42f57ff54","image/png","false"
"nouns","skip_verified","/Users/Sean/Desktop/nouns-backup/nouns/doll/doll_2.png","nouns/doll/doll_2.png","preserve_relative_path","","2955566","c7c399d64d26f8ec2689921f8e88be1bca451112d0ef0cb4bf077e419e3c18ac","true","2955566","a631eb2ea6d4756da515310290d2b5e0","image/png","false"
"nouns","skip_verified","/Users/Sean/Desktop/nouns-backup/nouns/doll/doll_3.png","nouns/doll/doll_3.png","preserve_relative_path","","2494139","3f69ace0f6cef546aa1dc84946dc659c1cb86071474b4f1142cf1fdbbf87322b","true","2494139","949992c7715f45591459d5ef6d18715b","image/png","false"
"nouns","skip_verified","/Users/Sean/Desktop/nouns-backup/nouns/dolphin/dolphin_1.png","nouns/dolphin/dolphin_1.png","preserve_relative_path","","775705","43426c7f3b6f19e9b6f98bf63460f7e92b1368efb42e67e7665434fb41c26a42","true","775705","916c60e942cb6c9555cafc1e09696df5","image/png","false"
"nouns","skip_verified","/Users/Sean/Desktop/nouns-backup/nouns/dolphin/dolphin_2.png","nouns/dolphin/dolphin_2.png","preserve_relative_path","","1056263","c53ab5785063078d8f3f8b3cbb069f63519e047de8716d72fadc499e9bd99997","true","1056263","65b4f4a1bae9913a586386b7187d5437","image/png","false"
"nouns","skip_verified","/Users/Sean/Desktop/nouns-backup/nouns/donkey/donkey_1.png","nouns/donkey/donkey_1.png","preserve_relative_path","","834633","0cdad093cf34912c47c774bba986b811ac339c3958f7bccc92aa33fcc15f78fb","true","834633","a82fad889b60a6f63d0d62311aa45695","image/png","true"
"nouns","skip_verified","/Users/Sean/Desktop/nouns-backup/nouns/donkey/donkey_2.png","nouns/donkey/donkey_2.png","preserve_relative_path","","1343364","6d60b3e7775d4615a60118c28773a5136de1fb9d2c9dde3bf7fd02a5e76bb820","true","1343364","58f86cadfe74d3ea13d6dc3463690c5f","image/png","true"
"nouns","skip_verified","/Users/Sean/Desktop/nouns-backup/nouns/donut/donut_1.png","nouns/donut/donut_1.png","preserve_relative_path","","995815","2396869624f9d06841e0dd631dd1c4b8b8f445a19b3414ae2dab80a095864b13","true","995815","21840ec168f40a38c28f3e49c3ed41b4","image/png","false"
"nouns","skip_verified","/Users/Sean/Desktop/nouns-backup/nouns/donut/donut_2.png","nouns/donut/donut_2.png","preserve_relative_path","","2258461","27b75a84bb51558c63b84a9de1a008964b0864a07e343918e679c518fa632d0b","true","2258461","a22a0b1d482769ac27c6b70e82c3a051","image/png","false"
"nouns","skip_verified","/Users/Sean/Desktop/nouns-backup/nouns/door/door_1.png","nouns/door/door_1.png","preserve_relative_path","","709740","d03c705453b9f41cd010e2eb28d915a624c93d91895ea15d8ae7ace82aebecb4","true","709740","0284514fde81b1581b4b8038171c0bb3","image/png","false"
"nouns","skip_verified","/Users/Sean/Desktop/nouns-backup/nouns/door/door_2.png","nouns/door/door_2.png","preserve_relative_path","","609231","790d33c226853aa4140c0a1d43b59dd129cb9973f32c553431beec8e59e4af61","true","609231","73f0b6a1a3b73f6fb126f3b89234d225","image/png","false"
"nouns","skip_verified","/Users/Sean/Desktop/nouns-backup/nouns/drawer/drawer_1.png","nouns/drawer/drawer_1.png","preserve_relative_path","","441650","fd8f5445eedcc61ae61b83d6ce2dae7de16cf80d3f90b84364dabf7d41be0063","true","441650","29f927a60dad72c941a645097e65e9c2","image/png","false"
"nouns","skip_verified","/Users/Sean/Desktop/nouns-backup/nouns/drawer/drawer_2.png","nouns/drawer/drawer_2.png","preserve_relative_path","","948420","81c7cd619af206fecc6afd5af4d14586a5fe4822cbaa632a7b18a4c45007f0cb","true","948420","fe7913126258891034c3dba214198736","image/png","false"
"nouns","skip_verified","/Users/Sean/Desktop/nouns-backup/nouns/dress/dress_1.png","nouns/dress/dress_1.png","preserve_relative_path","","1014747","3743f6026f0b978288f46c2d820daf320ac9458281596a32d8ddad3c12be7f89","true","1014747","8518845d068206031956597eae119d46","image/png","false"
"nouns","skip_verified","/Users/Sean/Desktop/nouns-backup/nouns/dress/dress_2.png","nouns/dress/dress_2.png","preserve_relative_path","","858413","9e90ca830f1618826e21f342bbc591aa6da6b4dc1150da927d673e9f8c38c918","true","858413","3d14211a1d3786b4087c0e018356b11d","image/png","false"
"nouns","skip_verified","/Users/Sean/Desktop/nouns-backup/nouns/dressing_room/dressing_room_1.png","nouns/dressing_room/dressing_room_1.png","preserve_relative_path","","2013227","ad374e8add5767565fda17d540fd8cc6fb341478b82f76e66f446bbae29bd499","true","2013227","33fb91c5d50ae8224b3c027042e67298","image/png","false"
"nouns","skip_verified","/Users/Sean/Desktop/nouns-backup/nouns/dressing_room/dressing_room_2.png","nouns/dressing_room/dressing_room_2.png","preserve_relative_path","","2172036","fc8dc06bbbca1af318a6ef2c8bdd4dfe581c63a0a5a778c6b526be1f12c7ef44","true","2172036","48d7717c1755c5f9760210329adff617","image/png","false"
"nouns","skip_verified","/Users/Sean/Desktop/nouns-backup/nouns/dressing_room/dressing_room_3.png","nouns/dressing_room/dressing_room_3.png","preserve_relative_path","","2240039","3f75d9c042765c52f7559966f51c623ce8da8d95bdeb626f580cbe5d96471500","true","2240039","d9fd182bf03390a59ef89d1c537e98e1","image/png","false"
"nouns","skip_verified","/Users/Sean/Desktop/nouns-backup/nouns/drone/drone_1.png","nouns/drone/drone_1.png","preserve_relative_path","","784547","303c21f29a214b9e7b6523b3f2ecd8b75ba2ee3105704b365f76c442cb81bbd9","true","784547","2ac116fe079194c3f642513b3b41da7b","image/png","false"
"nouns","skip_verified","/Users/Sean/Desktop/nouns-backup/nouns/drone/drone_2.png","nouns/drone/drone_2.png","preserve_relative_path","","1144277","2db92024f623dc1f5dd036548cd5905bd24dec98a3f4b6b3fac3b4d2fa3d5b5e","true","1144277","27a2125c3fb5f6d65bdf57df59487870","image/png","false"
"nouns","skip_verified","/Users/Sean/Desktop/nouns-backup/nouns/drone/drone_3.png","nouns/drone/drone_3.png","preserve_relative_path","","1665917","53824a0b8b040ed15027a11c9d429c7e629d9d63a030a35d3c45c2f4b8fc499d","true","1665917","87c79c05084971a9bb10bede99712b63","image/png","false"
"nouns","skip_verified","/Users/Sean/Desktop/nouns-backup/nouns/dryer/dryer_1.png","nouns/dryer/dryer_1.png","preserve_relative_path","","406783","e8b3feabf3d3344c8b20695348260670dbb41cd654cfcd02cb8006cf4e94fbbe","true","406783","6a5e8c33bdaa59b8b4e40daf14563119","image/png","false"
"nouns","skip_verified","/Users/Sean/Desktop/nouns-backup/nouns/dryer/dryer_2.png","nouns/dryer/dryer_2.png","preserve_relative_path","","1046343","1bc1130113d582daf1512a8e4a85f16b97f37831eb3e0dd196ef4c95ad0665c0","true","1046343","7432bf7571475c56f600cc4facab3d73","image/png","false"
"nouns","skip_verified","/Users/Sean/Desktop/nouns-backup/nouns/duck_meat/duck_meat_1.png","nouns/duck_meat/duck_meat_1.png","preserve_relative_path","","1965098","99c00d7aa9b79d886d5884bcfdc381bfb02b56166815a7ce24e3e9a26bc2c7d7","true","1965098","0f37a500e14e67fb9af456ba21a9dd74","image/png","false"
"nouns","skip_verified","/Users/Sean/Desktop/nouns-backup/nouns/duck_meat/duck_meat_2.png","nouns/duck_meat/duck_meat_2.png","preserve_relative_path","","1147343","66437b59b3b337a2e22053c8d23fde986e35b6f026f55d07399ff1e320d3173b","true","1147343","87fb9c5fabcbfa21eac85046450e716c","image/png","false"
"nouns","skip_verified","/Users/Sean/Desktop/nouns-backup/nouns/duck/duck_1.png","nouns/duck/duck_1.png","preserve_relative_path","","740917","82f61c26f08c7efcad5e4684c4deb8b9ecfa1420489f363d2c746804281a8030","true","740917","54d484790f1f89a58eeb9d860e4efee6","image/png","true"
"nouns","skip_verified","/Users/Sean/Desktop/nouns-backup/nouns/duck/duck_2.png","nouns/duck/duck_2.png","preserve_relative_path","","1198187","bd5e44cc14bd86c89aa0aafad452c1fa4872c5a4a19d6117cd166a024067e777","true","1198187","f3b7cbbf121a2ce61c24a780a901c4ee","image/png","true"
"nouns","skip_verified","/Users/Sean/Desktop/nouns-backup/nouns/duckling/duckling_1.png","nouns/duckling/duckling_1.png","preserve_relative_path","","762127","6d92a04210f4b57183b547544ea1eb4431ae98323491af863d233a8fbbfadf4d","true","762127","20d7791c6332495d89ab4d0476b64257","image/png","true"
"nouns","skip_verified","/Users/Sean/Desktop/nouns-backup/nouns/duckling/duckling_2.png","nouns/duckling/duckling_2.png","preserve_relative_path","","897615","aef8ec0728349034f33ba55e2daa03aee40322131b81afec071c6eefa5481514","true","897615","7535739a4f89a20bc58bd4fa3781dc4c","image/png","true"
"nouns","skip_verified","/Users/Sean/Desktop/nouns-backup/nouns/eagle/eagle_1.png","nouns/eagle/eagle_1.png","preserve_relative_path","","1064442","710713eb94d36c6fb2c934e65c211f38dcac28fcc8c85249d48fa926d5cb0482","true","1064442","6efe74511eeacd884f7f015fe71d9243","image/png","true"
"nouns","skip_verified","/Users/Sean/Desktop/nouns-backup/nouns/eagle/eagle_2.png","nouns/eagle/eagle_2.png","preserve_relative_path","","1552783","1039fc55ea48bc66713314c9075d83ddb8433212a19cf55ab9a5ba451603ad38","true","1552783","920268d32c90a90762cb43828ff05ed3","image/png","true"
"nouns","skip_verified","/Users/Sean/Desktop/nouns-backup/nouns/ear_ache/ear_ache_1.png","nouns/ear_ache/ear_ache_1.png","preserve_relative_path","","769154","22744cdc92eba61ba91245b843ba2109fe3c31899c982f80d4d39fee1d2024f2","true","769154","5beb45fedca61d6dc000d0d5126c9266","image/png","false"
"nouns","skip_verified","/Users/Sean/Desktop/nouns-backup/nouns/ear_ache/ear_ache_2.png","nouns/ear_ache/ear_ache_2.png","preserve_relative_path","","847010","ec02e3aa9f884cb3863bdeb1023ad5a8a320ad91ae494373c7fcb5a26e631159","true","847010","157d6c3195c1d85e23885ce01a40990b","image/png","false"
"nouns","skip_verified","/Users/Sean/Desktop/nouns-backup/nouns/ears/ears_1.png","nouns/ears/ears_1.png","preserve_relative_path","","991097","7265541a247054d39afafd8cd5b44944f017024f4ee59b81ca85b454a7d426c5","true","991097","21812a6db2e86d26ded466091f7c5ab3","image/png","false"
"nouns","skip_verified","/Users/Sean/Desktop/nouns-backup/nouns/ears/ears_2.png","nouns/ears/ears_2.png","preserve_relative_path","","1260266","366579a891f884b9f3e7a50a1e310e12554e354997273d0fe4f501996d9ef328","true","1260266","e1983c122a6856b842ffc2aa6b818c80","image/png","false"
"nouns","skip_verified","/Users/Sean/Desktop/nouns-backup/nouns/ears/ears_3.png","nouns/ears/ears_3.png","preserve_relative_path","","1148555","594b7ba72654c22a2344b7aebc00c96808f6031d73cb648110ec49aa3e2cc8e4","true","1148555","e34144d7acfd5eefe9bad527c0ec9573","image/png","false"
"nouns","skip_verified","/Users/Sean/Desktop/nouns-backup/nouns/easter/easter_1.png","nouns/easter/easter_1.png","preserve_relative_path","","1412621","d807bec012f24b8eb05233244721bbb580048b8415a960987cd0643d20e491b8","true","1412621","0a875282a5b5d2d2ef1e93cc82b204a8","image/png","false"
"nouns","skip_verified","/Users/Sean/Desktop/nouns-backup/nouns/easter/easter_2.png","nouns/easter/easter_2.png","preserve_relative_path","","1649474","631d6fbca618c6576a11b9b25b32446c3e5750498d59efa53c2948085fd2bf23","true","1649474","844b068afbf4536fcf37f6a2c18855e4","image/png","false"
"nouns","skip_verified","/Users/Sean/Desktop/nouns-backup/nouns/egg/egg_1.png","nouns/egg/egg_1.png","preserve_relative_path","","586897","9a7b5ca0b5b42a2d76cce07ed71cd71f46fac0892840a6e3c2a79b208f251158","true","586897","df16dea43632c92bfe5307ed3a957df2","image/png","false"
"nouns","skip_verified","/Users/Sean/Desktop/nouns-backup/nouns/egg/egg_2.png","nouns/egg/egg_2.png","preserve_relative_path","","1595871","d4d5cdde629a0dc9c3560e5231d7866c8b6cdbf3b1b4db58a07878606f1df301","true","1595871","78c528cb2d373977d0f4b586e598bc05","image/png","false"
"nouns","skip_verified","/Users/Sean/Desktop/nouns-backup/nouns/eggplant/eggplant_1.png","nouns/eggplant/eggplant_1.png","preserve_relative_path","","1145575","fd5128bc70bf91a17f2963c09e80538798349f7a51151977d590cecce37ad61c","true","1145575","9dcf3e655e48cb397b20c214bc3ae5e3","image/png","true"
"nouns","skip_verified","/Users/Sean/Desktop/nouns-backup/nouns/eggplant/eggplant_2.png","nouns/eggplant/eggplant_2.png","preserve_relative_path","","1076407","998ecf59f3515f8cf75c5d5467356e85cbcec5f133377d9cf205227823bb93f6","true","1076407","380ad9774b54cb54d7e243cde7ccb9a7","image/png","true"
"nouns","skip_verified","/Users/Sean/Desktop/nouns-backup/nouns/eggplant/eggplant_3.png","nouns/eggplant/eggplant_3.png","preserve_relative_path","","965028","4643c43dcfec246beb3b2eaa87e8bf40b24c298bf6c15db669c9b86a9780a53a","true","965028","5b8c3a07b1c05c2bc89a560bc09d3ff3","image/png","true"
"nouns","skip_verified","/Users/Sean/Desktop/nouns-backup/nouns/eight_fifteen/eight_fifteen_1.png","nouns/eight_fifteen/eight_fifteen_1.png","preserve_relative_path","","25380","ff1fbf58e0530da00534e863b1410940a41eca13c95c804b13918d4088196095","true","25380","58c085d3ebb8c97f807d909bc77ee273","image/png","false"
"nouns","skip_verified","/Users/Sean/Desktop/nouns-backup/nouns/eight_fifteen/eight_fifteen_2.png","nouns/eight_fifteen/eight_fifteen_2.png","preserve_relative_path","","1168576","6a93387e27b41e26f5be487588cb6b550ccdcf612650ca679cde727d9a4b9854","true","1168576","45cbd3a17405ece4d8bc08da119e6e07","image/png","false"
"nouns","skip_verified","/Users/Sean/Desktop/nouns-backup/nouns/eight_fifteen/eight_fifteen_3.png","nouns/eight_fifteen/eight_fifteen_3.png","preserve_relative_path","","47227","767d3a3eb7458042049cbc12ee8bf2f1643ea2688de80e40f7cb8f4de873d730","true","47227","344414e1ea4fbc5b987904f93e70d5a3","image/png","false"
"nouns","skip_verified","/Users/Sean/Desktop/nouns-backup/nouns/eight_forty_five/eight_forty_five_1.png","nouns/eight_forty_five/eight_forty_five_1.png","preserve_relative_path","","25038","3dc5ec7150048ba31b17ca02f6123874793ea3f81d0cb2e8844e19279d133c6b","true","25038","a2499872bae49d6fa00ba6ad71a16c35","image/png","false"
"nouns","skip_verified","/Users/Sean/Desktop/nouns-backup/nouns/eight_forty_five/eight_forty_five_2.png","nouns/eight_forty_five/eight_forty_five_2.png","preserve_relative_path","","1185701","6a2ea0db7f1e4a5e00f151a94717ad928fcd5156c7cea791126bc914e67bd094","true","1185701","ec0edb414e9177ff21035c34f5c4fe8a","image/png","false"
"nouns","skip_verified","/Users/Sean/Desktop/nouns-backup/nouns/eight_forty_five/eight_forty_five_3.png","nouns/eight_forty_five/eight_forty_five_3.png","preserve_relative_path","","28749","23f21ea374fae42e0548eaaf578e11444efb89b013491752e839157e7ea52401","true","28749","394061075bdb0c086585c5b790be421f","image/png","false"
"nouns","skip_verified","/Users/Sean/Desktop/nouns-backup/nouns/eight_oclock/eight_oclock_1.png","nouns/eight_oclock/eight_oclock_1.png","preserve_relative_path","","25449","59a84764b0aa15fbf7e8ba48551b4cf3029f527cf8250a5d2b18adb3420b5a6d","true","25449","bf3ae4b8ac2e5767a9d10eaf44c3ed33","image/png","false"
"nouns","skip_verified","/Users/Sean/Desktop/nouns-backup/nouns/eight_oclock/eight_oclock_2.png","nouns/eight_oclock/eight_oclock_2.png","preserve_relative_path","","938893","b43c8c77bb45c6bccdd39da3f9861320e2620fb52dcf9db90eba2637825de9f7","true","938893","ffb30e256ebbfdef15ae0fa469edd9d6","image/png","false"
"nouns","skip_verified","/Users/Sean/Desktop/nouns-backup/nouns/eight_oclock/eight_oclock_3.png","nouns/eight_oclock/eight_oclock_3.png","preserve_relative_path","","23351","1b382d8830de094370aa5554dcb6bf1309022aea7c3f6ed5bd2a8cee80f42135","true","23351","81e7ae78b158c8596d041fdeacb563f7","image/png","false"
"nouns","skip_verified","/Users/Sean/Desktop/nouns-backup/nouns/eight_thirty/eight_thirty_1.png","nouns/eight_thirty/eight_thirty_1.png","preserve_relative_path","","25398","38c5f0712587a44e61c2e8adc318ea4df1e9d240f2976bd82f86ec66beee863b","true","25398","0e76f84d6595d58dc03b0fd5ad003cf5","image/png","false"
"nouns","skip_verified","/Users/Sean/Desktop/nouns-backup/nouns/eight_thirty/eight_thirty_2.png","nouns/eight_thirty/eight_thirty_2.png","preserve_relative_path","","1230803","04b566fddd32aeeef74f84b6e0615d5d564a589b7309d4830a86e3723feb27d6","true","1230803","24213703794637cc05247ab3c844ed07","image/png","false"
"nouns","skip_verified","/Users/Sean/Desktop/nouns-backup/nouns/eight_thirty/eight_thirty_3.png","nouns/eight_thirty/eight_thirty_3.png","preserve_relative_path","","27651","fab05b8721ac8c60a74433be638865765ce1a7dae540892c2d424d3e147113d2","true","27651","a6d07f07ca4cc598fb7fc7dae4397cb1","image/png","false"
"nouns","skip_verified","/Users/Sean/Desktop/nouns-backup/nouns/eight/eight_1.png","nouns/eight/eight_1.png","preserve_relative_path","","916008","701a83941568c657fad4c7f292c07a06ecef7e8c762476281cd53077596a8eed","true","916008","ab0dd9afd855370a3bb4db923fa24bb3","image/png","false"
"nouns","skip_verified","/Users/Sean/Desktop/nouns-backup/nouns/eighteen/eighteen_1.png","nouns/eighteen/eighteen_1.png","preserve_relative_path","","804980","06f08d5ab4851a367a8b5a5810247097b3a5d67c0cd0aa4608840d701730ddf9","true","804980","894d8eb20b088a2304175eb8f5dead39","image/png","false"
"nouns","skip_verified","/Users/Sean/Desktop/nouns-backup/nouns/eighty/eighty_1.png","nouns/eighty/eighty_1.png","preserve_relative_path","","673760","d5e1d68af35e38248a30dbb38413c30d6091eaacdb31d84275839d5ca96b069a","true","673760","3ec4e690b6b3f5c2284406304adf0702","image/png","false"
"nouns","skip_verified","/Users/Sean/Desktop/nouns-backup/nouns/electric_car/electric_car_1.png","nouns/electric_car/electric_car_1.png","preserve_relative_path","","1139685","eef3e6ce3fcb98681b67df756013624bf4bc59b7548d305648ccaf0f16fb2565","true","1139685","f86b8366d07b23281b4258b68ef2eed3","image/png","false"
"nouns","skip_verified","/Users/Sean/Desktop/nouns-backup/nouns/electric_car/electric_car_2.png","nouns/electric_car/electric_car_2.png","preserve_relative_path","","1387219","82c61c8bfb7cdb8aa8e6b5f5ce83853dfc902ce5909ceb81bdcf13b18b24b56e","true","1387219","1014363676a1125c2a8ee060c4657804","image/png","false"
"nouns","skip_verified","/Users/Sean/Desktop/nouns-backup/nouns/electric_car/electric_car_3.png","nouns/electric_car/electric_car_3.png","preserve_relative_path","","1443324","f6688b42d88772b0ca33855b75eecc67097fd209ecf4b44edbd216f671e170b8","true","1443324","d75f973d6279d9948288c1e8ab1a47ee","image/png","false"
"nouns","skip_verified","/Users/Sean/Desktop/nouns-backup/nouns/electronics_store/electronics_store_1.png","nouns/electronics_store/electronics_store_1.png","preserve_relative_path","","2000247","8fb8ed701ec799651f33b50682407c552a3e5e9783c9908afdb01e5a8ddc64e7","true","2000247","71a758912da40b1db67a9ad5d0cf5b09","image/png","false"
"nouns","skip_verified","/Users/Sean/Desktop/nouns-backup/nouns/electronics_store/electronics_store_2.png","nouns/electronics_store/electronics_store_2.png","preserve_relative_path","","2628885","edc8d8f9a08ec6750cb91af2e125fb5ac741fcdfce161a48a50c97b760166b30","true","2628885","36ed0752364091eb0ff4bae68d427fd8","image/png","false"
"nouns","skip_verified","/Users/Sean/Desktop/nouns-backup/nouns/electronics_store/electronics_store_3.png","nouns/electronics_store/electronics_store_3.png","preserve_relative_path","","2441886","466e5c4c95885b163564731509e692889d066108dcc2afe166e9b1a9163f010c","true","2441886","309a4a75e99bdac6f1a4f26cac8da46c","image/png","false"
"nouns","skip_verified","/Users/Sean/Desktop/nouns-backup/nouns/elephant/elephant_1.png","nouns/elephant/elephant_1.png","preserve_relative_path","","983491","822244fb39802a0bb2aee136bebdb18e69c9c136eda0d5ed1df82b3db0e67787","true","983491","d2890850443a89265f7f51af2e334fc4","image/png","true"
"nouns","skip_verified","/Users/Sean/Desktop/nouns-backup/nouns/elephant/elephant_2.png","nouns/elephant/elephant_2.png","preserve_relative_path","","1405203","dac10a89d5d004ea0697397c8e649485ce66a436479a4c959d355277d0aa913e","true","1405203","4c3bc26e9b75514a349fc6dcdbb7cc9e","image/png","true"
"nouns","skip_verified","/Users/Sean/Desktop/nouns-backup/nouns/eleven_oclock/eleven_oclock_1.png","nouns/eleven_oclock/eleven_oclock_1.png","preserve_relative_path","","25503","48c7fcafaccd15aaffbea09c2a3a48b035b3fe77679f41e351a2d00991a8e3d6","true","25503","edb3bdf1ff7475448de08a8949b9c182","image/png","false"
"nouns","skip_verified","/Users/Sean/Desktop/nouns-backup/nouns/eleven_oclock/eleven_oclock_2.png","nouns/eleven_oclock/eleven_oclock_2.png","preserve_relative_path","","571373","a8aed66aecfd2d9b05b285020feee73b99538a831f14a85d597afe427f612a4f","true","571373","04b0b20289eabcd5fd40a9f0e8b61df2","image/png","false"
"nouns","skip_verified","/Users/Sean/Desktop/nouns-backup/nouns/eleven_oclock/eleven_oclock_3.png","nouns/eleven_oclock/eleven_oclock_3.png","preserve_relative_path","","23138","abd2fb77a97d24540d4826b47c02b808f854379335336c49d595bc9046782840","true","23138","82c81bdfef255a4adaf2a9797588b7a6","image/png","false"
"nouns","skip_verified","/Users/Sean/Desktop/nouns-backup/nouns/eleven/eleven_1.png","nouns/eleven/eleven_1.png","preserve_relative_path","","640311","b562885b2f6f70c371de764212df4ed94f229221621a08245fbc981a749e2949","true","640311","cbb13c90d04f1fedbbeec1d12dee018f","image/png","false"
"nouns","skip_verified","/Users/Sean/Desktop/nouns-backup/nouns/engineer/engineer_1.png","nouns/engineer/engineer_1.png","preserve_relative_path","","587326","33c3fb00a787b023cb3651293ccb3161ccd4b440887f4a87ee2995af769a72c9","true","587326","ef01d6615d2612322db1721118e3321a","image/png","false"
"nouns","skip_verified","/Users/Sean/Desktop/nouns-backup/nouns/engineer/engineer_2.png","nouns/engineer/engineer_2.png","preserve_relative_path","","1423394","341e11f22e382ac217d3fcd947d516459b9b0c84ba5f775cbece7b7330befe9b","true","1423394","79004c98b8714b2d55be9aeb8bb501a8","image/png","false"
"nouns","skip_verified","/Users/Sean/Desktop/nouns-backup/nouns/english/english_1.png","nouns/english/english_1.png","preserve_relative_path","","2961948","36d007010772a9380d8e4e3b6bf6c80daf046bad2e0f59edb937c4d50dd5b096","true","2961948","fe80e5e1215ceddc38f1ee91afe26526","image/png","false"
"nouns","skip_verified","/Users/Sean/Desktop/nouns-backup/nouns/english/english_2.png","nouns/english/english_2.png","preserve_relative_path","","2296691","6d99590a6efc0b8176b5aa971551b0682626910e8078f514c74576774483403e","true","2296691","b592b06c16f83aa1f429ece81530b17a","image/png","false"
"nouns","skip_verified","/Users/Sean/Desktop/nouns-backup/nouns/english/english_3.png","nouns/english/english_3.png","preserve_relative_path","","2548433","d0705c26835d93579a65f5acdbadfcacc4aa77c49cd666db03154344c0bf4762","true","2548433","dcdfb996ed93639ded7b060f53123f74","image/png","false"
"nouns","skip_verified","/Users/Sean/Desktop/nouns-backup/nouns/eraser/eraser_1.png","nouns/eraser/eraser_1.png","preserve_relative_path","","848578","b026ef1cfe9fa79465b0c139c7aae0883f23a032a6d6442320249c9b555e7bb5","true","848578","6bea311aa079b54c9976c97dec1548d1","image/png","false"
"nouns","skip_verified","/Users/Sean/Desktop/nouns-backup/nouns/eraser/eraser_2.png","nouns/eraser/eraser_2.png","preserve_relative_path","","917309","d59388c224e1860198a6782f32cf65a5a3971903750c786c6a6781c53d19f390","true","917309","565965732eaa7ac1ea14337df7f95ddb","image/png","false"
"nouns","skip_verified","/Users/Sean/Desktop/nouns-backup/nouns/eraser/eraser_3.png","nouns/eraser/eraser_3.png","preserve_relative_path","","1149389","785532b3b15d596b0cbb3abee947ed71bf8642daffdb33d6b782d0fafa971bad","true","1149389","6b1346578a7c4cc59d307e1d5433cfbf","image/png","false"
"nouns","skip_verified","/Users/Sean/Desktop/nouns-backup/nouns/ethics/ethics_1.png","nouns/ethics/ethics_1.png","preserve_relative_path","","2244680","a55da390459d46c0a28123bc722c1c352492d3b8429010c9026ee0d22845039f","true","2244680","913ec0d42b2c50f46963b8bcb430baa1","image/png","false"
"nouns","skip_verified","/Users/Sean/Desktop/nouns-backup/nouns/ethics/ethics_2.png","nouns/ethics/ethics_2.png","preserve_relative_path","","1354151","d9c6e8de28bb5c4e041486a33eb9bff01de1b768d93894e309b8824a61399867","true","1354151","ce636dbc3f058d29278eca0f18863366","image/png","false"
"nouns","skip_verified","/Users/Sean/Desktop/nouns-backup/nouns/ethics/ethics_3.png","nouns/ethics/ethics_3.png","preserve_relative_path","","2677285","8b1884473e3d68337bfdcba7a650579fd728f7eeb6fb06df25da11f8b3534eb0","true","2677285","96206336d49c54034df35c202d7c479d","image/png","false"
"nouns","skip_verified","/Users/Sean/Desktop/nouns-backup/nouns/evening/evening_1.png","nouns/evening/evening_1.png","preserve_relative_path","","556193","27630e116205dfde10612f18990e2d6cd986f2ba340cac13ef4d78822cecee02","true","556193","9b687905739d88b9154ae57296e2d504","image/png","false"
"nouns","skip_verified","/Users/Sean/Desktop/nouns-backup/nouns/evening/evening_2.png","nouns/evening/evening_2.png","preserve_relative_path","","1803770","17a55bb9c81e76f9346692f119f2cc43c0ea25f17b1d1f142efc615b56afd55d","true","1803770","c9d22548e7d3334815e837a631870fbd","image/png","false"
"nouns","skip_verified","/Users/Sean/Desktop/nouns-backup/nouns/eyes/eyes_1.png","nouns/eyes/eyes_1.png","preserve_relative_path","","629464","40eabaca2e8de3122097510ecb688a147726139e95ed46ed3c8e18d7491e7189","true","629464","9b2fbdec766b5125675cf0f9149ae935","image/png","false"
"nouns","skip_verified","/Users/Sean/Desktop/nouns-backup/nouns/eyes/eyes_2.png","nouns/eyes/eyes_2.png","preserve_relative_path","","1301682","fee82077fdf5a9364a9081c4547f8c3ce644f4108bfaf4296a70308ce38495a0","true","1301682","552ccde0f557fe8419ce518495a8598b","image/png","false"
"nouns","skip_verified","/Users/Sean/Desktop/nouns-backup/nouns/eyes/eyes_3.png","nouns/eyes/eyes_3.png","preserve_relative_path","","1239404","052d3c5e2b47829ea652c2ff009995eb4c05e00cf28d6c375ebcd22abbab4471","true","1239404","7d1385b73491324f5e0d66fe18825ab9","image/png","false"
"nouns","skip_verified","/Users/Sean/Desktop/nouns-backup/nouns/face_mask/face_mask_1.png","nouns/face_mask/face_mask_1.png","preserve_relative_path","","1139489","94ebbd7f163c58cbf050cfa7f6b8913a1cb72c921901b22e781b99f30e79977d","true","1139489","1309de27623835a555ba1e72d895e4a0","image/png","false"
"nouns","skip_verified","/Users/Sean/Desktop/nouns-backup/nouns/face_mask/face_mask_2.png","nouns/face_mask/face_mask_2.png","preserve_relative_path","","1163672","66db2a6792f83046cb38640b562fce8bfa2d6dc5562be582be442e83ae7f68ed","true","1163672","e285d41293eafd93a969715de95ff741","image/png","false"
"nouns","skip_verified","/Users/Sean/Desktop/nouns-backup/nouns/face/face_1.png","nouns/face/face_1.png","preserve_relative_path","","1135971","63051051ff05707c48786831cc79d0aa7cce821c80f44c5a1dcfff9f6c6d8a6e","true","1135971","5fe02b705c2910ecdbadd504435e4a13","image/png","false"
"nouns","skip_verified","/Users/Sean/Desktop/nouns-backup/nouns/face/face_2.png","nouns/face/face_2.png","preserve_relative_path","","1085930","d5cc19705f4e80ee04aca3af29de42788b1ded753b0fe6f2fd0b3e2db77d9bc1","true","1085930","6acfaf7230b09361b960847fe3d93277","image/png","false"
"nouns","skip_verified","/Users/Sean/Desktop/nouns-backup/nouns/face/face_3.png","nouns/face/face_3.png","preserve_relative_path","","1138750","055a738a849766b88d2d492e8077ed23c3787adb9501e143d4ebadb2d19bfe21","true","1138750","13ba7f6bbca0ca5df72fe843fd974568","image/png","false"
"nouns","skip_verified","/Users/Sean/Desktop/nouns-backup/nouns/factory/factory_1.png","nouns/factory/factory_1.png","preserve_relative_path","","1542501","d98d36d282dd226ab18affa6eb79bb68f0863cdab89614f9f342b17cb76ef5d4","true","1542501","0a95ba2ccf04ded58774df914493db1e","image/png","false"
"nouns","skip_verified","/Users/Sean/Desktop/nouns-backup/nouns/factory/factory_2.png","nouns/factory/factory_2.png","preserve_relative_path","","1733436","7bacc59924e7f389f148f595c3b4dea5d027c59161396397a4a38f80772611df","true","1733436","23aa285bf678c11e444438db6ecfc4b5","image/png","false"
"nouns","skip_verified","/Users/Sean/Desktop/nouns-backup/nouns/factory/factory_3.png","nouns/factory/factory_3.png","preserve_relative_path","","2369394","403d647fdfe685a0b8a02971ca5d564ebb2f8da61c5f5f9f05c3e339abf40aaa","true","2369394","fc62105e773c7be9fd68e5191a7a55bc","image/png","false"
"nouns","skip_verified","/Users/Sean/Desktop/nouns-backup/nouns/family_friend/family_friend_1.png","nouns/family_friend/family_friend_1.png","preserve_relative_path","","741071","61397d094ddaa6090082f908c8c52bb601c8641d0feb1dd23d504c9818885810","true","741071","11e53628ed77acafc0d5ef1670120dd4","image/png","false"
"nouns","skip_verified","/Users/Sean/Desktop/nouns-backup/nouns/family_friend/family_friend_2.png","nouns/family_friend/family_friend_2.png","preserve_relative_path","","1123505","3c10c1938ec7865e51fc174297c0e827dfdb801248a55623bcf4f70320736ef6","true","1123505","bfee61c353a8d348e7159ac4410577fa","image/png","false"
"nouns","skip_verified","/Users/Sean/Desktop/nouns-backup/nouns/family_friend/family_friend_3.png","nouns/family_friend/family_friend_3.png","preserve_relative_path","","1161075","946ab13606e8f51fdc882a640af45ccb7f31b44023459f17720bcc16f8dcd6a7","true","1161075","ef3c312e19cf891186418b5d56242d55","image/png","false"
"nouns","skip_verified","/Users/Sean/Desktop/nouns-backup/nouns/farmer/farmer_1.png","nouns/farmer/farmer_1.png","preserve_relative_path","","814664","7ba26afd0a627fb74febb08a1315a191cbbeb0d280968c68a2695b090a378bbc","true","814664","f9da50dc0c813b0f9fc26dd35764195b","image/png","false"
"nouns","skip_verified","/Users/Sean/Desktop/nouns-backup/nouns/farmer/farmer_2.png","nouns/farmer/farmer_2.png","preserve_relative_path","","1274009","38d7aeadef7978d7effcdf6f964caed164baca8d09c7c74a80a47430516d0af7","true","1274009","4008f0fabcde57a0a88bd59a19fd14b6","image/png","false"
"nouns","skip_verified","/Users/Sean/Desktop/nouns-backup/nouns/father/father_1.png","nouns/father/father_1.png","preserve_relative_path","","642347","1d4df08f052ee06c019a0b3f63e5cf7c176f5a7d01a3ce34f45971ac5cceaced","true","642347","b2b21a34d522dde6611a2f886ccfae39","image/png","false"
"nouns","skip_verified","/Users/Sean/Desktop/nouns-backup/nouns/father/father_2.png","nouns/father/father_2.png","preserve_relative_path","","609218","1bc80b8343b252890e88e85652e755112eecf2d262739cda4d7f697388fbd1bf","true","609218","b16a9335bd3fb07ac9ea27736c1c4ff8","image/png","false"
"nouns","skip_verified","/Users/Sean/Desktop/nouns-backup/nouns/father/father_3.png","nouns/father/father_3.png","preserve_relative_path","","666182","72aa67db4538d74af22cfba51ca28f4dbb57ce607080a50be3fbf3534cf14a27","true","666182","ec84c5f798fd03854176ccd0507347bd","image/png","false"
"nouns","skip_verified","/Users/Sean/Desktop/nouns-backup/nouns/february/february_1.png","nouns/february/february_1.png","preserve_relative_path","","1635212","c162e48b94d419b853469f16dd87e5813e75bdf591fbe8b249f8f174730f9537","true","1635212","ffc5e2568a4b093c35ac14a500072014","image/png","false"
"nouns","skip_verified","/Users/Sean/Desktop/nouns-backup/nouns/feet/feet_1.png","nouns/feet/feet_1.png","preserve_relative_path","","898415","2f34cae376a00e020635979e541e7b88657600cbf2e773527e900a9f539dad6f","true","898415","782fec8ac766d61aa7954ced5af64396","image/png","false"
"nouns","skip_verified","/Users/Sean/Desktop/nouns-backup/nouns/feet/feet_2.png","nouns/feet/feet_2.png","preserve_relative_path","","1138761","4292fe22f1f91fcd6dd93d0374a7c7258b1d4b69faf3d14ee207bdcbfddfb483","true","1138761","1fb3215526461814a17b2e2823af9c38","image/png","false"
"nouns","skip_verified","/Users/Sean/Desktop/nouns-backup/nouns/feet/feet_3.png","nouns/feet/feet_3.png","preserve_relative_path","","912289","92fc5ef26ebc7601439132bd82bb4dea8beb4fecb20a2e8372cb32a2bdba97d5","true","912289","6ad4197e33580ed3fc15c2fc56f302d5","image/png","false"
"nouns","skip_verified","/Users/Sean/Desktop/nouns-backup/nouns/ferry/ferry_1.png","nouns/ferry/ferry_1.png","preserve_relative_path","","1215838","c21d58150b5e366ac1235589203d27a2297c39cf93b01652096ef18a90f8c798","true","1215838","d1c514858714c9dfa52a56abb4db8421","image/png","false"
"nouns","skip_verified","/Users/Sean/Desktop/nouns-backup/nouns/ferry/ferry_2.png","nouns/ferry/ferry_2.png","preserve_relative_path","","1586729","4b9aec662ebc3d22c833af810fabd25a3ac2676ca3520100ca5a8a30bac3a4fb","true","1586729","2c08603f5d71bde9b9a07db1e8aa7a06","image/png","false"
"nouns","skip_verified","/Users/Sean/Desktop/nouns-backup/nouns/ferry/ferry_3.png","nouns/ferry/ferry_3.png","preserve_relative_path","","1771015","aa4504b8280df7a83834b9a067106212b0dae65abcbdfe5d7636802ccb2f9d82","true","1771015","8fb6e2995e6e53685cb661b02720ddf0","image/png","false"
"nouns","skip_verified","/Users/Sean/Desktop/nouns-backup/nouns/fever/fever_1.png","nouns/fever/fever_1.png","preserve_relative_path","","932286","12ee19c8cb6baa5f46d48c3a2a44e925735d6a861d0670b8ec2011b128eb09b3","true","932286","0caa8f22fd18c184c5b3fc924ea62e1c","image/png","false"
"nouns","skip_verified","/Users/Sean/Desktop/nouns-backup/nouns/fever/fever_2.png","nouns/fever/fever_2.png","preserve_relative_path","","856394","26b9bf00e0d39fcbdff81d67ef09617e6a100c502c9db4cda09c1ea63de37c3e","true","856394","428d2846dcd7eb3f5571e672983543c9","image/png","false"
"nouns","skip_verified","/Users/Sean/Desktop/nouns-backup/nouns/fifteen/fifteen_1.png","nouns/fifteen/fifteen_1.png","preserve_relative_path","","632893","ea2f2c78929b1e7f9ee238191ae58927c96e4b2f607c11beac358e9bdd5f550f","true","632893","597e6fe51922c3c7927ad686f4dc821d","image/png","false"
"nouns","skip_verified","/Users/Sean/Desktop/nouns-backup/nouns/fifty/fifty_1.png","nouns/fifty/fifty_1.png","preserve_relative_path","","684110","ab6a2d90b7a4d26856045ff9b16612bb1ebe4b5a4f3f70b97c49c096b205a17a","true","684110","f96f8478bb28518dcf7d4c3db262598d","image/png","false"
"nouns","skip_verified","/Users/Sean/Desktop/nouns-backup/nouns/finger/finger_1.png","nouns/finger/finger_1.png","preserve_relative_path","","601462","0e96e8b7d05479fa76708afc8242af2b53c3f420e82fbc75f1e31b67bfc89d1a","true","601462","98c6ebba4379bd4db68253bac4a2350b","image/png","false"
"nouns","skip_verified","/Users/Sean/Desktop/nouns-backup/nouns/finger/finger_2.png","nouns/finger/finger_2.png","preserve_relative_path","","1099152","0911510d8d239f1b3b86405749f6d409fec5420e10908b0dd1d38b9eb002966e","true","1099152","cf07c0ec406043c7d0d251842c4fccff","image/png","false"
"nouns","skip_verified","/Users/Sean/Desktop/nouns-backup/nouns/finger/finger_3.png","nouns/finger/finger_3.png","preserve_relative_path","","1259389","8639624180842bcb9f467416a15d280efd2391301495856fb73779e394fe51c1","true","1259389","d6ce1ff78f8d139ac72680029acfcbdb","image/png","false"
"nouns","skip_verified","/Users/Sean/Desktop/nouns-backup/nouns/fire_station/fire_station_1.png","nouns/fire_station/fire_station_1.png","preserve_relative_path","","1864529","dd08236a0dd9a56a637d925578d80a4fec3efaef1cf5244f09d0788edd218c19","true","1864529","4d5f99ab37b0cf00bbd55bd4a0e3f0c1","image/png","false"
"nouns","skip_verified","/Users/Sean/Desktop/nouns-backup/nouns/fire_station/fire_station_2.png","nouns/fire_station/fire_station_2.png","preserve_relative_path","","1361355","8f7d5fb60981d4a50c7351bd148af7a3fa571d0f6f5e98c06c10292e4a316852","true","1361355","ae0f9d1b4b2c0a54f19ce6b0324f371b","image/png","false"
"nouns","skip_verified","/Users/Sean/Desktop/nouns-backup/nouns/fire_station/fire_station_3.png","nouns/fire_station/fire_station_3.png","preserve_relative_path","","1904747","7811cae2cc4f3565a2505974cae75ab1d60329ca233a41e43a746591c92f5434","true","1904747","710f92e62ef96083802e1570be51b478","image/png","false"
"nouns","skip_verified","/Users/Sean/Desktop/nouns-backup/nouns/firefighter/firefighter_1.png","nouns/firefighter/firefighter_1.png","preserve_relative_path","","736637","099607fd43966b3e28c5fb5529fb4328644491e2aca7c4444707493c04f6923b","true","736637","8029945f0771058a3f7c5258be9518c7","image/png","false"
"nouns","skip_verified","/Users/Sean/Desktop/nouns-backup/nouns/firefighter/firefighter_2.png","nouns/firefighter/firefighter_2.png","preserve_relative_path","","1362269","913e0fddddf5fd9302af418eb27720f5b52bb7e69b343776da12c21431cb4ff6","true","1362269","8aca601ebf22bd624e83119ee09d56af","image/png","false"
"nouns","skip_verified","/Users/Sean/Desktop/nouns-backup/nouns/fish_food/fish_food_1.png","nouns/fish_food/fish_food_1.png","preserve_relative_path","","1907306","34d10af445d9831038b52a55350b03ac8998db78c3ab92760c18148c86564be1","true","1907306","9e356be62a6669ba6c182babb3685ab8","image/png","false"
"nouns","skip_verified","/Users/Sean/Desktop/nouns-backup/nouns/fish_food/fish_food_2.png","nouns/fish_food/fish_food_2.png","preserve_relative_path","","1884795","42b6123c0a4af8b5c17afaa15dcdfdf1a1e8ef01999b92dce1d5e76346137ae4","true","1884795","d561bc8dc01a7046cadf15688c7040b9","image/png","false"
"nouns","skip_verified","/Users/Sean/Desktop/nouns-backup/nouns/fish/fish_1.png","nouns/fish/fish_1.png","preserve_relative_path","","933806","cbbc6227e345f9194ccaf112215e0c0890f8f9a3cd21ff5fca3d2dc037bbda0d","true","933806","65ffedc0f25cffe19f80eeecc52ea438","image/png","false"
"nouns","skip_verified","/Users/Sean/Desktop/nouns-backup/nouns/fish/fish_2.png","nouns/fish/fish_2.png","preserve_relative_path","","1179430","098201198658dda0c3411dea8f61d9499bbff795de7a463af3053ba5c8b8c2d2","true","1179430","403e1b0842d8734fc3c256443138dfe5","image/png","false"
"nouns","skip_verified","/Users/Sean/Desktop/nouns-backup/nouns/five_fifteen/five_fifteen_1.png","nouns/five_fifteen/five_fifteen_1.png","preserve_relative_path","","25359","39771bb581e67d72e4782dbb4f04e76f2eb25e3265fe9a1c9cc3d98273f30e42","true","25359","c9fa256428aab4c50c6f804f59316d95","image/png","false"
"nouns","skip_verified","/Users/Sean/Desktop/nouns-backup/nouns/five_fifteen/five_fifteen_2.png","nouns/five_fifteen/five_fifteen_2.png","preserve_relative_path","","827087","7a79a156ae58a6b7c6b9ff4ea4ae6ef0045875006f029aa85199a33c0094d645","true","827087","071be2f0d68dfcb3f8ea70e046b54921","image/png","false"
"nouns","skip_verified","/Users/Sean/Desktop/nouns-backup/nouns/five_fifteen/five_fifteen_3.png","nouns/five_fifteen/five_fifteen_3.png","preserve_relative_path","","21889","09749b9cfe6c0e80a9bea35541f7f53366ce28cb477da3306dcaf5fb5961e30a","true","21889","bbf48260c5b90cce630fc8059c30f55b","image/png","false"
"nouns","skip_verified","/Users/Sean/Desktop/nouns-backup/nouns/five_forty_five/five_forty_five_1.png","nouns/five_forty_five/five_forty_five_1.png","preserve_relative_path","","25192","f70d7be0a5efadbaa6e5cc4b3e315015fbbfef040602dce8ca2aaebd5afda375","true","25192","cd8c2a466994e318ff9e6735e72bd2f0","image/png","false"
"nouns","skip_verified","/Users/Sean/Desktop/nouns-backup/nouns/five_forty_five/five_forty_five_2.png","nouns/five_forty_five/five_forty_five_2.png","preserve_relative_path","","1194785","7f434dd2d74505fb942606c3178414d4b10e3e891c865046e754eeb8fb7c4745","true","1194785","09372863bd71062e63b5fa4df6a0f704","image/png","false"
"nouns","skip_verified","/Users/Sean/Desktop/nouns-backup/nouns/five_forty_five/five_forty_five_3.png","nouns/five_forty_five/five_forty_five_3.png","preserve_relative_path","","23632","2557e387dac1b69d7b99186982d86e74dd66c39eb92ad85294fae37fce16ce6a","true","23632","cb679e2a2b8414556a8e50baf45e3f90","image/png","false"
"nouns","skip_verified","/Users/Sean/Desktop/nouns-backup/nouns/five_oclock/five_oclock_1.png","nouns/five_oclock/five_oclock_1.png","preserve_relative_path","","25506","62501a1db4b3a233fc5cf5139d652f4bbb11ad021cd539db4e31fa14432d2e5a","true","25506","ee7cc14bd0b1c075f77a62b5075bd40c","image/png","false"
"nouns","skip_verified","/Users/Sean/Desktop/nouns-backup/nouns/five_oclock/five_oclock_2.png","nouns/five_oclock/five_oclock_2.png","preserve_relative_path","","826203","cf6e724c919970c6997db2f403acce9beb56828c698569629fa75c33ae29fc6c","true","826203","4537f542fd5687b1cb14164627fc36c8","image/png","false"
"nouns","skip_verified","/Users/Sean/Desktop/nouns-backup/nouns/five_oclock/five_oclock_3.png","nouns/five_oclock/five_oclock_3.png","preserve_relative_path","","21773","3411a40d97395aedb1af23c45102c84b671d8dbeee794a263a9189ae9c60b81c","true","21773","7a814c24186fff639ef5b6ded1c2fba9","image/png","false"
"nouns","skip_verified","/Users/Sean/Desktop/nouns-backup/nouns/five_thirty/five_thirty_1.png","nouns/five_thirty/five_thirty_1.png","preserve_relative_path","","25192","6e75097f5a753f2f18a2e01fff9b4a9e677f7cc55325269980f376f59fad0448","true","25192","4035ab05feb88e1621516ef518a2af2c","image/png","false"
"nouns","skip_verified","/Users/Sean/Desktop/nouns-backup/nouns/five_thirty/five_thirty_2.png","nouns/five_thirty/five_thirty_2.png","preserve_relative_path","","1216528","b63e6d2fd86d6926b3faa29b5a67c0d40128f263a244fde8209068133ced405f","true","1216528","fcc4b775562443adc60ce3d5860b555c","image/png","false"
"nouns","skip_verified","/Users/Sean/Desktop/nouns-backup/nouns/five_thirty/five_thirty_3.png","nouns/five_thirty/five_thirty_3.png","preserve_relative_path","","26267","d2d301d73d91eb3fb1f0334f6e7c44ab15f41b3e9c68e7970299b1d2491a791e","true","26267","f6c1a5ca8a6e533dadde893759fe7cc1","image/png","false"
"nouns","skip_verified","/Users/Sean/Desktop/nouns-backup/nouns/five/five_1.png","nouns/five/five_1.png","preserve_relative_path","","479961","92ff8bcf1e66dc0bd03dff8cb93e9ba379333e4d4d4c2b448ab7482ce9e3b33c","true","479961","ee6596e2aefee2d0cfc2783943d9cd40","image/png","false"
"nouns","skip_verified","/Users/Sean/Desktop/nouns-backup/nouns/flower/flower_1.png","nouns/flower/flower_1.png","preserve_relative_path","","914117","8c2b6c996b7652202b49fc906b22e78e80da7c0224e1703328dbf229696de6d4","true","914117","97035d5bb52960c35eae73b45fd6f57a","image/png","false"
"nouns","skip_verified","/Users/Sean/Desktop/nouns-backup/nouns/flower/flower_2.png","nouns/flower/flower_2.png","preserve_relative_path","","1840596","6b5d7961b5c8f7630855f0a78a0389aca1a5f7305065306f461c286b77c80f01","true","1840596","1e17988e17f675bfa19ffa529f2ef152","image/png","false"
"nouns","skip_verified","/Users/Sean/Desktop/nouns-backup/nouns/flu/flu_1.png","nouns/flu/flu_1.png","preserve_relative_path","","1492367","0853423496e06cd19c0ff6cf9b87b79ee18d8c3625d89fa823bd68111d261663","true","1492367","3c5f9acbf396f39d8536fc338259c5fb","image/png","false"
"nouns","skip_verified","/Users/Sean/Desktop/nouns-backup/nouns/flu/flu_2.png","nouns/flu/flu_2.png","preserve_relative_path","","1717728","11702ad2d0cdbaa1df7d97d3b42de689d24c5c6d2b4e991dbe52df00babbbb10","true","1717728","1b952e0abbb43ebbab8cae9af2cbc85b","image/png","false"
"nouns","skip_verified","/Users/Sean/Desktop/nouns-backup/nouns/foal/foal_1.png","nouns/foal/foal_1.png","preserve_relative_path","","1071207","49c5601ab28faba24626280cbc7a7327e711b56b16f4712a68d2d5afa483a081","true","1071207","951e2f12ec78377ed4a1cd5b2e3f24e4","image/png","true"
"nouns","skip_verified","/Users/Sean/Desktop/nouns-backup/nouns/foal/foal_2.png","nouns/foal/foal_2.png","preserve_relative_path","","1216481","ad9a336c60a4637fbd4d23957d54caedf4de861260b42225d88df4b010b4bdf1","true","1216481","3d87493ffa1a0ac970458d5ba51d0725","image/png","true"
"nouns","skip_verified","/Users/Sean/Desktop/nouns-backup/nouns/foggy/foggy_1.png","nouns/foggy/foggy_1.png","preserve_relative_path","","994563","89c9d3b49c9a268a0876b9eaf37c40ace33776c605183b407351f24524a17ea4","true","994563","0072ebd8cd00a60def6f64821a455823","image/png","false"
"nouns","skip_verified","/Users/Sean/Desktop/nouns-backup/nouns/foggy/foggy_2.png","nouns/foggy/foggy_2.png","preserve_relative_path","","1987487","28326f77148893fc601c29f262acac1c79cbf2801de4345d4813986dc4cd2394","true","1987487","ff1d91316e401e6642d6a2fccdc5a9c5","image/png","false"
"nouns","skip_verified","/Users/Sean/Desktop/nouns-backup/nouns/foot/foot_1.png","nouns/foot/foot_1.png","preserve_relative_path","","646111","c41386b51c9d8fb9358a83af5b68dd57008b8bfac3ec463792059c40d0070599","true","646111","c8be190397078fdfec89f189ced1ebdd","image/png","false"
"nouns","skip_verified","/Users/Sean/Desktop/nouns-backup/nouns/foot/foot_2.png","nouns/foot/foot_2.png","preserve_relative_path","","1164758","54e1163d70133037d87e4ee382209e7570b9023ea90fd4871d98664fb31689ba","true","1164758","b7722aa103d02f06048d049683aebd84","image/png","false"
"nouns","skip_verified","/Users/Sean/Desktop/nouns-backup/nouns/foot/foot_3.png","nouns/foot/foot_3.png","preserve_relative_path","","791160","3dd77adc079c257c7e1d2448b50058f8f1e888074ae48193ce8b1fead6d2dfb6","true","791160","d670cf357e48e4462e512dfb9cf46942","image/png","false"
"nouns","skip_verified","/Users/Sean/Desktop/nouns-backup/nouns/forest/forest_1.png","nouns/forest/forest_1.png","preserve_relative_path","","1283414","c032a35afd1d0c139a4c406329feeccd61d56d339b07ed50fafa6e7f8f09ab6a","true","1283414","fcb08e028f41d35514710101fb0b83dd","image/png","false"
"nouns","skip_verified","/Users/Sean/Desktop/nouns-backup/nouns/forest/forest_2.png","nouns/forest/forest_2.png","preserve_relative_path","","2149700","68f935a8604292378b44edaf11c53b0c4a9a3cf563b7b4365af601f9886975a2","true","2149700","b327dca34fccc9d628ea3289ab509f88","image/png","false"
"nouns","skip_verified","/Users/Sean/Desktop/nouns-backup/nouns/fork/fork_1.png","nouns/fork/fork_1.png","preserve_relative_path","","230699","dd7aa40674a32c0986d8ce5d57b898d9ea566f39f4e7b9ebbb2cc287c0820233","true","230699","2721f068fed7e8e5375081220080919b","image/png","false"
"nouns","skip_verified","/Users/Sean/Desktop/nouns-backup/nouns/fork/fork_2.png","nouns/fork/fork_2.png","preserve_relative_path","","506598","4843314c9e15bb35b4f5e292ec6763563c852d11e27f7f6fe2964f73fe8edab7","true","506598","4b714fb92fd6ce3dba27f98f4ea052ac","image/png","false"
"nouns","skip_verified","/Users/Sean/Desktop/nouns-backup/nouns/fork/fork_3.png","nouns/fork/fork_3.png","preserve_relative_path","","1892367","335c1d1358fcae1bf1fbef3837e7dc0a2781a5f699c4225fcffc2919ed7a68b9","true","1892367","ea7d373e23b6bde432a680f65594b816","image/png","false"
"nouns","skip_verified","/Users/Sean/Desktop/nouns-backup/nouns/forty/forty_1.png","nouns/forty/forty_1.png","preserve_relative_path","","840780","5fc1905f75fe409888a9103b1a643adae9787b672c3e6d04655947becae02721","true","840780","581fe93e4b3e6c33a51fa333284e2f9a","image/png","false"
"nouns","skip_verified","/Users/Sean/Desktop/nouns-backup/nouns/four_oclock/four_oclock_1.png","nouns/four_oclock/four_oclock_1.png","preserve_relative_path","","25763","dd6af19740a109960623dcb133361130d9f0fb13a882dc85b3f6377584cd5711","true","25763","abb7bb5e9bcc0d3541f581179e9d5bfc","image/png","false"
"nouns","skip_verified","/Users/Sean/Desktop/nouns-backup/nouns/four_oclock/four_oclock_2.png","nouns/four_oclock/four_oclock_2.png","preserve_relative_path","","849645","d32088ce91b7a905101d50b5c655f7fb6afc87e7cae5df9acc5cf9cf232e1d84","true","849645","e3bfd407ef7665271070e6b48f202b11","image/png","false"
"nouns","skip_verified","/Users/Sean/Desktop/nouns-backup/nouns/four_oclock/four_oclock_3.png","nouns/four_oclock/four_oclock_3.png","preserve_relative_path","","22802","a760970af7b015798e3776a6af1a2033f686d6123a19cdbf5f6287d96a2787e9","true","22802","3b06d781b41e6adf8c9e44e8e23adcc0","image/png","false"
"nouns","skip_verified","/Users/Sean/Desktop/nouns-backup/nouns/four/four_1.png","nouns/four/four_1.png","preserve_relative_path","","776850","930212fd88b58dcc4ef103257701e3800c2a2a8b8ad88abf052d371a2921dafd","true","776850","789692db2a3f17a0761ab7f91933d609","image/png","false"
"nouns","skip_verified","/Users/Sean/Desktop/nouns-backup/nouns/fourteen/fourteen_1.png","nouns/fourteen/fourteen_1.png","preserve_relative_path","","648649","0f89a4f9173ee6f26ad9a6cc681be50dad3e910c67e32b8ac6d2b753d30aebe9","true","648649","b903f241feb2b3d12eda1d90f1b9b237","image/png","false"
"nouns","skip_verified","/Users/Sean/Desktop/nouns-backup/nouns/fox/fox_1.png","nouns/fox/fox_1.png","preserve_relative_path","","984837","cb57a8eb9328d466d256577b957f9bec0de517d5bc4e950517c8479074ec9777","true","984837","ff6aa705006a147773554249b7cc6741","image/png","true"
"nouns","skip_verified","/Users/Sean/Desktop/nouns-backup/nouns/fox/fox_2.png","nouns/fox/fox_2.png","preserve_relative_path","","1355769","dd6a50829515e6382c1d76920172c2d4c64ce62efb21d0062ad2ffdfb1fdbf70","true","1355769","9d44237426976a2b00644385747ca7a4","image/png","true"
"nouns","skip_verified","/Users/Sean/Desktop/nouns-backup/nouns/freezer/freezer_1.png","nouns/freezer/freezer_1.png","preserve_relative_path","","842224","83985ea5c5b9ac85d0fbde16042fd78dede038f1e3417e1b0e78f23090442007","true","842224","15ae5c002eb39b4aaf0bf92b1a9026e2","image/png","false"
"nouns","skip_verified","/Users/Sean/Desktop/nouns-backup/nouns/freezer/freezer_2.png","nouns/freezer/freezer_2.png","preserve_relative_path","","1372067","a5888a1ed690a422ba362d5e02f1a9cb02f2a2d22e8b304c56b3e65fa97762c0","true","1372067","0c5935cd0877334fce7843364623d177","image/png","false"
"nouns","skip_verified","/Users/Sean/Desktop/nouns-backup/nouns/freezing/freezing_1.png","nouns/freezing/freezing_1.png","preserve_relative_path","","1868179","9fe3d2addf12fb2a158ebaa14547a37ba67578cbca7055dbec1f4d68a746ad30","true","1868179","2ca7545b587817cb1779cccd3d42ddec","image/png","false"
"nouns","skip_verified","/Users/Sean/Desktop/nouns-backup/nouns/freezing/freezing_2.png","nouns/freezing/freezing_2.png","preserve_relative_path","","1436946","0c192d59905cc28b821dde1ecc9590151779c1d0b9f0fbb9918e0cee4b7dc6ba","true","1436946","2f00ede4436ec251d04938e60f703f17","image/png","false"
"nouns","skip_verified","/Users/Sean/Desktop/nouns-backup/nouns/french/french_1.png","nouns/french/french_1.png","preserve_relative_path","","2187227","70044bd46a9ddfcefc7a04842f4c0e8fe617f731c6ca98384ece6bbcf212192a","true","2187227","4f12594145bb7f3f17eebee48bd5cd73","image/png","false"
"nouns","skip_verified","/Users/Sean/Desktop/nouns-backup/nouns/french/french_2.png","nouns/french/french_2.png","preserve_relative_path","","2288225","315206d420e39d06f36b522c6e08c685d5f6e1e5e54e62c75a9a41bd178c16be","true","2288225","8db48bdbc999ee1a32d7022e00530559","image/png","false"
"nouns","skip_verified","/Users/Sean/Desktop/nouns-backup/nouns/french/french_3.png","nouns/french/french_3.png","preserve_relative_path","","2601541","3377fc72031803f216d1069f5ca9455d89285506d3e31cb3c7a88cdc28e77f30","true","2601541","10962385fe94cdca82b7346ac4c33569","image/png","false"
"nouns","skip_verified","/Users/Sean/Desktop/nouns-backup/nouns/friday/friday_1.png","nouns/friday/friday_1.png","preserve_relative_path","","750333","14840295b89d05e33149bff9b0f497fd05a07047c60198fcb53027b2173beec9","true","750333","caac75343ae6ae22a56ca4bfeb4a0827","image/png","false"
"nouns","skip_verified","/Users/Sean/Desktop/nouns-backup/nouns/fried_chicken/fried_chicken_1.png","nouns/fried_chicken/fried_chicken_1.png","preserve_relative_path","","1635777","4666058c9e868a5c67d448d09cedf6a55bd15892cb85f46670c80e846734ade4","true","1635777","785c855396d3e3915e6e5861004d84f0","image/png","false"
"nouns","skip_verified","/Users/Sean/Desktop/nouns-backup/nouns/fried_chicken/fried_chicken_2.png","nouns/fried_chicken/fried_chicken_2.png","preserve_relative_path","","2742882","22caa76f581db334062dd563dd0ea3c68d25d9158d188297e0c8914e9bd1b424","true","2742882","aa56bce45d15e83bdbc8124e7bcb95b6","image/png","false"
"nouns","skip_verified","/Users/Sean/Desktop/nouns-backup/nouns/fried_egg/fried_egg_1.png","nouns/fried_egg/fried_egg_1.png","preserve_relative_path","","1501853","4ddaa93db2f2ba2ef453d3984ba15b522be39186dc191b8dc497a96ad5c900bf","true","1501853","85ccd4aa007359be1fbb3145acd24046","image/png","false"
"nouns","skip_verified","/Users/Sean/Desktop/nouns-backup/nouns/fried_egg/fried_egg_2.png","nouns/fried_egg/fried_egg_2.png","preserve_relative_path","","1698742","4c66fd8a809af5f74d4ff8dd6ce386bfb9d76c36481d6ec18085a49dd9fdd982","true","1698742","bc6a16518d8ee6fa1641616e11030939","image/png","false"
"nouns","skip_verified","/Users/Sean/Desktop/nouns-backup/nouns/fried_rice/fried_rice_1.png","nouns/fried_rice/fried_rice_1.png","preserve_relative_path","","1795493","df78986ec58cd84ba4dbdabb79ac6009877b6aafe69f13e0a069f0c68db28f3f","true","1795493","749a4e8f3cea5a81f20c1194e042086d","image/png","false"
"nouns","skip_verified","/Users/Sean/Desktop/nouns-backup/nouns/fried_rice/fried_rice_2.png","nouns/fried_rice/fried_rice_2.png","preserve_relative_path","","1789043","a1df4e2421fb2b3b282d5edaaf83eb0084d5361ae2a45bef69238900cfe93ef1","true","1789043","7f22adf01cc540930ff20a3887631dc6","image/png","false"
"nouns","skip_verified","/Users/Sean/Desktop/nouns-backup/nouns/friend/friend_1.png","nouns/friend/friend_1.png","preserve_relative_path","","656403","2115a3ab306260768798cd00a4c517b5df3e8ad09dd7ed22baca892435cf27cd","true","656403","ad65032ee91dc380ebe978c28de61edc","image/png","false"
"nouns","skip_verified","/Users/Sean/Desktop/nouns-backup/nouns/friend/friend_2.png","nouns/friend/friend_2.png","preserve_relative_path","","1347978","363ed7d662abc735789c044b48d37ef8dcdcc15422e1dc2dab7e17d8e50a8ebf","true","1347978","e79c0ffb2da37dd7b8f2aa436f5bc9dd","image/png","false"
"nouns","skip_verified","/Users/Sean/Desktop/nouns-backup/nouns/fries/fries_1.png","nouns/fries/fries_1.png","preserve_relative_path","","1673911","1b305b0b95baa7a7dd3c2fe43279c9959879484d95b38aae6ea6ef7a5e87d842","true","1673911","9780641fd384a284c5d255ef1993f106","image/png","false"
"nouns","skip_verified","/Users/Sean/Desktop/nouns-backup/nouns/fries/fries_2.png","nouns/fries/fries_2.png","preserve_relative_path","","1800495","3f88e60b664322d7b2b5ca681de6856eaecf5decda005081ba4c5faa67ed2c49","true","1800495","e41a722b768df818b003c422875036d8","image/png","false"
"nouns","skip_verified","/Users/Sean/Desktop/nouns-backup/nouns/frog/frog_1.png","nouns/frog/frog_1.png","preserve_relative_path","","1074809","9bf485fb103bd780f459932f29b35c303e610d3a9861cbe23ed037e707b3493f","true","1074809","1a38036ac657bf7f7d841c74de3961e0","image/png","true"
"nouns","skip_verified","/Users/Sean/Desktop/nouns-backup/nouns/frog/frog_2.png","nouns/frog/frog_2.png","preserve_relative_path","","1337691","d45aa5e34b2a10268bac81cb2053dd96208607a88f6424bc88e26f975b8da16a","true","1337691","cdf47fcad5a31b35b4deeccd78c989f6","image/png","true"
"nouns","skip_verified","/Users/Sean/Desktop/nouns-backup/nouns/front_door/front_door_1.png","nouns/front_door/front_door_1.png","preserve_relative_path","","1245597","0713053229cf2115e884cc0e8ba2b4c0ad47113161bc50a86a345480ddd2b64f","true","1245597","d286ae08ce19d488850e3a1cf883a445","image/png","false"
"nouns","skip_verified","/Users/Sean/Desktop/nouns-backup/nouns/front_door/front_door_2.png","nouns/front_door/front_door_2.png","preserve_relative_path","","1062535","60906af59765b9579eff31ab9ed7496f62a7b161c5ab6bc6d8e60030e6e32204","true","1062535","fc47f2cf9d3d587a69c6d5390cdd06e3","image/png","false"
"nouns","skip_verified","/Users/Sean/Desktop/nouns-backup/nouns/frying_pan/frying_pan_1.png","nouns/frying_pan/frying_pan_1.png","preserve_relative_path","","493672","3d0ad103e714a35bf5f147af4ebb35430122ae075928879343785ebcb8c56424","true","493672","68b16eb1ae936dc8fcba8b86aa02901d","image/png","false"
"nouns","skip_verified","/Users/Sean/Desktop/nouns-backup/nouns/frying_pan/frying_pan_2.png","nouns/frying_pan/frying_pan_2.png","preserve_relative_path","","663571","51603874a5cc95d4a9e5c534437686f36a99ed994d495013119c18719b3dfdeb","true","663571","2cfa3c300f67ba36a8308d31b6f8fe8f","image/png","false"
"nouns","skip_verified","/Users/Sean/Desktop/nouns-backup/nouns/frying_pan/frying_pan_3.png","nouns/frying_pan/frying_pan_3.png","preserve_relative_path","","1691593","ed73d75da58c8c6073d63e7a93d89acb6a01ee18888c2ba0b7cb9dc8f23b517c","true","1691593","a4471d2465aa55c39aa0b3a0f147645a","image/png","false"
"nouns","skip_verified","/Users/Sean/Desktop/nouns-backup/nouns/game_console/game_console_1.png","nouns/game_console/game_console_1.png","preserve_relative_path","","731835","4aca8ca0a015262e778eb558794ce28d51b4eafae73e2ac6ac63b8176c49b467","true","731835","308e9984230862f60247597697cd53fe","image/png","false"
"nouns","skip_verified","/Users/Sean/Desktop/nouns-backup/nouns/game_console/game_console_2.png","nouns/game_console/game_console_2.png","preserve_relative_path","","1227188","b53105b8683fbd269424d9366cad7e023a25f438dd2ecc6c9ffc1713b819e56c","true","1227188","abd03e5192734e755b7fff2ddc662161","image/png","false"
"nouns","skip_verified","/Users/Sean/Desktop/nouns-backup/nouns/game_console/game_console_3.png","nouns/game_console/game_console_3.png","preserve_relative_path","","2131836","4cb378108ca9d2391ec181e746572de94b9cd32b36022ac4ea743b4e5bbc27f9","true","2131836","eb277bf35de397575818bff8694ea11f","image/png","false"
"nouns","skip_verified","/Users/Sean/Desktop/nouns-backup/nouns/game/game_1.png","nouns/game/game_1.png","preserve_relative_path","","759835","dbdcb1216ef087bd94e47ba1c0b249726abcb01db76d79ad2bee53bd6cc93947","true","759835","02ba179a7bbccd8f59dd14ff858888a8","image/png","false"
"nouns","skip_verified","/Users/Sean/Desktop/nouns-backup/nouns/game/game_2.png","nouns/game/game_2.png","preserve_relative_path","","1754116","f560b96ef2d1b7c87d10cf766fc92234425802df6d59a655b697c9e28b492760","true","1754116","fe257f936500eba9a73ae9776e76cb9d","image/png","false"
"nouns","skip_verified","/Users/Sean/Desktop/nouns-backup/nouns/game/game_3.png","nouns/game/game_3.png","preserve_relative_path","","1219300","98433ea78f5cd0f93dd7d1eb838d147ace7df9ae4c75000b51e522521e7382b0","true","1219300","f119419ae555db1b90f50f891290a384","image/png","false"
"nouns","skip_verified","/Users/Sean/Desktop/nouns-backup/nouns/garage/garage_1.png","nouns/garage/garage_1.png","preserve_relative_path","","3179966","3d7dbae401a7ff75cb7158ed4e47f614d4d87c37e7136a25e9e419659a601b9c","true","3179966","175b57150142391afbdbc50f65c67019","image/png","false"
"nouns","skip_verified","/Users/Sean/Desktop/nouns-backup/nouns/garage/garage_2.png","nouns/garage/garage_2.png","preserve_relative_path","","2538518","9c32da13962c1faef182222dfc959ffd4f67297dc150edb7bc2913b9cad644e6","true","2538518","dbbf690a1d9ce1434b7da179535b0b01","image/png","false"
"nouns","skip_verified","/Users/Sean/Desktop/nouns-backup/nouns/garage/garage_3.png","nouns/garage/garage_3.png","preserve_relative_path","","2409034","d7283d236e92deb8113f1766acdec755ba8867f05f522687976ee01d15781ab1","true","2409034","705d193c1031e7c6d1a8d07a065cfce8","image/png","false"
"nouns","skip_verified","/Users/Sean/Desktop/nouns-backup/nouns/garlic/garlic_1.png","nouns/garlic/garlic_1.png","preserve_relative_path","","1048562","97d397176c74957546afdcda66a0a6dc2e005ad335e11a9f3f5d7a01d32dab8c","true","1048562","7b23bb51870c3e5584d9a0abc1699ac7","image/png","true"
"nouns","skip_verified","/Users/Sean/Desktop/nouns-backup/nouns/garlic/garlic_2.png","nouns/garlic/garlic_2.png","preserve_relative_path","","1031360","4371ab0b3427600125647e238c004e385a7d39ac1dc27d87ddee6987a2f3248f","true","1031360","934f04a55b19aca147eeec3c4287d391","image/png","true"
"nouns","skip_verified","/Users/Sean/Desktop/nouns-backup/nouns/gas_station/gas_station_1.png","nouns/gas_station/gas_station_1.png","preserve_relative_path","","1307409","9712dceddba2eba53f490c0dc000028b031117c1db304f45f3dccc7c1afe1d36","true","1307409","1dacdd6d2aa01d261192d97d06c1bf10","image/png","false"
"nouns","skip_verified","/Users/Sean/Desktop/nouns-backup/nouns/gas_station/gas_station_2.png","nouns/gas_station/gas_station_2.png","preserve_relative_path","","1294352","12f4d2c08f45b5f500b37de29e74b36ba7c2ef412ce66ae06b160076289502d1","true","1294352","5468791389a4a40857606d5cb804f44c","image/png","false"
"nouns","skip_verified","/Users/Sean/Desktop/nouns-backup/nouns/gas_station/gas_station_3.png","nouns/gas_station/gas_station_3.png","preserve_relative_path","","2073309","ed9aee5567d59cf07d612327fd65b9b08894b0eb3b2b2a6ebad203c01152f535","true","2073309","3e43efecb8d68887f93e88ef61be0405","image/png","false"
"nouns","skip_verified","/Users/Sean/Desktop/nouns-backup/nouns/geography/geography_1.png","nouns/geography/geography_1.png","preserve_relative_path","","2590967","bee6a269abc0aea9d0f71ffc19eb921361088a576171ba1ec7c8e5108da15580","true","2590967","70996eae7b5be2e24ecbc0e74615d8b4","image/png","false"
"nouns","skip_verified","/Users/Sean/Desktop/nouns-backup/nouns/geography/geography_2.png","nouns/geography/geography_2.png","preserve_relative_path","","2579734","9521a59336de2f4dabe2b41a458d331c976f41449529814397c84a5b28e87b0f","true","2579734","367e037ce68deea888cbd8474ee30eb5","image/png","false"
"nouns","skip_verified","/Users/Sean/Desktop/nouns-backup/nouns/geography/geography_3.png","nouns/geography/geography_3.png","preserve_relative_path","","2745030","777030b0991c8d2aff6f8d83882c4bbd3c0b9cbc78e99807fc3bb9dfa6b3656a","true","2745030","c4abe7cb9b12dc8f9fd4d2cbb60e6da8","image/png","false"
"nouns","skip_verified","/Users/Sean/Desktop/nouns-backup/nouns/german/german_1.png","nouns/german/german_1.png","preserve_relative_path","","2258946","11c1e4dd25ef22d39f5c44e21b8c24abf1015601bd3ee370a008ca27ca9577fd","true","2258946","062d25c5bea24c1e9a1276c52f9d4097","image/png","false"
"nouns","skip_verified","/Users/Sean/Desktop/nouns-backup/nouns/german/german_2.png","nouns/german/german_2.png","preserve_relative_path","","2249727","6f7200e0292f44a5e1b21b8c574381c274b23e9285d58964e337621569360445","true","2249727","14914c62cc62a93314e7dbb0b98f5bf9","image/png","false"
"nouns","skip_verified","/Users/Sean/Desktop/nouns-backup/nouns/german/german_3.png","nouns/german/german_3.png","preserve_relative_path","","2640982","9a6135afb86a3956b745c6d25d278148e7390bf818ce6a328a5477b1c528bb2d","true","2640982","a400cc6ccd0787dfa88aee28f56f5d2f","image/png","false"
"nouns","skip_verified","/Users/Sean/Desktop/nouns-backup/nouns/gillet/gillet_1.png","nouns/gillet/gillet_1.png","preserve_relative_path","","897812","a1406d85acd5de17a1ca5d482f1e6d2cd24b107bf4d1eefb6730a7644aa6855d","true","897812","6f9224f31d453632f2886dfd07246144","image/png","false"
"nouns","skip_verified","/Users/Sean/Desktop/nouns-backup/nouns/gillet/gillet_2.png","nouns/gillet/gillet_2.png","preserve_relative_path","","1365121","044b32542e778a049d8cc1d894e72bc163e322cf11a9dc9f77e1d4a7974eeb13","true","1365121","2b34eeb809ca7b3875e1f5bb04b0b821","image/png","false"
"nouns","skip_verified","/Users/Sean/Desktop/nouns-backup/nouns/giraffe/giraffe_1.png","nouns/giraffe/giraffe_1.png","preserve_relative_path","","613729","cc356c955c64c939bd8948ea5fea8424594025791f3a6dff5204ef1828cc5486","true","613729","e7e328159e29b5eac741b26f16f7757c","image/png","true"
"nouns","skip_verified","/Users/Sean/Desktop/nouns-backup/nouns/giraffe/giraffe_2.png","nouns/giraffe/giraffe_2.png","preserve_relative_path","","1246330","7377248b21fb530fa7bb50f0731aeb3a1ba2705d51e2eb9666e1efcb29bd7808","true","1246330","1609a7e63217fec0e9e8a4102b2536be","image/png","true"
"nouns","skip_verified","/Users/Sean/Desktop/nouns-backup/nouns/girl/girl_1.png","nouns/girl/girl_1.png","preserve_relative_path","","714870","76b9a1ae4960516f12122d84d04bb377fc22d96681cae62201f04481cb2cfe80","true","714870","41a04aef0129f25866e4391feb008a3d","image/png","false"
"nouns","skip_verified","/Users/Sean/Desktop/nouns-backup/nouns/girl/girl_2.png","nouns/girl/girl_2.png","preserve_relative_path","","1055387","0e96d78da1dfb298ad6e1d142bc356fcb0f3e096eb30786abe159db4da27335c","true","1055387","1b3e74e91a04a31bb37132d4ee9038be","image/png","false"
"nouns","skip_verified","/Users/Sean/Desktop/nouns-backup/nouns/glass/glass_1.png","nouns/glass/glass_1.png","preserve_relative_path","","368389","4f0356becf05b9e5fb72c2213c651a29d2332ad9e18a6e32b05adfc7db8d5bc7","true","368389","73f3586755ea509871e3b8bd9395a9e9","image/png","false"
"nouns","skip_verified","/Users/Sean/Desktop/nouns-backup/nouns/glass/glass_2.png","nouns/glass/glass_2.png","preserve_relative_path","","376129","80e3a675a08309a0226217da0546e26fbdfd7e253f231a56f6a8af0bc3fbca45","true","376129","d3094aa7709488ba9846ad8ace798988","image/png","false"
"nouns","skip_verified","/Users/Sean/Desktop/nouns-backup/nouns/glass/glass_3.png","nouns/glass/glass_3.png","preserve_relative_path","","1501700","5210add28032a96d6f40b0bbb890b555c9ee108f48fda015991c159c5af7c41f","true","1501700","3e42ec3219c67298e7b4e675cbcdb253","image/png","false"
"nouns","skip_verified","/Users/Sean/Desktop/nouns-backup/nouns/glasses/glasses_1.png","nouns/glasses/glasses_1.png","preserve_relative_path","","423391","6ce655c17b8b4e2438905bc227e411eadf0e6f1c1b801a8e26f29398c4bacd36","true","423391","6bddeb3193b146540ec70840fb8185a5","image/png","false"
"nouns","skip_verified","/Users/Sean/Desktop/nouns-backup/nouns/glasses/glasses_2.png","nouns/glasses/glasses_2.png","preserve_relative_path","","587681","33a6abf7a099490404084597458838c714bda1d769aa54fc99cbf6cdad7cb6c2","true","587681","ee89cb8e54090c97aafc5a3d5de67b13","image/png","false"
"nouns","skip_verified","/Users/Sean/Desktop/nouns-backup/nouns/gloves/gloves_1.png","nouns/gloves/gloves_1.png","preserve_relative_path","","857428","c18fb31cb8712ad9fb77dff863296cc68dbd7c26209814984d9cad995d042cf0","true","857428","5a4944f72eed7cd7ce44460c9c400d4d","image/png","false"
"nouns","skip_verified","/Users/Sean/Desktop/nouns-backup/nouns/gloves/gloves_2.png","nouns/gloves/gloves_2.png","preserve_relative_path","","1132564","525ced5363de39f898a9c8397887da0a9299c931acdd4264450c10bde14e490e","true","1132564","25dadc3022f2dafd059a98a013692648","image/png","false"
"nouns","skip_verified","/Users/Sean/Desktop/nouns-backup/nouns/glue/glue_1.png","nouns/glue/glue_1.png","preserve_relative_path","","683914","830ad52a9f1ae2929206c6d77b50408a567b9a1d8b65a741ff93c42e24792855","true","683914","c676e0e5d3c09a09d753d1e827d45b1c","image/png","true"
"nouns","skip_verified","/Users/Sean/Desktop/nouns-backup/nouns/glue/glue_2.png","nouns/glue/glue_2.png","preserve_relative_path","","983780","2667d9849761f0e593a250cfe0337e4ea939a64ebd64d9bda78b5e2c7c6e0d22","true","983780","c895c74d437a90731aaafcd5601873dc","image/png","false"
"nouns","skip_verified","/Users/Sean/Desktop/nouns-backup/nouns/glue/glue_3.png","nouns/glue/glue_3.png","preserve_relative_path","","1134697","11ecadea8abd233588deb8aa41e9827219b8bd879d1ee4cc1b5ee38d5b080377","true","1134697","330393848ad17fba1241535549796954","image/png","true"
"nouns","skip_verified","/Users/Sean/Desktop/nouns-backup/nouns/goat/goat_1.png","nouns/goat/goat_1.png","preserve_relative_path","","701370","1c5e40c9dc986173b3d18c370dee7fc104a4ecf0be33ceee911cbe9dabcce5d5","true","701370","782ee3f27f1dd975ce460b7297c9423d","image/png","true"
"nouns","skip_verified","/Users/Sean/Desktop/nouns-backup/nouns/goat/goat_2.png","nouns/goat/goat_2.png","preserve_relative_path","","1413340","d36e77670bbdbbfaf2b9abf4fa810d75379ad77d206ff2f624a9c4812e8d3f79","true","1413340","e72f02279c6a204b889e1e730407fb6c","image/png","true"
"nouns","skip_verified","/Users/Sean/Desktop/nouns-backup/nouns/golf/golf_1.png","nouns/golf/golf_1.png","preserve_relative_path","","1275801","ee5dc028673e8097bbe9bb48113142558c1d29e0dd26faa5223684f6b4082d36","true","1275801","a5ce75b1744ef4ee96c0216f9b64998a","image/png","false"
"nouns","skip_verified","/Users/Sean/Desktop/nouns-backup/nouns/golf/golf_2.png","nouns/golf/golf_2.png","preserve_relative_path","","3041203","c4e553e2c54b5888b2efc1753494fce98f8dde40adb424e46b61438e653c5c72","true","3041203","2de7ceec721398c95fefa2d56a084da8","image/png","false"
"nouns","skip_verified","/Users/Sean/Desktop/nouns-backup/nouns/golf/golf_3.png","nouns/golf/golf_3.png","preserve_relative_path","","2508610","cb5791ff5d7603b828a79b6a630493e496c3d21482aa83f5ecab24c7674576a2","true","2508610","3c344bd36446e6aff7c241639b07facb","image/png","false"
"nouns","skip_verified","/Users/Sean/Desktop/nouns-backup/nouns/goose/goose_1.png","nouns/goose/goose_1.png","preserve_relative_path","","627111","60df25b975092e5fa5e701815482a607a6a101fa60acea6ecfdb016f28d3003d","true","627111","115d71e1339007ac0c28f895228bb07e","image/png","true"
"nouns","skip_verified","/Users/Sean/Desktop/nouns-backup/nouns/goose/goose_2.png","nouns/goose/goose_2.png","preserve_relative_path","","872204","ed6ea900bc63685e8913169c37a97c4e7306c0645f2a4cea4b590248e502898a","true","872204","4c0bde26162532b4b587dd3ac9db86b2","image/png","true"
"nouns","skip_verified","/Users/Sean/Desktop/nouns-backup/nouns/gorilla/gorilla_1.png","nouns/gorilla/gorilla_1.png","preserve_relative_path","","1042849","1dcd196c5fddb5fafe06388d01d8df51c6ec24d3b5caa7776821138500c26f78","true","1042849","52f10c787b4b66ea736a0b92eebe88e9","image/png","true"
"nouns","skip_verified","/Users/Sean/Desktop/nouns-backup/nouns/gorilla/gorilla_2.png","nouns/gorilla/gorilla_2.png","preserve_relative_path","","1540765","be9af0a74cbcc376b6489445d50c8b6dbce9ed9de593cb10b1a9e4cf64763521","true","1540765","e20a8c021196f8c8ac83a6d2ebbd0f02","image/png","true"
"nouns","skip_verified","/Users/Sean/Desktop/nouns-backup/nouns/grandfather/grandfather_1.png","nouns/grandfather/grandfather_1.png","preserve_relative_path","","756686","f4b50d40dc5d12bc98e752592eea251367087b2a21ffb6180373f62ba58716d2","true","756686","e9d4fa2afc8792aa16ec047fb7923b9b","image/png","false"
"nouns","skip_verified","/Users/Sean/Desktop/nouns-backup/nouns/grandfather/grandfather_2.png","nouns/grandfather/grandfather_2.png","preserve_relative_path","","875636","db06840ae0a7b13f0b2150b96259cda8de71a0e52e434f73c90d81cc17ecb492","true","875636","46d3452e9a77e6336d7722b658b4c19c","image/png","false"
"nouns","skip_verified","/Users/Sean/Desktop/nouns-backup/nouns/grandfather/grandfather_3.png","nouns/grandfather/grandfather_3.png","preserve_relative_path","","703178","89324e99abb3cfb2f1624f61a1cd93aa9d23f2460a6989436a5bdac9531154bb","true","703178","b08febc06ae9e83a5043ac6b22163ef4","image/png","false"
"nouns","skip_verified","/Users/Sean/Desktop/nouns-backup/nouns/grandmother/grandmother_1.png","nouns/grandmother/grandmother_1.png","preserve_relative_path","","788204","e397491104069b200ba28e98fceb295471bfe6201eadb2dde31dde6a6c2f9114","true","788204","6089a72c17265fbe8c9084cc51bd1e68","image/png","false"
"nouns","skip_verified","/Users/Sean/Desktop/nouns-backup/nouns/grandmother/grandmother_2.png","nouns/grandmother/grandmother_2.png","preserve_relative_path","","717451","4e7991eb92c09e6424e8490e430d0d39ec6ac78a82df608a32b7bf5bc2e383e3","true","717451","5420b1f4d027d625710a3c6e4dc11810","image/png","false"
"nouns","skip_verified","/Users/Sean/Desktop/nouns-backup/nouns/grandmother/grandmother_3.png","nouns/grandmother/grandmother_3.png","preserve_relative_path","","780783","ced1b2c6bb9f8f7a00ad1d2d7356849b87eb987b35e6ec9107dd588453c26271","true","780783","4c83f2d8476a789553ade860a2811968","image/png","false"
"nouns","skip_verified","/Users/Sean/Desktop/nouns-backup/nouns/grapefruit/grapefruit_1.png","nouns/grapefruit/grapefruit_1.png","preserve_relative_path","","1694966","9a9075f7e848f96083633ef65bcf6b35208b48c8d6c8b6d16c6b701b59fe2784","true","1694966","f31dfe1cb63bc52faab3f8a7d345cfc7","image/png","true"
"nouns","skip_verified","/Users/Sean/Desktop/nouns-backup/nouns/grapefruit/grapefruit_2.png","nouns/grapefruit/grapefruit_2.png","preserve_relative_path","","987745","baa4fb8df04df3df5be16ec234e055c1dc9a17f675891a4b17c84995e39584f0","true","987745","36cf41f22f27e9295b054c4d2f775a77","image/png","true"
"nouns","skip_verified","/Users/Sean/Desktop/nouns-backup/nouns/grapefruit/grapefruit_3.png","nouns/grapefruit/grapefruit_3.png","preserve_relative_path","","1817963","cc6924e35874163476ca724c0cc29dfdc78b495cedc7eab3bf6fb84be3ec8efc","true","1817963","7c5db4c076f09b6f7eba4aeabbfe2ada","image/png","true"
"nouns","skip_verified","/Users/Sean/Desktop/nouns-backup/nouns/grapes/grapes_1.png","nouns/grapes/grapes_1.png","preserve_relative_path","","1191481","a4fdb6656c8705d6d0a6b75d19375f7ab8cfcb08af48c039c8f7578a63c735ef","true","1191481","979f724f137cc972e582dd7442b69382","image/png","true"
"nouns","skip_verified","/Users/Sean/Desktop/nouns-backup/nouns/grapes/grapes_2.png","nouns/grapes/grapes_2.png","preserve_relative_path","","1146191","7ac5cf5bc52a7047c9193d79cfb94896cc0132214d87f38b9b820e49f6e64f7e","true","1146191","c50ba9e47989306218e668c7d582517c","image/png","true"
"nouns","skip_verified","/Users/Sean/Desktop/nouns-backup/nouns/grass/grass_1.png","nouns/grass/grass_1.png","preserve_relative_path","","878450","6648f7bd3e0d761fcc4f875025c21ad39646fb70a8f50265797162cc660e7ecd","true","878450","96a44565c696e514bacef7182c9a3625","image/png","false"
"nouns","skip_verified","/Users/Sean/Desktop/nouns-backup/nouns/grass/grass_2.png","nouns/grass/grass_2.png","preserve_relative_path","","1594409","6e65c68b277cd71fa553a78eb78374783f3239dbc53379799045d001969e230f","true","1594409","fee076a84c0489d1f40a46bf45fb32b0","image/png","false"
"nouns","skip_verified","/Users/Sean/Desktop/nouns-backup/nouns/hail/hail_1.png","nouns/hail/hail_1.png","preserve_relative_path","","770037","32f3ecdad7d8a50ac69daf6c07ec34b62a579902689ed577b036cc3e2b46162b","true","770037","3c1351caff2881fbb45c8e377b50983e","image/png","false"
"nouns","skip_verified","/Users/Sean/Desktop/nouns-backup/nouns/hail/hail_2.png","nouns/hail/hail_2.png","preserve_relative_path","","1418894","16fc0d6e0273c88999c414d7bbbd8e2ddfd20f18bd1405ece5954ee0e6c24c2a","true","1418894","6c5ea991c59eca173383d3f878e7e577","image/png","false"
"nouns","skip_verified","/Users/Sean/Desktop/nouns-backup/nouns/hair_dresser/hair_dresser_1.png","nouns/hair_dresser/hair_dresser_1.png","preserve_relative_path","","570703","0ab156fd65ac2fc84a700c59973b514e555cb547641e05956899f8c5d5c4ab3c","true","570703","ea217d739d96021a547e450ead9ec460","image/png","false"
"nouns","skip_verified","/Users/Sean/Desktop/nouns-backup/nouns/hair_dresser/hair_dresser_2.png","nouns/hair_dresser/hair_dresser_2.png","preserve_relative_path","","1246526","33c56d075f3194f69617682c412d1df1d5be1b8e54a8f14868c8f69f9d9a84f7","true","1246526","e862822177d3c6fbde0d530c36e28add","image/png","false"
"nouns","skip_verified","/Users/Sean/Desktop/nouns-backup/nouns/hair_salon/hair_salon_1.png","nouns/hair_salon/hair_salon_1.png","preserve_relative_path","","1821597","efff32a16708d2f0f2daaacf2ae5fcd00c4f11d5f26f9301a6badb0dc5c5ab77","true","1821597","3fe3d0b6797b855af7d5574216a38047","image/png","false"
"nouns","skip_verified","/Users/Sean/Desktop/nouns-backup/nouns/hair_salon/hair_salon_2.png","nouns/hair_salon/hair_salon_2.png","preserve_relative_path","","1312039","912c300c0e346595ce0ca4d47beba7505aad9b24da7230d6b3a4e3de28ec59e1","true","1312039","692b66371b90cf0112749a4b69ca0d0b","image/png","false"
"nouns","skip_verified","/Users/Sean/Desktop/nouns-backup/nouns/hair_salon/hair_salon_3.png","nouns/hair_salon/hair_salon_3.png","preserve_relative_path","","2305723","df17ad259633a5271e5c897f3a8b22481d83aeb47d1773a6ad936daaa59fdd00","true","2305723","450db37de655ad286a89f3abac4391da","image/png","false"
"nouns","skip_verified","/Users/Sean/Desktop/nouns-backup/nouns/hair/hair_1.png","nouns/hair/hair_1.png","preserve_relative_path","","836856","21093980136bd5c32e8de3264c85acf6359de183b582e9d91dcaf08d5731778b","true","836856","6b4e15e798f6b24d9bde6d1bee6740e3","image/png","false"
"nouns","skip_verified","/Users/Sean/Desktop/nouns-backup/nouns/hair/hair_2.png","nouns/hair/hair_2.png","preserve_relative_path","","1139412","0e6aaf0659b9a6d91ffacb9ba06f72cd1915da34ae8c9e25b40abd81df5dceb6","true","1139412","477b8606c8f1695a010977ff3ffffe39","image/png","false"
"nouns","skip_verified","/Users/Sean/Desktop/nouns-backup/nouns/hair/hair_3.png","nouns/hair/hair_3.png","preserve_relative_path","","1359737","2cf01147ff5bddbfd81f474a56fc1fed66c38f08b5b5d12838d41f155d681e65","true","1359737","0886cbc4a031486aa27568dde54a9463","image/png","false"
"nouns","skip_verified","/Users/Sean/Desktop/nouns-backup/nouns/hall/hall_1.png","nouns/hall/hall_1.png","preserve_relative_path","","1854166","72a5ef5823521a5a82bbca6b08a52984ad7de2bdb04f410a29be8105f6bbae16","true","1854166","821cf17aab08469110435b55a5c9dd07","image/png","false"
"nouns","skip_verified","/Users/Sean/Desktop/nouns-backup/nouns/hall/hall_2.png","nouns/hall/hall_2.png","preserve_relative_path","","2471200","eee1255d761c6c391b6b51601409993d89414a613f8bcf52418606815cf9787f","true","2471200","a6e808be00f26d42f01ab08a8f6b298a","image/png","false"
"nouns","skip_verified","/Users/Sean/Desktop/nouns-backup/nouns/hall/hall_3.png","nouns/hall/hall_3.png","preserve_relative_path","","2109497","5a53dda33299bdccf4e171c01af0a70f282b7e55d01da1a964fe87cf74bf7790","true","2109497","c799a62b83301b954fe279822778a9ab","image/png","false"
"nouns","skip_verified","/Users/Sean/Desktop/nouns-backup/nouns/halloween_dates/halloween_dates_1.png","nouns/halloween_dates/halloween_dates_1.png","preserve_relative_path","","248316","0c54c2a6058f714830784908f31bc86872fac8cbc65047fa13b9f2600f5f5a10","true","248316","db7f0327d667eabeb1271ce88a4d0381","image/png","false"
"nouns","skip_verified","/Users/Sean/Desktop/nouns-backup/nouns/halloween_holidays/halloween_holidays_1.png","nouns/halloween_holidays/halloween_holidays_1.png","preserve_relative_path","","1358917","4a7671bce46a7107d03a64435eba34f9084fc56767b9c6d0c6dda7ef66a922e0","true","1358917","fc9e1643c82ee5a8172850ce5d63db6c","image/png","false"
"nouns","skip_verified","/Users/Sean/Desktop/nouns-backup/nouns/halloween_holidays/halloween_holidays_2.png","nouns/halloween_holidays/halloween_holidays_2.png","preserve_relative_path","","1338881","6f6c6b63ef0def1f47d2045d9a2aa96cb815bccfc59145225f741092ea7bd7c0","true","1338881","bad972fe189cb6883a90b5599b185455","image/png","false"
"nouns","skip_verified","/Users/Sean/Desktop/nouns-backup/nouns/halloween/halloween_1.png","nouns/halloween/halloween_1.png","preserve_relative_path","","1286601","d3a9be7c657a942ffcd814e3da53e8d2b4f0a0a2d03ca6f5db0282db3dfa1785","true","1286601","74dac00638ce43b967e6c7eb3f9d7b7d","image/png","false"
"nouns","skip_verified","/Users/Sean/Desktop/nouns-backup/nouns/halloween/halloween_2.png","nouns/halloween/halloween_2.png","preserve_relative_path","","2019640","1a23fb8848a4f07498540e87d57c4b2d0b3c4771779a3d074a95f19e96c80841","true","2019640","1474ca62e84e1f41f8e305010dfbb511","image/png","false"
"nouns","skip_verified","/Users/Sean/Desktop/nouns-backup/nouns/ham/ham_1.png","nouns/ham/ham_1.png","preserve_relative_path","","1680292","0ade30c0ae875566915672aae14a37ae0b36bed4ec059e5d24e602e440935fda","true","1680292","bfafd0f8e9d37589a53a585bce32e3cf","image/png","false"
"nouns","skip_verified","/Users/Sean/Desktop/nouns-backup/nouns/ham/ham_2.png","nouns/ham/ham_2.png","preserve_relative_path","","1373156","afa2f36c626cdd0fef7da95f33972b9b4271fa46aefe77e0741d16c046f2737b","true","1373156","f4c5229096546e4e97ea12467622e6de","image/png","false"
"nouns","skip_verified","/Users/Sean/Desktop/nouns-backup/nouns/hamburger/hamburger_1.png","nouns/hamburger/hamburger_1.png","preserve_relative_path","","1584030","cb125179107a15c04f3e3daa220d0d793c1b02c4a06cb8dfb116890be741bd83","true","1584030","2e19f690704d707f6cf41abeec6e0638","image/png","false"
"nouns","skip_verified","/Users/Sean/Desktop/nouns-backup/nouns/hamburger/hamburger_2.png","nouns/hamburger/hamburger_2.png","preserve_relative_path","","2082106","9d101981b324c4064aff6ea427401d07d41695100991cf28920c5a0c504232e1","true","2082106","2399d7f6e956fb56bdfd4e8cb8f09e0b","image/png","false"
"nouns","skip_verified","/Users/Sean/Desktop/nouns-backup/nouns/hamster/hamster_1.png","nouns/hamster/hamster_1.png","preserve_relative_path","","986535","b520154a99c3c034b7ad26418b504723349f9d11adccc704f795244481093eef","true","986535","ceef347346135c4c2b7d6e48c6819f34","image/png","true"
"nouns","skip_verified","/Users/Sean/Desktop/nouns-backup/nouns/hamster/hamster_2.png","nouns/hamster/hamster_2.png","preserve_relative_path","","1381922","926f84a1dc547cd1aaa34344aaa42651f9b0c94aef7625c1ef4ddf0d65327cf3","true","1381922","66e9a7e5c9ae26e71eed3d81c62797bd","image/png","true"
"nouns","skip_verified","/Users/Sean/Desktop/nouns-backup/nouns/hand/hand_1.png","nouns/hand/hand_1.png","preserve_relative_path","","712796","d6b24603e0e3c1d6407914183222173a20d14246a36e4d13a3724370711bfa9d","true","712796","acec6737590e4341c093cf63962025e4","image/png","false"
"nouns","skip_verified","/Users/Sean/Desktop/nouns-backup/nouns/hand/hand_2.png","nouns/hand/hand_2.png","preserve_relative_path","","1040297","224d40f672b4df8d144ba6d4203e5d61b3be7ecef044ac23fecfbcdb307743c1","true","1040297","e877feca077739dc3b97175716311197","image/png","false"
"nouns","skip_verified","/Users/Sean/Desktop/nouns-backup/nouns/hand/hand_3.png","nouns/hand/hand_3.png","preserve_relative_path","","993297","8acd3de678b3b13ac621594847a281db77455f16f5274eb12aa2a8cb034b1e1a","true","993297","b0c3b8355f0e66c1a99a6300d45b94ce","image/png","false"
"nouns","skip_verified","/Users/Sean/Desktop/nouns-backup/nouns/hanukkah/hanukkah_1.png","nouns/hanukkah/hanukkah_1.png","preserve_relative_path","","1100789","3583a9bb0b351b2af4a33a26f1fc9b63d67691c4c31c8975f37895c8dcf222d0","true","1100789","81bd54cee9e45f34d94ece3be5aaf0cb","image/png","false"
"nouns","skip_verified","/Users/Sean/Desktop/nouns-backup/nouns/hanukkah/hanukkah_2.png","nouns/hanukkah/hanukkah_2.png","preserve_relative_path","","1867573","e0b81277684955a4944e7313e2cb5bbe1c0a2c3d4e7262a4f40521d5528b3dfb","true","1867573","a6adfebecab922d447ce3fb088fedca8","image/png","false"
"nouns","skip_verified","/Users/Sean/Desktop/nouns-backup/nouns/hat/hat_1.png","nouns/hat/hat_1.png","preserve_relative_path","","892817","9260a57b166be14dd47f2e3fa327f270e441c5d5aa1d71e3f00a4e9fe142c5ee","true","892817","a7969e5763deb8a659b790378b022f84","image/png","false"
"nouns","skip_verified","/Users/Sean/Desktop/nouns-backup/nouns/hat/hat_2.png","nouns/hat/hat_2.png","preserve_relative_path","","1396572","c757ddb1f62ff0149b2eee607670223c3c5dadff7d9f574e23bd4065e270cd1a","true","1396572","ba69b2a2d2848c655144bfdf5c8a1ee8","image/png","false"
"nouns","skip_verified","/Users/Sean/Desktop/nouns-backup/nouns/head/head_1.png","nouns/head/head_1.png","preserve_relative_path","","901008","4bbf2e67a1c47f91a1362e5b0a7091fabff4287ac6863676b2078c66a9075ebe","true","901008","6584735243a1fed8cdf0fa3b4428846c","image/png","false"
"nouns","skip_verified","/Users/Sean/Desktop/nouns-backup/nouns/head/head_2.png","nouns/head/head_2.png","preserve_relative_path","","1244821","f2b0c5469f29b24c8b882df3a2e6c2f41b0af97aa4344291ccda5f77e599e01b","true","1244821","36d685abfe265bd1103395700bf2b31d","image/png","false"
"nouns","skip_verified","/Users/Sean/Desktop/nouns-backup/nouns/head/head_3.png","nouns/head/head_3.png","preserve_relative_path","","1058835","ac39bd2cf1e48896add48f39703eb24ffb3ccf32c99440a75e86dcded5aa9199","true","1058835","644ba130f7bb3793a71237996ce437c3","image/png","false"
"nouns","skip_verified","/Users/Sean/Desktop/nouns-backup/nouns/headache/headache_1.png","nouns/headache/headache_1.png","preserve_relative_path","","1138240","123bf5be1b4db78ce1a852f1397e5988f107bf3d9c208efb2ef9b911410d1725","true","1138240","d7389a9c8a63fb807e31195401fa2c22","image/png","false"
"nouns","skip_verified","/Users/Sean/Desktop/nouns-backup/nouns/headache/headache_2.png","nouns/headache/headache_2.png","preserve_relative_path","","767794","cd81945bc2ac5c6056831ff7cc2a879b0eefc821c06ae1679aaded5d69b3c70e","true","767794","543d57f62de62a1d03607c884435910b","image/png","false"
"nouns","skip_verified","/Users/Sean/Desktop/nouns-backup/nouns/hedgehog/hedgehog_1.png","nouns/hedgehog/hedgehog_1.png","preserve_relative_path","","1354640","86669dcab2dfedf007da9c5281ac72603ad249ef93583349b521f13e371e0ff6","true","1354640","e625839d0ad3c4aabe443e37a4b39f21","image/png","true"
"nouns","skip_verified","/Users/Sean/Desktop/nouns-backup/nouns/hedgehog/hedgehog_2.png","nouns/hedgehog/hedgehog_2.png","preserve_relative_path","","1100908","834187bfb0becc59d9d2d71218057740fa1e1894b05472b8f069cc2ebff7610c","true","1100908","f07dbbfb5098cfcf588483ea363625bb","image/png","true"
"nouns","skip_verified","/Users/Sean/Desktop/nouns-backup/nouns/helicopter/helicopter_1.png","nouns/helicopter/helicopter_1.png","preserve_relative_path","","952082","7a63235eec85bd8bd9190c56e1ddb5bf6669392769a25329ef99e143ffa4b5e3","true","952082","0e52aa739120ec4427b6d17023d3206a","image/png","false"
"nouns","skip_verified","/Users/Sean/Desktop/nouns-backup/nouns/helicopter/helicopter_2.png","nouns/helicopter/helicopter_2.png","preserve_relative_path","","1087315","a53301995314978b2a3efb96d3e9eb9f9c9d3f03f6745a405b8dc16c39f398bb","true","1087315","5da63f4a2bac8fbd345b3a2eaddc9d06","image/png","false"
"nouns","skip_verified","/Users/Sean/Desktop/nouns-backup/nouns/helicopter/helicopter_3.png","nouns/helicopter/helicopter_3.png","preserve_relative_path","","2144391","c6589d286074e9ca5b540e857f32a8959f50c66d3975ffdbe862eb355afaa38e","true","2144391","96527f7883eb8fa5617e3a5f864b3249","image/png","false"
"nouns","skip_verified","/Users/Sean/Desktop/nouns-backup/nouns/hippo/hippo_1.png","nouns/hippo/hippo_1.png","preserve_relative_path","","1199642","28d870c1d1f63e5ea1bf45eb16797c27c28cf581e9bdb25e8751ad9a6da41579","true","1199642","907295ed813c75da9d6090259c098707","image/png","true"
"nouns","skip_verified","/Users/Sean/Desktop/nouns-backup/nouns/hippo/hippo_2.png","nouns/hippo/hippo_2.png","preserve_relative_path","","1251770","310a1921326c3d6cdc548f03e7c8f716dde17d116fd1bfbca3ed28dca9aa45a1","true","1251770","8b79f3281d0bd9a8cc59b3d84a773aea","image/png","true"
"nouns","skip_verified","/Users/Sean/Desktop/nouns-backup/nouns/history/history_1.png","nouns/history/history_1.png","preserve_relative_path","","2553461","bdb6d342008d9fc0eb1a05a7d464fa988f7d325b94d59d4e1d4eb1176f65b1e7","true","2553461","a99cf43af4309508a44f53c77a4c2ac0","image/png","false"
"nouns","skip_verified","/Users/Sean/Desktop/nouns-backup/nouns/history/history_2.png","nouns/history/history_2.png","preserve_relative_path","","2468282","4fd0e7d1bddb20e4f37f45d2dbb5302d01ab640221cbac5ebd582e1f8f806a5a","true","2468282","214542ce70be9443129c83882846bf57","image/png","false"
"nouns","skip_verified","/Users/Sean/Desktop/nouns-backup/nouns/history/history_3.png","nouns/history/history_3.png","preserve_relative_path","","2754780","8cb012458e89f4c7f847a1976abb75615eb17b85800db92dcd948bddaff3ba9d","true","2754780","b8025648b918e57f9a1708b43aaf4c54","image/png","false"
"nouns","skip_verified","/Users/Sean/Desktop/nouns-backup/nouns/hockey/field_hockey_1.png","nouns/hockey/field_hockey_1.png","preserve_relative_path","","862225","b92c87bb9bd04787745656625ab3a8656938ce41ee1735f2bdb93267a4536c4e","true","862225","3e160cccc02fb3b14686958229107102","image/png","false"
"nouns","skip_verified","/Users/Sean/Desktop/nouns-backup/nouns/hockey/field_hockey_2.png","nouns/hockey/field_hockey_2.png","preserve_relative_path","","1863283","0c1e9c9b65958c85ef5757a1113137b701a5bc730c24d2e706b31eb200e5f1bc","true","1863283","22fc60338fd2b4f82af16a2083fa976b","image/png","false"
"nouns","skip_verified","/Users/Sean/Desktop/nouns-backup/nouns/hockey/field_hockey_3.png","nouns/hockey/field_hockey_3.png","preserve_relative_path","","2191401","e07801a88fc14a809fb19f7164eca85e13eda903d908f50439cdc81de8e6846c","true","2191401","607f6515cc13a999c78372374bd67f45","image/png","false"
"nouns","skip_verified","/Users/Sean/Desktop/nouns-backup/nouns/hockey/ice_hockey_1.png","nouns/hockey/ice_hockey_1.png","preserve_relative_path","","989684","fe40bf5c9500028994d5970a7aee3e4a463c874303f43c709f897a0209d30055","true","989684","4c28e2866f93b1df14487fb25298f6b2","image/png","false"
"nouns","skip_verified","/Users/Sean/Desktop/nouns-backup/nouns/hockey/ice_hockey_2.png","nouns/hockey/ice_hockey_2.png","preserve_relative_path","","1560481","c200f8f5f00eb72fa51c0ffe57fb38fc38a578fbd022a08ddd9625da1d1e6e7e","true","1560481","ea5646c5dec7814d04550ed198208bab","image/png","false"
"nouns","skip_verified","/Users/Sean/Desktop/nouns-backup/nouns/hockey/ice_hockey_3.png","nouns/hockey/ice_hockey_3.png","preserve_relative_path","","2081909","3aae3b4dbd60313dce1967e796ddd33be3809557c9e4f45fb45e24a3e81c2ef0","true","2081909","ab6a9e4a6230587e4587542271c8ded8","image/png","false"
"nouns","skip_verified","/Users/Sean/Desktop/nouns-backup/nouns/home_office/home_office_1.png","nouns/home_office/home_office_1.png","preserve_relative_path","","2286323","765e96abd6f2a5baf159bbac7d3b53eccc36f39215b75a312b13a1cf0a58ca7a","true","2286323","4089be2796f512b1d0cad3f63ea1c603","image/png","false"
"nouns","skip_verified","/Users/Sean/Desktop/nouns-backup/nouns/home_office/home_office_2.png","nouns/home_office/home_office_2.png","preserve_relative_path","","2112069","d9bbafaf0713f18501abe78ea4833e142af2b3b1dbf0a1fd50c630fff7dc5914","true","2112069","5e93db5f5b245eedf7aacd5809261dff","image/png","false"
"nouns","skip_verified","/Users/Sean/Desktop/nouns-backup/nouns/home_office/home_office_3.png","nouns/home_office/home_office_3.png","preserve_relative_path","","2294504","d4d08a563ead9c79ba9b2389ac7f0b7b03ed309dbb27be718e67db8dfaf7b2b8","true","2294504","1c4d207cce5441807dada175afb5051d","image/png","false"
"nouns","skip_verified","/Users/Sean/Desktop/nouns-backup/nouns/home/home_1.png","nouns/home/home_1.png","preserve_relative_path","","3180208","73aee0d63316d2475a245a5792bd217fa586dd1392bd2b332e5624872c9b8110","true","3180208","c093dba382b260b37a5dd5c8a87a00e5","image/png","false"
"nouns","skip_verified","/Users/Sean/Desktop/nouns-backup/nouns/home/home_2.png","nouns/home/home_2.png","preserve_relative_path","","1282643","172ab3743c5002b45782589bfd34efb40ea4224f562dfa1463414b00afbe67fe","true","1282643","86a0669c149059eab059937757aa01fd","image/png","false"
"nouns","skip_verified","/Users/Sean/Desktop/nouns-backup/nouns/home/home_3.png","nouns/home/home_3.png","preserve_relative_path","","2050038","257a72a5b70c031f13b8245dd6424701178a9eb7c5c6927d14079d36515d1d43","true","2050038","d892dd441fa9019fb483735a8ca53236","image/png","false"
"nouns","skip_verified","/Users/Sean/Desktop/nouns-backup/nouns/hoodie/hoodie_1.png","nouns/hoodie/hoodie_1.png","preserve_relative_path","","1062767","f11e94d33634ecec7d23d724515f798d238a61a350aa2918cf97bb40d4dc7031","true","1062767","0097cef4434a4fee6b84bcc1f536c628","image/png","false"
"nouns","skip_verified","/Users/Sean/Desktop/nouns-backup/nouns/hoodie/hoodie_2.png","nouns/hoodie/hoodie_2.png","preserve_relative_path","","1291166","7cf44ae21fff89ba2a91b2a930da7d4131cadbcb90f945bf1cb71cbb111241c6","true","1291166","35fee16a3063aa1596a8b2bbb0f7044f","image/png","false"
"nouns","skip_verified","/Users/Sean/Desktop/nouns-backup/nouns/horse/horse_1.png","nouns/horse/horse_1.png","preserve_relative_path","","831910","9a900692e0e3c75632c845bf407875617614eb523596de4e12e65210b088e35b","true","831910","9580300055255c007396054f92db6458","image/png","true"
"nouns","skip_verified","/Users/Sean/Desktop/nouns-backup/nouns/horse/horse_2.png","nouns/horse/horse_2.png","preserve_relative_path","","1501974","cf10a7e3ccc37a6f08e0f7ae95e10137f93cef45bcd24903a03f638e40d88858","true","1501974","b2abfff317a4fa65a2d205c80cdb3d0f","image/png","true"
"nouns","skip_verified","/Users/Sean/Desktop/nouns-backup/nouns/hospital/hospital_1.png","nouns/hospital/hospital_1.png","preserve_relative_path","","1613991","a3c0105961501bdd881996bc2c9ab69a575c0b81b2311ed58cf42f1e6d98372b","true","1613991","b31851e698a0c1e93e60962a2e8225b1","image/png","false"
"nouns","skip_verified","/Users/Sean/Desktop/nouns-backup/nouns/hospital/hospital_2.png","nouns/hospital/hospital_2.png","preserve_relative_path","","1361474","677423b5aa25fcda558a7803b5fe8bba5848c22f05dfc13a74ec94776550f94e","true","1361474","105660e503957e6479266e37436442c6","image/png","false"
"nouns","skip_verified","/Users/Sean/Desktop/nouns-backup/nouns/hospital/hospital_3.png","nouns/hospital/hospital_3.png","preserve_relative_path","","1944340","c389e8cc2ee19faaa2601d38eca9572d3174c51a55baaa2a475e6f2c2268442b","true","1944340","7c4f396f2582a98b1fbda5694ab347e3","image/png","false"
"nouns","skip_verified","/Users/Sean/Desktop/nouns-backup/nouns/hot_chocolate/hot_chocolate_1.png","nouns/hot_chocolate/hot_chocolate_1.png","preserve_relative_path","","1098122","6535f6b3d94b044d87e954c5bbfb79e069ac749c8ea2bbbe0b8cb854d21bc1ec","true","1098122","b66f48e62d7eadea2b9dd803cec928be","image/png","false"
"nouns","skip_verified","/Users/Sean/Desktop/nouns-backup/nouns/hot_chocolate/hot_chocolate_2.png","nouns/hot_chocolate/hot_chocolate_2.png","preserve_relative_path","","1063802","a3add721d9f70c27b14c9fa0320865561ea587490878825df92c8f96256d9375","true","1063802","af04494e59230053fbaabee49da54f18","image/png","false"
"nouns","skip_verified","/Users/Sean/Desktop/nouns-backup/nouns/hot_chocolate/hot_chocolate_3.png","nouns/hot_chocolate/hot_chocolate_3.png","preserve_relative_path","","1513862","1185cceeafb3a84441960a0e94988cfcc516f00df7ef1018d79ed7530f3100b8","true","1513862","4e52a4c1cf95289e1fd5737c3a760fda","image/png","false"
"nouns","skip_verified","/Users/Sean/Desktop/nouns-backup/nouns/hot/hot_1.png","nouns/hot/hot_1.png","preserve_relative_path","","1481446","7fa1e024ff91cbc10794b4351fe7b3e477aa3457d76989c6f32ec24127aaac27","true","1481446","5900cb13c99d9e52ab3622632d94000f","image/png","false"
"nouns","skip_verified","/Users/Sean/Desktop/nouns-backup/nouns/hot/hot_2.png","nouns/hot/hot_2.png","preserve_relative_path","","2412215","72a52b6609f960aa22cd7f5569971fb40efd836b331736cd6fc41a017faff5f3","true","2412215","f52dbdeb3eac764fd1da99e0fa969e46","image/png","false"
"nouns","skip_verified","/Users/Sean/Desktop/nouns-backup/nouns/hotdog/hotdog_1.png","nouns/hotdog/hotdog_1.png","preserve_relative_path","","1539078","f324bf5c98217453047cb645709f80b5b75477ca0858d829cf8fd86d2fd1e29b","true","1539078","e5db3217c07b0fcb4d383993cfc56689","image/png","false"
"nouns","skip_verified","/Users/Sean/Desktop/nouns-backup/nouns/hotdog/hotdog_2.png","nouns/hotdog/hotdog_2.png","preserve_relative_path","","1768318","ba08204a7d77174ab2399a94acb1877eaac86ede63882db4f90fcffd6e2ddb72","true","1768318","2c4beb5c682a093d834f77b2c01b1541","image/png","false"
"nouns","skip_verified","/Users/Sean/Desktop/nouns-backup/nouns/hotel/hotel_1.png","nouns/hotel/hotel_1.png","preserve_relative_path","","1964119","5aeed27ebc019b2d7f72d65ce1e713490d362545ef75a73e08698d58587ba3af","true","1964119","57784f3362fd935106e2874e4302a8ba","image/png","false"
"nouns","skip_verified","/Users/Sean/Desktop/nouns-backup/nouns/hotel/hotel_2.png","nouns/hotel/hotel_2.png","preserve_relative_path","","2575535","79dbb7e6f9e4d91320372aa058486e727fc43afea4fd97b6d31fa5c6dc3cce01","true","2575535","eda9347f79dfe5f9888fb7d3289aacf1","image/png","false"
"nouns","skip_verified","/Users/Sean/Desktop/nouns-backup/nouns/hotel/hotel_3.png","nouns/hotel/hotel_3.png","preserve_relative_path","","1883798","46b8c5ecf211570efe4c4ec4835aab5509adb64c2d6e5f0f22929fb6e266fe0b","true","1883798","059213fc91754c1dc0de1f2106295ed3","image/png","false"
"nouns","skip_verified","/Users/Sean/Desktop/nouns-backup/nouns/ice_cream/ice_cream_1.png","nouns/ice_cream/ice_cream_1.png","preserve_relative_path","","1001921","4ca6de7f008da61b1c1820b4d307c6c6fed0a1ff3ec19352bd643a289a397bdb","true","1001921","2f82f21ee4100036a2376c6fa35d1c3a","image/png","false"
"nouns","skip_verified","/Users/Sean/Desktop/nouns-backup/nouns/ice_cream/ice_cream_2.png","nouns/ice_cream/ice_cream_2.png","preserve_relative_path","","1346146","dc4017360590bb2b42c880733a72e7f3fdf65026a26c36ee178a270ff4634d7f","true","1346146","40080f2b65ab0905c93befc6a4d020a6","image/png","false"
"nouns","skip_verified","/Users/Sean/Desktop/nouns-backup/nouns/ice/ice_1.png","nouns/ice/ice_1.png","preserve_relative_path","","1201263","80b756a9f0cf711d9afeea23fe535b82f5cba7f7dde426566f43c4769249e4a5","true","1201263","f2a4d81602c8341b9769d9412e6b2159","image/png","false"
"nouns","skip_verified","/Users/Sean/Desktop/nouns-backup/nouns/ice/ice_2.png","nouns/ice/ice_2.png","preserve_relative_path","","1722205","abc1d4d43491affa82513295e239069677ec1b9036ff23046bfacdb779e17563","true","1722205","eef3f8d6ff60159c95bd0b2dc05a3b4d","image/png","false"
"nouns","skip_verified","/Users/Sean/Desktop/nouns-backup/nouns/iced_coffee/iced_coffee_1.png","nouns/iced_coffee/iced_coffee_1.png","preserve_relative_path","","979588","ea2d47dc7b1c8f8ff2a5a767e784e9665721058f4fa10a1ca1ed8a576fe5112e","true","979588","a1cd16ab9805dec7168ffcdeee16ed67","image/png","false"
"nouns","skip_verified","/Users/Sean/Desktop/nouns-backup/nouns/iced_coffee/iced_coffee_2.png","nouns/iced_coffee/iced_coffee_2.png","preserve_relative_path","","1291121","18bfd36514801b2164294b0d550a66e2618ce893982ec77e1f322d69150b72e6","true","1291121","a1e39f6e9a675fcddb92e24dbc2b884b","image/png","false"
"nouns","skip_verified","/Users/Sean/Desktop/nouns-backup/nouns/iced_coffee/iced_coffee_3.png","nouns/iced_coffee/iced_coffee_3.png","preserve_relative_path","","1252237","0c85d207f5ad5dee88b5d73972d23b7e6806ef79101fb1360d18fd87afbf0f53","true","1252237","3ca51b299bbf28771924e218b1973f98","image/png","false"
"nouns","skip_verified","/Users/Sean/Desktop/nouns-backup/nouns/iced_tea/iced_tea_1.png","nouns/iced_tea/iced_tea_1.png","preserve_relative_path","","1015520","ac1e4656e16deb521ec1a81138cbeee532bafdad323ddb7cfab9e233deb34d6c","true","1015520","e83d2b42ef210e4f3d584cb6b0786406","image/png","false"
"nouns","skip_verified","/Users/Sean/Desktop/nouns-backup/nouns/iced_tea/iced_tea_2.png","nouns/iced_tea/iced_tea_2.png","preserve_relative_path","","1271041","afb372ca52d2ece959489e2aa30c326f9d2fd230efb21380b80cca7cd7be1043","true","1271041","12cddac6e1acef4cd08c99516d36c7fd","image/png","false"
"nouns","skip_verified","/Users/Sean/Desktop/nouns-backup/nouns/iced_tea/iced_tea_3.png","nouns/iced_tea/iced_tea_3.png","preserve_relative_path","","1261809","98dc6ab66d26c8d8f1a0971d538fcbd3b7494f7c38603b4db735700562540154","true","1261809","91e498972526c0dcc3c83ebedfe2a639","image/png","false"
"nouns","skip_verified","/Users/Sean/Desktop/nouns-backup/nouns/independence_day/independence_day_1.png","nouns/independence_day/independence_day_1.png","preserve_relative_path","","1188338","3a63dd4d17389d9bca00223579019a0a26f4c71d4ef928fe83cf9ba0f9d4c87a","true","1188338","bf3e675a56c22af52aa7711d76baa42f","image/png","false"
"nouns","skip_verified","/Users/Sean/Desktop/nouns-backup/nouns/independence_day/independence_day_2.png","nouns/independence_day/independence_day_2.png","preserve_relative_path","","1706829","148e8f4d162fbce3a78b88afb09e90ab7f8edd5959fffaa1a93552c535be663d","true","1706829","f99e58185906aeb53da3afde830d13b7","image/png","false"
"nouns","skip_verified","/Users/Sean/Desktop/nouns-backup/nouns/inline_skating/inline_skating_1.png","nouns/inline_skating/inline_skating_1.png","preserve_relative_path","","954749","871dd84347f3c345cac817eb476ee3d7828545b57ac1a63502e55c6851a59ee4","true","954749","99edc99eb94ff4fcf5e80198d2065452","image/png","false"
"nouns","skip_verified","/Users/Sean/Desktop/nouns-backup/nouns/inline_skating/inline_skating_2.png","nouns/inline_skating/inline_skating_2.png","preserve_relative_path","","1442521","8d8bb9730c7c057c7a3a7bdce125de05bb36c987adc34f4feeada6c128808daf","true","1442521","bd7c257b7a3ef24778c29fbc2f669625","image/png","false"
"nouns","skip_verified","/Users/Sean/Desktop/nouns-backup/nouns/inline_skating/inline_skating_3.png","nouns/inline_skating/inline_skating_3.png","preserve_relative_path","","2158573","9982bbb6ccb5d0f6fcf11fc9a9e6859a249e6ae9c5b174f7d602b72f49ae0127","true","2158573","c7b414ff299fc48a8b5f9b5833721419","image/png","false"
"nouns","skip_verified","/Users/Sean/Desktop/nouns-backup/nouns/island/island_1.png","nouns/island/island_1.png","preserve_relative_path","","1740320","aedf4e4f35747be28126392d41b88d9a9825dd9f4c1ad5b174b25add3ee7770b","true","1740320","0410e596ab82b99baf2362d31bdcfdf8","image/png","false"
"nouns","skip_verified","/Users/Sean/Desktop/nouns-backup/nouns/island/island_2.png","nouns/island/island_2.png","preserve_relative_path","","2184317","6b5da59fbac975010ea72ff9a97edd10c1f2a03f190a5d3070048a8ecf8dc3ac","true","2184317","8064329df874b4632e45b4db47d71bd5","image/png","false"
"nouns","skip_verified","/Users/Sean/Desktop/nouns-backup/nouns/island/island_3.png","nouns/island/island_3.png","preserve_relative_path","","2505320","dc169f535c6959d8c526b9503ee7ca852394380451a2eefe528c0fce85817f9f","true","2505320","9d47d7f052675fe2fe94bd0584543882","image/png","false"
"nouns","skip_verified","/Users/Sean/Desktop/nouns-backup/nouns/jacket/jacket_1.png","nouns/jacket/jacket_1.png","preserve_relative_path","","1225032","3806079df5a8989a6bbd5f02f0e6d8a55a4215ccc5082070c118ec08499eeb04","true","1225032","1ac29075dbaa534ac0f4ef053218a54c","image/png","false"
"nouns","skip_verified","/Users/Sean/Desktop/nouns-backup/nouns/jacket/jacket_2.png","nouns/jacket/jacket_2.png","preserve_relative_path","","1569200","a6fd34594bbb7147519b6cb81b1593366654593fcbdd943a7aa628c9722eaa35","true","1569200","5ec1f9255a0147349d9fa52bd74b86a5","image/png","false"
"nouns","skip_verified","/Users/Sean/Desktop/nouns-backup/nouns/january/january_1.png","nouns/january/january_1.png","preserve_relative_path","","1341617","f01dbab70ff5d053c57cb9a244358902a740118884623a245f5ce6b34dd81f7f","true","1341617","69d40077f3cffaf9656fedc242f388da","image/png","false"
"nouns","skip_verified","/Users/Sean/Desktop/nouns-backup/nouns/japanese/japanese_1.png","nouns/japanese/japanese_1.png","preserve_relative_path","","2430640","51f264b9f63a39ac3a50c59f4954bbd7ab02e958ee8505513ff7120f77f06767","true","2430640","6ccc93175589ea45a8ec207076cc441b","image/png","false"
"nouns","skip_verified","/Users/Sean/Desktop/nouns-backup/nouns/japanese/japanese_2.png","nouns/japanese/japanese_2.png","preserve_relative_path","","2293738","0cc1f3dbb15e3dcbf20ba8fc276af6465c6d4f40c3411b68c291b04ede8ec523","true","2293738","a6d621d360fdd428e04bd8c8c2a92646","image/png","false"
"nouns","skip_verified","/Users/Sean/Desktop/nouns-backup/nouns/japanese/japanese_3.png","nouns/japanese/japanese_3.png","preserve_relative_path","","2634742","0631434f0e17eca092a6607818ceb009962dadade4d9daa5265aedf0f1b5cbb6","true","2634742","ba913b4c61e5a6804039e1de45675e2d","image/png","false"
"nouns","skip_verified","/Users/Sean/Desktop/nouns-backup/nouns/jar/jar_1.png","nouns/jar/jar_1.png","preserve_relative_path","","812346","330b5dd8f3d9d20ddb35dac825868f20e1f567287c4d0e96865a4d20a0c66c0a","true","812346","e93cd5a6ff07d0d6a84c283017a57d02","image/png","false"
"nouns","skip_verified","/Users/Sean/Desktop/nouns-backup/nouns/jar/jar_2.png","nouns/jar/jar_2.png","preserve_relative_path","","543167","9cf4891f7b9f7686a0d086c289202a1c6dcd83cad25c1575d82c6335f8560cda","true","543167","cebeb1d04ac0483e74b35fa7dcc316e3","image/png","false"
"nouns","skip_verified","/Users/Sean/Desktop/nouns-backup/nouns/jar/jar_3.png","nouns/jar/jar_3.png","preserve_relative_path","","1867940","674ef8cbbd32bcbb3a6bbb4c050298e07d3a6cbe0735a16320e2b7bb49c468d1","true","1867940","7e52f1a986522bdaaa5aa7d2141ffe39","image/png","false"
"nouns","skip_verified","/Users/Sean/Desktop/nouns-backup/nouns/jeans/jeans_1.png","nouns/jeans/jeans_1.png","preserve_relative_path","","947431","1a6f54b98ffd1cafba6938785619ef2969012d9e63f32f957f11ded991186b90","true","947431","bcdaceb568e6495bea99953319cbe9a2","image/png","false"
"nouns","skip_verified","/Users/Sean/Desktop/nouns-backup/nouns/jeans/jeans_2.png","nouns/jeans/jeans_2.png","preserve_relative_path","","1475358","d115aed0311805dbfe2932e2ab5f0f1c7ae66048e9f93e08b0d608352683ee09","true","1475358","d8b4aa8cc1abf4ee75a78206d3b5fed0","image/png","false"
"nouns","skip_verified","/Users/Sean/Desktop/nouns-backup/nouns/jellyfish/jellyfish_1.png","nouns/jellyfish/jellyfish_1.png","preserve_relative_path","","1051268","9d082c3b0029481163811fd2575a7252c08daccbcf94f9e002574340598f5665","true","1051268","1e66822d104f3ae1ef9250a83000825a","image/png","false"
"nouns","skip_verified","/Users/Sean/Desktop/nouns-backup/nouns/jellyfish/jellyfish_2.png","nouns/jellyfish/jellyfish_2.png","preserve_relative_path","","1255533","849090119ce8012224c0abb5853967ad5e7f231b01994733f62050c6581e128d","true","1255533","d6d1af954c8a0c54181d52a26139cac2","image/png","false"
"nouns","skip_verified","/Users/Sean/Desktop/nouns-backup/nouns/joey/joey_1.png","nouns/joey/joey_1.png","preserve_relative_path","","874017","e4527fd8d40eec052e2ddbf27557498b47b38141c39ae944c67413a23c2f1ecb","true","874017","7f98cf889aa1fea46766598a4b42eb54","image/png","true"
"nouns","skip_verified","/Users/Sean/Desktop/nouns-backup/nouns/joey/joey_2.png","nouns/joey/joey_2.png","preserve_relative_path","","1083137","f045a9230bae3f29aeb07ed7895f52dfd6dff2db1863dbd0da6adf0287590482","true","1083137","931ac1cdd04f04538d06093d6b98de6a","image/png","true"
"nouns","skip_verified","/Users/Sean/Desktop/nouns-backup/nouns/judge/judge_1.png","nouns/judge/judge_1.png","preserve_relative_path","","609715","93900beb22ba8f0c475004f4f2d5a370cc45c016895debabc07a482b95ba0121","true","609715","93bb439a312f2ebfbe619a00eb324cf9","image/png","false"
"nouns","skip_verified","/Users/Sean/Desktop/nouns-backup/nouns/judge/judge_2.png","nouns/judge/judge_2.png","preserve_relative_path","","1154954","fa4db38e574611cba1416c56a3bd4952b32e796127601e48fdef82356d042d8f","true","1154954","7cdd81ae70f9fadaa2b80cb0953da3ff","image/png","false"
"nouns","skip_verified","/Users/Sean/Desktop/nouns-backup/nouns/jug/jug_1.png","nouns/jug/jug_1.png","preserve_relative_path","","633887","3d787253bb3530f2febaaed33c7384f174cc53b853c964df2be804f027087470","true","633887","65c4839b5ecb7acb8ebc3734816614d1","image/png","false"
"nouns","skip_verified","/Users/Sean/Desktop/nouns-backup/nouns/jug/jug_2.png","nouns/jug/jug_2.png","preserve_relative_path","","598706","1a10030590b5221860c90673605ed1327bc4de96a6b751f514935c625d1d028f","true","598706","437654ff144be777a0f08438b19b7bc3","image/png","false"
"nouns","skip_verified","/Users/Sean/Desktop/nouns-backup/nouns/jug/jug_3.png","nouns/jug/jug_3.png","preserve_relative_path","","2275772","3475af2d5f26f36a836336f45efb9d9fb31fcd1ce07b6952cb4f45de06588225","true","2275772","eeed09b88d389305b5275f58b7b8841e","image/png","false"
"nouns","skip_verified","/Users/Sean/Desktop/nouns-backup/nouns/juice/juice_1.png","nouns/juice/juice_1.png","preserve_relative_path","","855135","265ca8e6623d0c3e136eed04ea1559d1966fa2db1890767c7d4b4c3da3381f14","true","855135","59244c631e01402a5e445b05634ba9e1","image/png","false"
"nouns","skip_verified","/Users/Sean/Desktop/nouns-backup/nouns/juice/juice_2.png","nouns/juice/juice_2.png","preserve_relative_path","","929520","9238a63ff6ed0dd4f8139b47594bd39a970d2a84ac62c71143cca0028e556987","true","929520","d9186407737c92cd6fcda4b7c4e8c96a","image/png","false"
"nouns","skip_verified","/Users/Sean/Desktop/nouns-backup/nouns/juice/juice_3.png","nouns/juice/juice_3.png","preserve_relative_path","","1182826","5158c3560fe74a641f93786fb69b39576685b6650e5242de20a683a06aba7060","true","1182826","4954149350252a2172d978ff86d30c9d","image/png","false"
"nouns","skip_verified","/Users/Sean/Desktop/nouns-backup/nouns/july/july_1.png","nouns/july/july_1.png","preserve_relative_path","","1400418","8151dc5ed5554acfb0bae02f1f844b5a16190d91d44f6def91d2ad2eef7baaaa","true","1400418","d73446467d4be56df0a2e997d155bf73","image/png","false"
"nouns","skip_verified","/Users/Sean/Desktop/nouns-backup/nouns/june/june_1.png","nouns/june/june_1.png","preserve_relative_path","","400180","1dd1aa1abefccb499d2ce764e949a90e3dc796925b18cc5ff08ef9867afab60c","true","400180","ce9f297b94f34b26f5b278d570fadead","image/png","false"
"nouns","skip_verified","/Users/Sean/Desktop/nouns-backup/nouns/jungle/jungle_1.png","nouns/jungle/jungle_1.png","preserve_relative_path","","1545684","ba750fcc8e10360ba4d9bf5f3cb813e7fad3929cef0913af4ade42f6c856f4b5","true","1545684","83fa4b972b14585f97e11d7e634a6b28","image/png","false"
"nouns","skip_verified","/Users/Sean/Desktop/nouns-backup/nouns/jungle/jungle_2.png","nouns/jungle/jungle_2.png","preserve_relative_path","","2478879","40a59230b724828e381b9311b63281cd138c6127b9cc87c673e44ee20849bead","true","2478879","4645038189b32908bdeba4dc9730a614","image/png","false"
"nouns","skip_verified","/Users/Sean/Desktop/nouns-backup/nouns/kangaroo/kangaroo_1.png","nouns/kangaroo/kangaroo_1.png","preserve_relative_path","","632773","c996d0600d95794952fc8bfa7d9090c971b3794fef6f91ce2c3278b6ef0f9d8c","true","632773","2a8af231dae487c5f646f18a1b98b050","image/png","true"
"nouns","skip_verified","/Users/Sean/Desktop/nouns-backup/nouns/kangaroo/kangaroo_2.png","nouns/kangaroo/kangaroo_2.png","preserve_relative_path","","1084174","b6ce792b7a4f1a2ca96149dbd17217a05e19e56913cc6696ca7ac4ea8154574d","true","1084174","58c267d77d589887d20ba028e3e16838","image/png","true"
"nouns","skip_verified","/Users/Sean/Desktop/nouns-backup/nouns/kebab/kebab_1.png","nouns/kebab/kebab_1.png","preserve_relative_path","","1482236","dde2dc4043fd75050b98d935d0b01e0361a9d5c5f7992321c086de225214e62d","true","1482236","cb7379a8ca4132ebcc5dc695f994bc72","image/png","false"
"nouns","skip_verified","/Users/Sean/Desktop/nouns-backup/nouns/kebab/kebab_2.png","nouns/kebab/kebab_2.png","preserve_relative_path","","2087382","fc982a80c38002bb5a053ba7eb8cac06854ae56df0b471bbefeb86cf55a6cb03","true","2087382","d08b3947ff1ccf5e6cccfb01e476de01","image/png","false"
"nouns","skip_verified","/Users/Sean/Desktop/nouns-backup/nouns/kettle/kettle_1.png","nouns/kettle/kettle_1.png","preserve_relative_path","","751342","9318a1f22e70e201324b06575efcf174176dd6f1c072249e1c4b8be0f0ed41ce","true","751342","a90aad49f01d0a39e14d01aded39649f","image/png","false"
"nouns","skip_verified","/Users/Sean/Desktop/nouns-backup/nouns/kettle/kettle_2.png","nouns/kettle/kettle_2.png","preserve_relative_path","","857160","9547693ba73544213a1aa38ae5bf68438750cb03a748e19cce0dc753a24e42b8","true","857160","89058f77239a6d5d4de68fc8166738cf","image/png","false"
"nouns","skip_verified","/Users/Sean/Desktop/nouns-backup/nouns/kettle/kettle_3.png","nouns/kettle/kettle_3.png","preserve_relative_path","","1812976","9017592ecb3bc974e502e6f4a6bdc70683c8addccd3b4e2df2b00909e741ee89","true","1812976","942b2e477b71c398aa70176676a14e19","image/png","false"
"nouns","skip_verified","/Users/Sean/Desktop/nouns-backup/nouns/kid/kid_1.png","nouns/kid/kid_1.png","preserve_relative_path","","1882954","add179c31e957d16cf94772396526f9ffd7a1b4ef94e4bd7c79a00d94b613fe7","true","1882954","ee149465945f41e18554cbd00f5a8a53","image/png","true"
"nouns","skip_verified","/Users/Sean/Desktop/nouns-backup/nouns/kid/kid_2.png","nouns/kid/kid_2.png","preserve_relative_path","","1093721","18a3ff637e5877f36e2e1ce8a8dd38efdd1a08a433e7d71d99ad71b17cfcfb64","true","1093721","ecf7aac1c402fae58aa096611bf799c4","image/png","true"
"nouns","skip_verified","/Users/Sean/Desktop/nouns-backup/nouns/kids_cafe/kids_cafe_1.png","nouns/kids_cafe/kids_cafe_1.png","preserve_relative_path","","2281431","40345eeccbce9cbca98d571bf05d0cc2e3c0a06a82039712eb0f5037a8ac7d1b","true","2281431","7bdbe54b152a74cfdb68bc126ec6ed2a","image/png","false"
"nouns","skip_verified","/Users/Sean/Desktop/nouns-backup/nouns/kids_cafe/kids_cafe_2.png","nouns/kids_cafe/kids_cafe_2.png","preserve_relative_path","","1437332","0e68b0b645f8b8828aafc8c818995812768616f3f8d085f4327650355b5cd228","true","1437332","d87e6a756be3f97c8c1a713a3570b83e","image/png","false"
"nouns","skip_verified","/Users/Sean/Desktop/nouns-backup/nouns/kids_cafe/kids_cafe_3.png","nouns/kids_cafe/kids_cafe_3.png","preserve_relative_path","","2459344","66b25b409a8fbc7027c389fe627fbfdbe5b0ce6974d0aacef9f5cfe219f6788f","true","2459344","04d976e12bcbec3758254f31bad11eb8","image/png","false"
"nouns","skip_verified","/Users/Sean/Desktop/nouns-backup/nouns/kids_room/kids_room_1.png","nouns/kids_room/kids_room_1.png","preserve_relative_path","","2144280","f7ddb35a9741d203db3db0169c0222231baa31299a92a657f0a223afcb765dbb","true","2144280","fa2344e0cc9632c17bbef7aaedc12671","image/png","false"
"nouns","skip_verified","/Users/Sean/Desktop/nouns-backup/nouns/kids_room/kids_room_2.png","nouns/kids_room/kids_room_2.png","preserve_relative_path","","2624016","8c5bce742cecae3d5aa10a2cf76dbf88431df3215e316be4a8bafa5a6b04f64c","true","2624016","472ae7b9868966f8eb5b2313cd1bbd4c","image/png","false"
"nouns","skip_verified","/Users/Sean/Desktop/nouns-backup/nouns/kids_room/kids_room_3.png","nouns/kids_room/kids_room_3.png","preserve_relative_path","","2220500","7dc6a8f1a03e3a350ec21473e2ceb793c65ae967558d0872e656c981757798a6","true","2220500","3a89cfd8153d2431f51a7b8b3c138954","image/png","false"
"nouns","skip_verified","/Users/Sean/Desktop/nouns-backup/nouns/kimbab/kimbab_1.png","nouns/kimbab/kimbab_1.png","preserve_relative_path","","1091494","03b9724e9f2e4771f107567009ca8b4215b55ee989e456f4e9fe62f479317604","true","1091494","cd2599457f3f95380736f0d9ad97eca7","image/png","false"
"nouns","skip_verified","/Users/Sean/Desktop/nouns-backup/nouns/kimbab/kimbab_2.png","nouns/kimbab/kimbab_2.png","preserve_relative_path","","2515162","f8a3599b31ad8f77f00bf924882c615216deab6e733223e23647164071ff700b","true","2515162","eedf2ce3ebc277b92a3a14c32e51b73a","image/png","false"
"nouns","skip_verified","/Users/Sean/Desktop/nouns-backup/nouns/king/king_1.png","nouns/king/king_1.png","preserve_relative_path","","886303","2ba87285ae151cc03137c5310e56ac0c8e550007d394fcfebdb36eddaafa5350","true","886303","87c766ff2e8fdb26ce5a81c713219561","image/png","false"
"nouns","skip_verified","/Users/Sean/Desktop/nouns-backup/nouns/king/king_2.png","nouns/king/king_2.png","preserve_relative_path","","1341569","ffd77ca0092bd51ee66bac4a9f47631d9c2983b67164629cbe77712469fa090a","true","1341569","fb06fa843ec454da440bff81a9754924","image/png","false"
"nouns","skip_verified","/Users/Sean/Desktop/nouns-backup/nouns/kitchen/kitchen_1.png","nouns/kitchen/kitchen_1.png","preserve_relative_path","","2143746","d31e9a2bc1a9b9e5261895152519ccda58d08022bef57beb901b7781e7891dd9","true","2143746","34e53cca5759c819809417c5780bd4bf","image/png","false"
"nouns","skip_verified","/Users/Sean/Desktop/nouns-backup/nouns/kitchen/kitchen_2.png","nouns/kitchen/kitchen_2.png","preserve_relative_path","","2120910","9d638f428f2bfcbd1cb148a9cb59c096e9b89ee9eaa5974267670826a7db589e","true","2120910","cbe594bfeb96c1ddfb2ee797fa12f5a8","image/png","false"
"nouns","skip_verified","/Users/Sean/Desktop/nouns-backup/nouns/kitchen/kitchen_3.png","nouns/kitchen/kitchen_3.png","preserve_relative_path","","2266328","03e33ec5921cc81842d4a4099dcd57fdf2579a138bb76f01ef1141fe949f0cb2","true","2266328","1b64d043cbf9bb9fe0bfd65d4247edb8","image/png","false"
"nouns","skip_verified","/Users/Sean/Desktop/nouns-backup/nouns/kitten/kitten_1.png","nouns/kitten/kitten_1.png","preserve_relative_path","","1040930","fd45c5ab4d23adcc005227e34cacd33d364284e014f8c5c67ed119630b646bde","true","1040930","171b2b9a0c0c85dc0172963344a24a93","image/png","true"
"nouns","skip_verified","/Users/Sean/Desktop/nouns-backup/nouns/kitten/kitten_2.png","nouns/kitten/kitten_2.png","preserve_relative_path","","1277114","1327f440ba7761ff2303c80d02f4bf0471700f2ff909e7068f39b77f73bede09","true","1277114","6b8e3d2ba0cbeaf6505b9076a467116f","image/png","true"
"nouns","skip_verified","/Users/Sean/Desktop/nouns-backup/nouns/kiwi/kiwi_1.png","nouns/kiwi/kiwi_1.png","preserve_relative_path","","1000052","983e8e79f09c37acfc1d4f7c8ac31bad7fb4c48fe9eff4b8dc94b76acb4d64fe","true","1000052","ebd1680ae3eff2f55e6be9fa0cb0b4f9","image/png","true"
"nouns","skip_verified","/Users/Sean/Desktop/nouns-backup/nouns/kiwi/kiwi_2.png","nouns/kiwi/kiwi_2.png","preserve_relative_path","","1181197","76abdfbe510c0910db54e635c50778eb69c21dcac46ab441e9497d096df99bbf","true","1181197","57d4e17dbcbf4ecf0d4831890e2ffeee","image/png","true"
"nouns","skip_verified","/Users/Sean/Desktop/nouns-backup/nouns/kiwi/kiwi_3.png","nouns/kiwi/kiwi_3.png","preserve_relative_path","","1859635","56318fe01da7d5d1271d418b3103c7e00247a5987265c8b2857f238d697c395a","true","1859635","e32c0feb49a73dc70906a543979acd1d","image/png","true"
"nouns","skip_verified","/Users/Sean/Desktop/nouns-backup/nouns/knife/knife_1.png","nouns/knife/knife_1.png","preserve_relative_path","","279637","bc4f32f2cc9d1e20bcb3555b2d1fe08c32cfc06f722085f53de67c64cc505eee","true","279637","0efa241774ed2f1f6b47e9add44d06a1","image/png","false"
"nouns","skip_verified","/Users/Sean/Desktop/nouns-backup/nouns/knife/knife_2.png","nouns/knife/knife_2.png","preserve_relative_path","","985143","92e5e5dcbd3b8e1bc372feede419f8469e62fd7a4d6ba9ab11bc799ea89f6a6e","true","985143","75e56e9365eee1d25a2dbdba2b63aa8b","image/png","false"
"nouns","skip_verified","/Users/Sean/Desktop/nouns-backup/nouns/knife/knife_3.png","nouns/knife/knife_3.png","preserve_relative_path","","1574895","451dd8e0db58c3f98fba5e2660def38efc91066f24da4adfa2787b15ca0e9649","true","1574895","ce4fb550a963e576b7221f332c83deac","image/png","false"
"nouns","skip_verified","/Users/Sean/Desktop/nouns-backup/nouns/koala/koala_1.png","nouns/koala/koala_1.png","preserve_relative_path","","1166442","e531ee46b336cad7863d7bf59bd623e30e36b7c60f09978e1745d4f3806c025e","true","1166442","579c321087cbf6b0838c2e8a6291b34f","image/png","true"
"nouns","skip_verified","/Users/Sean/Desktop/nouns-backup/nouns/koala/koala_2.png","nouns/koala/koala_2.png","preserve_relative_path","","1112531","48f7d1bb1f612d0879615bb28c282b1d5bed5f8801e2e5a21f1074ff7d25cc6c","true","1112531","1db188c76a76846610b0cf79821ceed0","image/png","true"
"nouns","skip_verified","/Users/Sean/Desktop/nouns-backup/nouns/korean/korean_1.png","nouns/korean/korean_1.png","preserve_relative_path","","2374742","3b4f932d7060dd1b06ed0fb5a81bbd7da49409840264480ed081349e46118a24","true","2374742","eee337ee63835b7a9a94e47f9c67bbb0","image/png","false"
"nouns","skip_verified","/Users/Sean/Desktop/nouns-backup/nouns/korean/korean_2.png","nouns/korean/korean_2.png","preserve_relative_path","","2371446","1ff4b9ebdd153081c23c8054ed5544b2e332cf391f455f6343111f926f3ec0d0","true","2371446","6f4c90e863b4d196f3221923408a701a","image/png","false"
"nouns","skip_verified","/Users/Sean/Desktop/nouns-backup/nouns/korean/korean_3.png","nouns/korean/korean_3.png","preserve_relative_path","","2594159","de8c13336a78922e339ce97ba7bb6d769d52d35da0a69eaf511321be28044e94","true","2594159","28b5454f5312912e2a89829bf1db6616","image/png","false"
"nouns","skip_verified","/Users/Sean/Desktop/nouns-backup/nouns/lake_nature/lake_nature_1.png","nouns/lake_nature/lake_nature_1.png","preserve_relative_path","","1390471","d5e04c7987f874e3b8d315af7bff2e074f707e687c234495b0ae6cdcf23f02ca","true","1390471","b63a2c973e2a8f8716e3c5ff8cd1bde2","image/png","false"
"nouns","skip_verified","/Users/Sean/Desktop/nouns-backup/nouns/lake_nature/lake_nature_2.png","nouns/lake_nature/lake_nature_2.png","preserve_relative_path","","1992000","fbe9eb43c21a93ead33e7a99fe4495afaa32674c2e5517a1b0fdedb58042127a","true","1992000","e40b85a662061968f6162eeffb65b5d4","image/png","false"
"nouns","skip_verified","/Users/Sean/Desktop/nouns-backup/nouns/lake_place/lake_1.png","nouns/lake_place/lake_1.png","preserve_relative_path","","2348888","c9ee68074523a6196ef416cf42e7832aa2c77e0fed2524b4205f5194caebc827","true","2348888","d8efd1c03c07d763ac643670fbf34f90","image/png","false"
"nouns","skip_verified","/Users/Sean/Desktop/nouns-backup/nouns/lake_place/lake_2.png","nouns/lake_place/lake_2.png","preserve_relative_path","","1550157","df606936b1cb06d29956cf91c56022aa1890d745baa49a40b2b1665a8a1e7426","true","1550157","13166e7559060520c88517617e24f51b","image/png","false"
"nouns","skip_verified","/Users/Sean/Desktop/nouns-backup/nouns/lake_place/lake_3.png","nouns/lake_place/lake_3.png","preserve_relative_path","","2381771","59e7c82d47ff8bde711126a7357758bf7128221ff677f4a98e6797ec191a0171","true","2381771","a52385fab0b4196c089b061bcecc6f29","image/png","false"
"nouns","skip_verified","/Users/Sean/Desktop/nouns-backup/nouns/lamb/lamb_1.png","nouns/lamb/lamb_1.png","preserve_relative_path","","766186","bec10b217595082f12c5376c093e04ef35208bec251adc917f11d8133a3287dd","true","766186","18106ca469653b4321bb7be706262a93","image/png","true"
"nouns","skip_verified","/Users/Sean/Desktop/nouns-backup/nouns/lamb/lamb_2.png","nouns/lamb/lamb_2.png","preserve_relative_path","","1150235","59fe4a0432db8922935aca71a7274b75ed7d1acdf2531414718f9ea47c35cf44","true","1150235","e9d22f83c2ac04b3aff737b4c4021d36","image/png","true"
"nouns","skip_verified","/Users/Sean/Desktop/nouns-backup/nouns/lamp/lamp_1.png","nouns/lamp/lamp_1.png","preserve_relative_path","","396599","7fbb55aa5dfe3e8a6473fd5bbd6a3377f5522532f7e2a4befb622df1992c0299","true","396599","ed8d48767acc3fd68fe4901957ca9257","image/png","false"
"nouns","skip_verified","/Users/Sean/Desktop/nouns-backup/nouns/lamp/lamp_2.png","nouns/lamp/lamp_2.png","preserve_relative_path","","567909","d0e72dfd05b9891e4cab493049515656b9828d3d6697d45c9dcdb8a1fae377f2","true","567909","ef12f24ab6d9cc5a50c394610499ac0a","image/png","false"
"nouns","skip_verified","/Users/Sean/Desktop/nouns-backup/nouns/last_month/last_month_1.png","nouns/last_month/last_month_1.png","preserve_relative_path","","369178","756ece13bb67e967bbee92023d87feb709cb75bc1ec895283ef706cb1bfcad3a","true","369178","04cddee18c01ab9a2bb099371ba55b4f","image/png","false"
"nouns","skip_verified","/Users/Sean/Desktop/nouns-backup/nouns/last_month/last_month_2.png","nouns/last_month/last_month_2.png","preserve_relative_path","","989609","ce00e69f1e1184be8f362f9b94c07f0c9473b28c9267cd1e46475f8c02352d8c","true","989609","0616cbe307fbbf7e7b7b3f4bca5a8294","image/png","false"
"nouns","skip_verified","/Users/Sean/Desktop/nouns-backup/nouns/last_week/last_week_1.png","nouns/last_week/last_week_1.png","preserve_relative_path","","589360","106b75e49f20756f5186bd9a853ae259ae6d88a6d6f549202bbf18969a7f1837","true","589360","9067ae1da3a355fd06ccaeddc379962b","image/png","false"
"nouns","skip_verified","/Users/Sean/Desktop/nouns-backup/nouns/last_week/last_week_2.png","nouns/last_week/last_week_2.png","preserve_relative_path","","2681747","c1550611868a78c9b72267a144012b50dd40c0fc5bcb2f74b5c8afda90106c5f","true","2681747","504b40b5ae33291d3e6f2f8b18920282","image/png","false"
"nouns","skip_verified","/Users/Sean/Desktop/nouns-backup/nouns/laundry_room/laundry_room_1.png","nouns/laundry_room/laundry_room_1.png","preserve_relative_path","","2106362","055747f47bcf3da510a6bc6ad118780b1ba2abe3478a45b870c4089e385a3e9a","true","2106362","45010db8149f593677c64be4ff0cca04","image/png","false"
"nouns","skip_verified","/Users/Sean/Desktop/nouns-backup/nouns/laundry_room/laundry_room_2.png","nouns/laundry_room/laundry_room_2.png","preserve_relative_path","","2553793","264c9144c0217938e21d9b12aa052d570a68efee491ab348e0672b4d7b38e599","true","2553793","0d40122c1bb86125f04ed270b7b489eb","image/png","false"
"nouns","skip_verified","/Users/Sean/Desktop/nouns-backup/nouns/laundry_room/laundry_room_3.png","nouns/laundry_room/laundry_room_3.png","preserve_relative_path","","2331760","5a39858c6524bafa875b30664fbec5fde801edf70165232d06594a47491283aa","true","2331760","c4af706f5e6763ae838b5f4a1e01f0b8","image/png","false"
"nouns","skip_verified","/Users/Sean/Desktop/nouns-backup/nouns/lawyer/lawyer_1.png","nouns/lawyer/lawyer_1.png","preserve_relative_path","","523804","07454de67ead8a9344ff3ca0da2554457d0edf5ca10d5e0f3724ae0ea10f45eb","true","523804","13e73e5bf5459182ef49c84450435a47","image/png","false"
"nouns","skip_verified","/Users/Sean/Desktop/nouns-backup/nouns/lawyer/lawyer_2.png","nouns/lawyer/lawyer_2.png","preserve_relative_path","","1218315","859046c95939b68eb84ca04b764d30d9edef6b17b5bd44b78bdb8387517f7e4f","true","1218315","74d95943699548911650dd9747e0bfe0","image/png","false"
"nouns","skip_verified","/Users/Sean/Desktop/nouns-backup/nouns/leg/leg_1.png","nouns/leg/leg_1.png","preserve_relative_path","","586208","00dcd7b6237b1d23acd89d33a64a8ebb39809d169b16596c17fbe478e5b22bab","true","586208","9c24c5dd193d69a7290ac90dd63f8218","image/png","false"
"nouns","skip_verified","/Users/Sean/Desktop/nouns-backup/nouns/leg/leg_2.png","nouns/leg/leg_2.png","preserve_relative_path","","1189413","7657b38011d2c8fc82699271b42e207f92d66acce34e98db996d472977121154","true","1189413","7410d7159b75ba90d0054fc7dd1b75e3","image/png","false"
"nouns","skip_verified","/Users/Sean/Desktop/nouns-backup/nouns/leg/leg_3.png","nouns/leg/leg_3.png","preserve_relative_path","","1170258","7229ad42ba8c0f45d852222f1dfb74ec20971b50f0df23cb46968122e14b17cf","true","1170258","dc84f7831f5296c75a34836dee09fa53","image/png","false"
"nouns","skip_verified","/Users/Sean/Desktop/nouns-backup/nouns/lemon/lemon_1.png","nouns/lemon/lemon_1.png","preserve_relative_path","","776864","a3deea563343cd686a620156dba3d1d8b2b7439e19af304385ffe1e6937ba15d","true","776864","2a9c100742e40c0a04840a210ca7bcd7","image/png","true"
"nouns","skip_verified","/Users/Sean/Desktop/nouns-backup/nouns/lemon/lemon_2.png","nouns/lemon/lemon_2.png","preserve_relative_path","","1071737","fd33aca23c99615bf1c33a9cb9a8fce0104e3bea9f6a42addb3f3ba38e4a9c94","true","1071737","84ab4315feb9ef716dbc7911af413cea","image/png","true"
"nouns","skip_verified","/Users/Sean/Desktop/nouns-backup/nouns/lemon/lemon_3.png","nouns/lemon/lemon_3.png","preserve_relative_path","","664984","0ff20c8c2e22f60495349f528069d4e759c588e26c4123d78a02240cbf95d573","true","664984","1ae89fdc72c61c3c2796646ef9a64241","image/png","true"
"nouns","skip_verified","/Users/Sean/Desktop/nouns-backup/nouns/lemonade/lemonade_1.png","nouns/lemonade/lemonade_1.png","preserve_relative_path","","851080","8cefcabf7c81255b2f451860eb199665ca44587626c340878ca832a338e71dac","true","851080","2d395474d6c774773cb079adeb7a61f2","image/png","false"
"nouns","skip_verified","/Users/Sean/Desktop/nouns-backup/nouns/lemonade/lemonade_2.png","nouns/lemonade/lemonade_2.png","preserve_relative_path","","1112791","1d8e3b831b67cfc82b544a2c6fa9789233db41431afb2ef0c413de9d87e20b7b","true","1112791","8dbbecde3aa363c3ea09739fc1eb3123","image/png","false"
"nouns","skip_verified","/Users/Sean/Desktop/nouns-backup/nouns/lemonade/lemonade_3.png","nouns/lemonade/lemonade_3.png","preserve_relative_path","","1208721","ba6ff4455f361041595588ec17bb2061429a887f68b4ab9d28e80870590318a4","true","1208721","f2310d58239ce832b6ac62f83cbf0f44","image/png","false"
"nouns","skip_verified","/Users/Sean/Desktop/nouns-backup/nouns/lettuce/lettuce_1.png","nouns/lettuce/lettuce_1.png","preserve_relative_path","","1527364","a77cda8f17213f133c0facb62382ae99d5124d7aa61294fa255a1ab03f076c8e","true","1527364","e1421e2cd53e69c2dff85b99682740fb","image/png","true"
"nouns","skip_verified","/Users/Sean/Desktop/nouns-backup/nouns/lettuce/lettuce_2.png","nouns/lettuce/lettuce_2.png","preserve_relative_path","","1542025","05f729e7b5fb5911d9fa78fce7e5c8a37ee186af778c9aacef11413a70bb6686","true","1542025","6f1e5ebc6069bd19514463f9caf808fe","image/png","true"
"nouns","skip_verified","/Users/Sean/Desktop/nouns-backup/nouns/library/library_1.png","nouns/library/library_1.png","preserve_relative_path","","1959491","a6d3e7c263edf1dd42a3cb3c54e753aebaa68a714088c2a9a01f061dd4fe6250","true","1959491","0cc8a863f04d2649f37f5a69b4f9cd12","image/png","false"
"nouns","skip_verified","/Users/Sean/Desktop/nouns-backup/nouns/library/library_2.png","nouns/library/library_2.png","preserve_relative_path","","2447898","f482580398dbf1db687d6e863f8b2a92856915e244e77ad35fc28e5461a345f7","true","2447898","1b900507c22a872a48c216572d828785","image/png","false"
"nouns","skip_verified","/Users/Sean/Desktop/nouns-backup/nouns/library/library_3.png","nouns/library/library_3.png","preserve_relative_path","","2332867","efcc04727f7778e836001e3dc18390fe3b2c66282934bd92f0ce24ec9a043f92","true","2332867","88d85074cbcba7d099ede38809b9166d","image/png","false"
"nouns","skip_verified","/Users/Sean/Desktop/nouns-backup/nouns/light/light_1.png","nouns/light/light_1.png","preserve_relative_path","","502221","2b00aa5ff773763fc3ae10097e2445437448e00351f11307955b3fc3a86048e6","true","502221","6528404d36dea468ece6b9f982248ecf","image/png","false"
"nouns","skip_verified","/Users/Sean/Desktop/nouns-backup/nouns/light/light_2.png","nouns/light/light_2.png","preserve_relative_path","","398790","379b4430d6cbf142cbcdae507c6884cf2fbd4507f84ed9e543929ae0b3507fb8","true","398790","2d2bfdb08673b221b9a26088655ea6d9","image/png","false"
"nouns","skip_verified","/Users/Sean/Desktop/nouns-backup/nouns/lightning/lightning_1.png","nouns/lightning/lightning_1.png","preserve_relative_path","","364420","c19fd820460723980e2ba3f3a07475e0eee55d640f09c8d80c23d40c6ccf204a","true","364420","fe3d114795cc9c6df05c49f5d2693e6d","image/png","false"
"nouns","skip_verified","/Users/Sean/Desktop/nouns-backup/nouns/lightning/lightning_2.png","nouns/lightning/lightning_2.png","preserve_relative_path","","2228901","3e15a569b6710e03c5602a7231a48a1b3b6a473c8205d420bb45f93b010625d8","true","2228901","ab6b27cc92a8d7e1434363051affb102","image/png","false"
"nouns","skip_verified","/Users/Sean/Desktop/nouns-backup/nouns/lion_cub/lion_cub_1.png","nouns/lion_cub/lion_cub_1.png","preserve_relative_path","","904200","fda3017a023fa971edc4920bfb9013067d49bbe81382c20c80e4e87a98815661","true","904200","ab8240934da187b304c15f22622a8e70","image/png","false"
"nouns","skip_verified","/Users/Sean/Desktop/nouns-backup/nouns/lion_cub/lion_cub_2.png","nouns/lion_cub/lion_cub_2.png","preserve_relative_path","","1123397","4cfba785b06886d0f781e4757efae2a30e4380522ad5f0196e79700b6794454f","true","1123397","37449389bdae3d9cf8720d290f5a5126","image/png","false"
"nouns","skip_verified","/Users/Sean/Desktop/nouns-backup/nouns/lion/lion_1.png","nouns/lion/lion_1.png","preserve_relative_path","","1168749","8e44be9470053b39420101a9a7985036f4c6b252a00bf5e982bc9ecc10321b28","true","1168749","88f2978837da484437b9647ad67b11de","image/png","true"
"nouns","skip_verified","/Users/Sean/Desktop/nouns-backup/nouns/lion/lion_2.png","nouns/lion/lion_2.png","preserve_relative_path","","1303494","951c8ffb83f4a538d34a95d4327432181dec71315473c3e45d6b14139acbf817","true","1303494","3cdf6072d6e9169ec97604ae6f37088e","image/png","true"
"nouns","skip_verified","/Users/Sean/Desktop/nouns-backup/nouns/living_room/living_room_1.png","nouns/living_room/living_room_1.png","preserve_relative_path","","2014623","468b4a312e50fedf42b792f87901a0ebe123f839c9fe229b60e1b6bd0d2a4414","true","2014623","6e40e8b6ddb1aa920000a7ae9416a989","image/png","false"
"nouns","skip_verified","/Users/Sean/Desktop/nouns-backup/nouns/living_room/living_room_2.png","nouns/living_room/living_room_2.png","preserve_relative_path","","2393776","75d4b4e743d67b2d920ac2eac7fecace41db96d01790b0a8055cdd75d974fb01","true","2393776","c43a379a27769b095927d9d9fc11c03e","image/png","false"
"nouns","skip_verified","/Users/Sean/Desktop/nouns-backup/nouns/living_room/living_room_3.png","nouns/living_room/living_room_3.png","preserve_relative_path","","2086063","b9f19a704ea3ac047cf40472b640e1da4417cf9b0a3c7a348cf085e3a0f89c6e","true","2086063","3db7fd4d179880cc346e384ddf9235f0","image/png","false"
"nouns","skip_verified","/Users/Sean/Desktop/nouns-backup/nouns/lobster/lobster_1.png","nouns/lobster/lobster_1.png","preserve_relative_path","","882769","0265a608a70a4f51b5291cd5f529786e3f2750fbaa674da70c341e4b694542c5","true","882769","7032ea43872d4ecb08e222df76f30e84","image/png","false"
"nouns","skip_verified","/Users/Sean/Desktop/nouns-backup/nouns/lobster/lobster_2.png","nouns/lobster/lobster_2.png","preserve_relative_path","","1431812","4d9cbc6020730be683237b1051c65cfa7cc0434f15c82c38739aa898830ecab7","true","1431812","ddd42e84616ac99a1a491691a29c3f02","image/png","false"
"nouns","skip_verified","/Users/Sean/Desktop/nouns-backup/nouns/lorry/lorry_1.png","nouns/lorry/lorry_1.png","preserve_relative_path","","1394597","2e7dec3598ae7f018db4d52ffbc810fc15bed3313fbabcc89cf56e1b69065e30","true","1394597","e2461326ae1f8d9cd51e68f44caa4a8f","image/png","false"
"nouns","skip_verified","/Users/Sean/Desktop/nouns-backup/nouns/lorry/lorry_2.png","nouns/lorry/lorry_2.png","preserve_relative_path","","1224608","551585a0595c93ed8186d2a0fb066c90cf2cf8f90369137ab85f9dacc09211d1","true","1224608","4fe51bfc80815eb6b88215e9e485a77a","image/png","false"
"nouns","skip_verified","/Users/Sean/Desktop/nouns-backup/nouns/lorry/lorry_3.png","nouns/lorry/lorry_3.png","preserve_relative_path","","1896522","fcec9fdbd19cca01ff8d08b967f61fe00fdf851c49d21ee57e2b9c50aaf56b5f","true","1896522","cd9ed1f8ef55e4b200408f96da5f9694","image/png","false"
"nouns","skip_verified","/Users/Sean/Desktop/nouns-backup/nouns/lunar_new_year/lunar_new_year_1.png","nouns/lunar_new_year/lunar_new_year_1.png","preserve_relative_path","","935789","66672174101db929bab2c6788cd076a48769d9b09f0446d05aec6abaac8623e8","true","935789","8da405a6961ff12859403edf73672ded","image/png","false"
"nouns","skip_verified","/Users/Sean/Desktop/nouns-backup/nouns/lunar_new_year/lunar_new_year_2.png","nouns/lunar_new_year/lunar_new_year_2.png","preserve_relative_path","","1390378","130bd82bdb25968f11eae0908386a4d80d9ead6a30355ae8baaa83fa859e4482","true","1390378","8ef07c5366f671195519b3234cfd7aef","image/png","false"
"nouns","skip_verified","/Users/Sean/Desktop/nouns-backup/nouns/mail_carrier/mail_carrier_1.png","nouns/mail_carrier/mail_carrier_1.png","preserve_relative_path","","684605","84173876ce567c68bdc33102f37d7b53023e98c865b0bf0c5ad32d659e6eddb6","true","684605","4443d44763862eeb9485c78c596f7f9c","image/png","false"
"nouns","skip_verified","/Users/Sean/Desktop/nouns-backup/nouns/mail_carrier/mail_carrier_2.png","nouns/mail_carrier/mail_carrier_2.png","preserve_relative_path","","1210053","f32f8feece271e5f4b3da5ce1bc2e416de4f02123ff1c52eba54387af9bb2385","true","1210053","f4dd8519e899094f1627f2cb2e7e2c4c","image/png","false"
"nouns","skip_verified","/Users/Sean/Desktop/nouns-backup/nouns/man/man_1.png","nouns/man/man_1.png","preserve_relative_path","","748531","8185a1bfac3e448d14184a0149e5570fde13df78df5cdf2a78b4ed305e61bfdc","true","748531","11dfb5979c9b6b707cfd4cfb57cc284a","image/png","false"
"nouns","skip_verified","/Users/Sean/Desktop/nouns-backup/nouns/man/man_2.png","nouns/man/man_2.png","preserve_relative_path","","1252983","a83f8e85e111e187c0027c14b057d738771b871cc3a2e32e9e76236fa11d3aa2","true","1252983","e3213fe9760cca8373376cec82a4a63f","image/png","false"
"nouns","skip_verified","/Users/Sean/Desktop/nouns-backup/nouns/mango/mango_1.png","nouns/mango/mango_1.png","preserve_relative_path","","1038715","051cf887d29979b97046f0e1d8c2227bc7b00bcab94fc5d421900cbfe01402db","true","1038715","25c32412e82a89b764e49616f747dfee","image/png","true"
"nouns","skip_verified","/Users/Sean/Desktop/nouns-backup/nouns/mango/mango_2.png","nouns/mango/mango_2.png","preserve_relative_path","","1084343","9c99996a71b4e545e40268ce1a08f32aa9c00ec207bf29943a80aeab81efa427","true","1084343","1b20afc42e8e086a4563109eb8da39c5","image/png","true"
"nouns","skip_verified","/Users/Sean/Desktop/nouns-backup/nouns/mango/mango_3.png","nouns/mango/mango_3.png","preserve_relative_path","","606842","d8084295c27422110215339047678307e3c4c44a1c46758c228dad0ce03f3b86","true","606842","7c72f6ee624e00dba9e8fa6aa722a6e8","image/png","true"
"nouns","skip_verified","/Users/Sean/Desktop/nouns-backup/nouns/march/march_1.png","nouns/march/march_1.png","preserve_relative_path","","1362867","f412e9e6bb6125345b43e76d4f518eb2a2572fd57f7224fc44d8e22e24d85007","true","1362867","16ffc8da0d6fda8a8adb63e5252a3ab6","image/png","false"
"nouns","skip_verified","/Users/Sean/Desktop/nouns-backup/nouns/marker/marker_1.png","nouns/marker/marker_1.png","preserve_relative_path","","627698","dd6b4f6711be0ab0f337dc278998d73760ba091c8762bf5166ca2d80462c6b19","true","627698","27b88a9cc1f249f94f07ab8f1a8ef22a","image/png","true"
"nouns","skip_verified","/Users/Sean/Desktop/nouns-backup/nouns/marker/marker_2.png","nouns/marker/marker_2.png","preserve_relative_path","","969685","77446f0e079fbff54c3764555a47514ed4f0656fdc08441d63cd4ecbf781aea3","true","969685","600161a82a707f761858a384c3b0d9bf","image/png","true"
"nouns","skip_verified","/Users/Sean/Desktop/nouns-backup/nouns/marker/marker_3.png","nouns/marker/marker_3.png","preserve_relative_path","","1015580","030644f89f37db1277d66170a61c998b1aea4096eca8eeedd13e320f166d1285","true","1015580","a2b95ef61fe0b9ea6f9bc698fef5533a","image/png","true"
"nouns","skip_verified","/Users/Sean/Desktop/nouns-backup/nouns/master_bedroom/master_bedroom_1.png","nouns/master_bedroom/master_bedroom_1.png","preserve_relative_path","","2616381","656076ce5c14a182cfb1a64cad5140586ea448e6e650aa805447736d9f1d1a88","true","2616381","a0323ce916954d6abb9abca49f9e7bf1","image/png","false"
"nouns","skip_verified","/Users/Sean/Desktop/nouns-backup/nouns/master_bedroom/master_bedroom_2.png","nouns/master_bedroom/master_bedroom_2.png","preserve_relative_path","","2383148","3b23ef109f89fe6b5c55736b2d874d5e59b12b687f02393792be33cf10d0ce48","true","2383148","9dc1062a71fc94e036835eeafb9ed039","image/png","false"
"nouns","skip_verified","/Users/Sean/Desktop/nouns-backup/nouns/master_bedroom/master_bedroom_3.png","nouns/master_bedroom/master_bedroom_3.png","preserve_relative_path","","2245657","3ccc6086391baae0e814fae75e4ca401f5aaab0decf3dd8808943d534c5f07e5","true","2245657","0d01a195b779ec2a06347ab04199e360","image/png","false"
"nouns","skip_verified","/Users/Sean/Desktop/nouns-backup/nouns/mat/mat_1.png","nouns/mat/mat_1.png","preserve_relative_path","","1293978","78e24de037cbb09333c32b8c88a7a40e3d9e5967eebc112204e7eab57b4fbe56","true","1293978","f19c2f08a6db713460990f8110d97deb","image/png","false"
"nouns","skip_verified","/Users/Sean/Desktop/nouns-backup/nouns/mat/mat_2.png","nouns/mat/mat_2.png","preserve_relative_path","","1011356","2f955ef7276c02779db8f45e164e68967f934ceda898b6a538d8a9c690bf06ff","true","1011356","d2f57ce5a611dfb3b2b26e896d59e1da","image/png","false"
"nouns","skip_verified","/Users/Sean/Desktop/nouns-backup/nouns/math/math_1.png","nouns/math/math_1.png","preserve_relative_path","","2262363","09ff9152840dd1f43da3276407777944e95519f817efce9d465aca4bc29561c8","true","2262363","9b1b6d4866da4eec2cab2ade7c35b32f","image/png","false"
"nouns","skip_verified","/Users/Sean/Desktop/nouns-backup/nouns/math/math_2.png","nouns/math/math_2.png","preserve_relative_path","","2416499","b88d648e1ed649def7373605cbbca2cf2b6a0571c4488c42e41f893c4508c7c9","true","2416499","e50fffabba4848f982c890d0404af5bc","image/png","false"
"nouns","skip_verified","/Users/Sean/Desktop/nouns-backup/nouns/math/math_3.png","nouns/math/math_3.png","preserve_relative_path","","1765826","d3ca9b5fc0696490921cbbe576a0aaa6d81764e422945ee83d80fd8badd7d33f","true","1765826","e428be84ab6d4080970f9f335d315aa0","image/png","false"
"nouns","skip_verified","/Users/Sean/Desktop/nouns-backup/nouns/may/may_1.png","nouns/may/may_1.png","preserve_relative_path","","1350613","07f0e86f547698697e8bd4f6c0e622cb56496884c689bed47e21cc5e33d33fec","true","1350613","3b9834a1d845b45353392b5dbf442ad6","image/png","false"
"nouns","skip_verified","/Users/Sean/Desktop/nouns-backup/nouns/mechanic/mechanic_1.png","nouns/mechanic/mechanic_1.png","preserve_relative_path","","673545","1b3d4c37e617735d6dc4ebe86623d823347b7e4e29d2190f822ef668ccea1c6b","true","673545","bee00cb233c68387767c077c8af2d0f6","image/png","false"
"nouns","skip_verified","/Users/Sean/Desktop/nouns-backup/nouns/mechanic/mechanic_2.png","nouns/mechanic/mechanic_2.png","preserve_relative_path","","1320342","87586bee04db222fceb3e090913bd3686fb9c96a6edd2e84cadf63f8db53c0a9","true","1320342","c26be75db90db1f1d3095503f35a388b","image/png","false"
"nouns","skip_verified","/Users/Sean/Desktop/nouns-backup/nouns/melon/melon_1.png","nouns/melon/melon_1.png","preserve_relative_path","","1151910","61453e08d7e4e032a66c6126d7908c093ef2378f3ba42ae221281a0af5ea286a","true","1151910","2a8a9d473a8473fcda0157e15080c59b","image/png","true"
"nouns","skip_verified","/Users/Sean/Desktop/nouns-backup/nouns/melon/melon_2.png","nouns/melon/melon_2.png","preserve_relative_path","","1235095","d985beefccf7854306dfb09910e052fc103c2fc14c9d99052d98783dcc735323","true","1235095","dc07a73fd19ef24fb732ee366f4d7e1c","image/png","true"
"nouns","skip_verified","/Users/Sean/Desktop/nouns-backup/nouns/melon/melon_3.png","nouns/melon/melon_3.png","preserve_relative_path","","1307390","68de9769a77ece58e41e479a2e1d9df0ede2cf59af199cee0a9ba0a85c50328f","true","1307390","03833064e58b1125d154bba6ee630544","image/png","true"
"nouns","skip_verified","/Users/Sean/Desktop/nouns-backup/nouns/midnight/midnight_1.png","nouns/midnight/midnight_1.png","preserve_relative_path","","790185","d9e19e9ad8ae2fe1aee48778245a542a903a8fb22fd2d43fec5914abda5bad06","true","790185","8d5492fa4d18c44eb3ca298ab598ef27","image/png","false"
"nouns","skip_verified","/Users/Sean/Desktop/nouns-backup/nouns/milk/milk_1.png","nouns/milk/milk_1.png","preserve_relative_path","","927799","a8c4adfbd1f408c21e2ab613cb3372cb3b80b17564040a7cecdb416f82b1bda7","true","927799","72de7e10754821a56938d2b04dfa5acb","image/png","false"
"nouns","skip_verified","/Users/Sean/Desktop/nouns-backup/nouns/milk/milk_2.png","nouns/milk/milk_2.png","preserve_relative_path","","975258","3b6f9d5d2c1ef0c2eb92175092c61e3734e2ce4ac3f138adc30c2a306b5ec81e","true","975258","fe7bbddce4127ddba822b282db54f16a","image/png","false"
"nouns","skip_verified","/Users/Sean/Desktop/nouns-backup/nouns/milk/milk_3.png","nouns/milk/milk_3.png","preserve_relative_path","","1166115","d0cbd8fbcb664c30fd7fba7476ae611b0570a615a44cd9a0d72858166543cfd2","true","1166115","59f2bc3ea3f2a5d7cfa907bf587adc78","image/png","false"
"nouns","skip_verified","/Users/Sean/Desktop/nouns-backup/nouns/milkshake/milkshake_1.png","nouns/milkshake/milkshake_1.png","preserve_relative_path","","716472","ba41e3cf24e793c0a6bc815f17bfeb8751ff5a18fdb17b794bee71fd0cad1845","true","716472","809c8ff8975d3772b7921753eed7cf29","image/png","false"
"nouns","skip_verified","/Users/Sean/Desktop/nouns-backup/nouns/milkshake/milkshake_2.png","nouns/milkshake/milkshake_2.png","preserve_relative_path","","940731","869d48b43761032f602cfa14859564e3b26a43464cad210bc9733982a9b8c96d","true","940731","0ba91f24541ec76e58b59c56e7f79545","image/png","false"
"nouns","skip_verified","/Users/Sean/Desktop/nouns-backup/nouns/milkshake/milkshake_3.png","nouns/milkshake/milkshake_3.png","preserve_relative_path","","1249463","de8354a0c278a6657fb260f09d8e2db9eb941b70ef8062794fd042011f2bd9f2","true","1249463","6159d87d3106ae77cff3af4a54651850","image/png","false"
"nouns","skip_verified","/Users/Sean/Desktop/nouns-backup/nouns/mirror/mirror_1.png","nouns/mirror/mirror_1.png","preserve_relative_path","","774356","57571e72b16469e25f30711e49e2747bd475128743118366f7d1450b801c1486","true","774356","c28829bbb838a4584b279369f6913c72","image/png","false"
"nouns","skip_verified","/Users/Sean/Desktop/nouns-backup/nouns/mirror/mirror_2.png","nouns/mirror/mirror_2.png","preserve_relative_path","","755771","6651618ff32c7dad854f2000dc49942e47f69d7cc5033545396951fa9f45eee5","true","755771","a6b43541cad43ac0a32bbdff053d8e50","image/png","false"
"nouns","skip_verified","/Users/Sean/Desktop/nouns-backup/nouns/monday/monday_1.png","nouns/monday/monday_1.png","preserve_relative_path","","739451","c16c891024578dddfbb86cc4a827854bd3a2a5a5972ea00e381122baa73f94fb","true","739451","37af0e21033936a8ad4a560ea79b4fe5","image/png","false"
"nouns","skip_verified","/Users/Sean/Desktop/nouns-backup/nouns/monkey/monkey_1.png","nouns/monkey/monkey_1.png","preserve_relative_path","","944701","d729156ecc59f6c085428a5f0894d5a82960e762fd4c77b774b30b6d8bdcea6b","true","944701","2a4e58eb11eff2549d9931636245c96e","image/png","true"
"nouns","skip_verified","/Users/Sean/Desktop/nouns-backup/nouns/monkey/monkey_2.png","nouns/monkey/monkey_2.png","preserve_relative_path","","1345805","434bde300c251d389e39230df66d0f4dbb0fa430376f2d947e44660ddcef8319","true","1345805","474e5634f12b0462c83b0121f34c53f5","image/png","true"
"nouns","skip_verified","/Users/Sean/Desktop/nouns-backup/nouns/moped/moped_1.png","nouns/moped/moped_1.png","preserve_relative_path","","1450671","ec2c69639d99e4a736c95b82eb1e46326732b1c6c6cf3d7868dd28642d1fc014","true","1450671","b6426de43986e9908ecd76a71faae016","image/png","false"
"nouns","skip_verified","/Users/Sean/Desktop/nouns-backup/nouns/moped/moped_2.png","nouns/moped/moped_2.png","preserve_relative_path","","1298749","d65279faa3c6cd5a0d5321b84faec144f6770440a40a6cd501b36de084aab4e5","true","1298749","17f2f7e43195eeb588170aa5dc805909","image/png","false"
"nouns","skip_verified","/Users/Sean/Desktop/nouns-backup/nouns/moped/moped_3.png","nouns/moped/moped_3.png","preserve_relative_path","","2703472","bd109502d750a946d60057d0ca612a679a2e39bcabfa44084e1b93fee68b3c17","true","2703472","ead1bdaea101b97fc0cb62b3e3b239e1","image/png","false"
"nouns","skip_verified","/Users/Sean/Desktop/nouns-backup/nouns/morning/morning_1.png","nouns/morning/morning_1.png","preserve_relative_path","","499019","0f9c885387a011d797aca30f8797a8bca0da471ac2c45ce472ff948f6aeb79ec","true","499019","7f41f16efb5dc86456a32705e02fa0a0","image/png","false"
"nouns","skip_verified","/Users/Sean/Desktop/nouns-backup/nouns/morning/morning_2.png","nouns/morning/morning_2.png","preserve_relative_path","","2667921","c6bf0b6da640c6b9aefd9ec2bc20088ca47aa2d77d9315f854015cf598b1f5a3","true","2667921","46b68d26bb3d62a5d92a50a6f56b853c","image/png","false"
"nouns","skip_verified","/Users/Sean/Desktop/nouns-backup/nouns/mosquito/mosquito_1.png","nouns/mosquito/mosquito_1.png","preserve_relative_path","","787148","a5e9045b724dcfcb37979daba8b7372289ddfb0f79dc3119c177678c28995521","true","787148","94ff6607990cee9e917467d6be711296","image/png","false"
"nouns","skip_verified","/Users/Sean/Desktop/nouns-backup/nouns/mosquito/mosquito_2.png","nouns/mosquito/mosquito_2.png","preserve_relative_path","","1899406","d52c25e31955a27e9754b71b5cda9e5c3d43780b371bf7cb492b5c2b7a8cf966","true","1899406","421672c9f4eb515724e90af8b7ed1d59","image/png","false"
"nouns","skip_verified","/Users/Sean/Desktop/nouns-backup/nouns/mother/mother_1.png","nouns/mother/mother_1.png","preserve_relative_path","","621250","3fbbee3e66b2096ce57ea2d40eef5bfe62a9a6bf326c7202edd0839f11470c3b","true","621250","8b4b0f15051f8e20c25ab05c6a470bcd","image/png","false"
"nouns","skip_verified","/Users/Sean/Desktop/nouns-backup/nouns/mother/mother_2.png","nouns/mother/mother_2.png","preserve_relative_path","","591669","4bb6cbca65a6ce0ee67c8bffdd36babe944ca8ab75d97fed70f9815a1b64681e","true","591669","739d1a9a7faba286129faac9025618d4","image/png","false"
"nouns","skip_verified","/Users/Sean/Desktop/nouns-backup/nouns/mother/mother_3.png","nouns/mother/mother_3.png","preserve_relative_path","","578296","475cf93816571a28446c0e64060091ff7eba7f9e65579d88651d65e18f46722c","true","578296","a65b03114a3f876ed7b55cadb2f797ab","image/png","false"
"nouns","skip_verified","/Users/Sean/Desktop/nouns-backup/nouns/motorbike/motorbike_1.png","nouns/motorbike/motorbike_1.png","preserve_relative_path","","1586586","d4ac1c092e8986b259ecfd0423aea2b06573cdd8d4eeeb176643b9f4e02efd8d","true","1586586","92e9caac2c81846ba0081bcb52c9587f","image/png","false"
"nouns","skip_verified","/Users/Sean/Desktop/nouns-backup/nouns/motorbike/motorbike_2.png","nouns/motorbike/motorbike_2.png","preserve_relative_path","","1502738","33eb471b980dd1dd55475593dcbe0b0856bcd01e020e804f6e6d74a2252f1bfb","true","1502738","624ce068cfd786c844eecd20c8219346","image/png","false"
"nouns","skip_verified","/Users/Sean/Desktop/nouns-backup/nouns/motorbike/motorbike_3.png","nouns/motorbike/motorbike_3.png","preserve_relative_path","","2044236","063dfe1afbd711d8a1e46e1a231e04912e23b9b57763f97d540704fc0daee398","true","2044236","4242477d9b2881a65778f15a0ac57fd8","image/png","false"
"nouns","skip_verified","/Users/Sean/Desktop/nouns-backup/nouns/mountain/mountain_1.png","nouns/mountain/mountain_1.png","preserve_relative_path","","1247179","842f00ed886beb31db92cfe33863e5f8f02e874deee29ae6eb9b0e58c354c7e6","true","1247179","fcd8a58b7cae26f5cb60d7ce349a0792","image/png","false"
"nouns","skip_verified","/Users/Sean/Desktop/nouns-backup/nouns/mountain/mountain_2.png","nouns/mountain/mountain_2.png","preserve_relative_path","","1397118","46c88468ac48ce0fa6c455265cd8437ca0a08e5ccf536b2a807c107f6026d28f","true","1397118","a5704574abd9e6dde8bb57dda332a788","image/png","false"
"nouns","skip_verified","/Users/Sean/Desktop/nouns-backup/nouns/mouse/mouse_1.png","nouns/mouse/mouse_1.png","preserve_relative_path","","956978","7af4ad8871202fb2b3406cb89cbc7473ff66d96f606d15913f77164c2cb8b93e","true","956978","7277b6357ec5ff904d6e0866d987ecc7","image/png","true"
"nouns","skip_verified","/Users/Sean/Desktop/nouns-backup/nouns/mouse/mouse_2.png","nouns/mouse/mouse_2.png","preserve_relative_path","","1156408","9df43838817cabaed55616551ef414121259a215566193ef25dc06ede6e892d5","true","1156408","0689d9ef888134471a3ebe2b556f9b7b","image/png","true"
"nouns","skip_verified","/Users/Sean/Desktop/nouns-backup/nouns/mouth/mouth_1.png","nouns/mouth/mouth_1.png","preserve_relative_path","","777215","fd1a5f4d1f8cc52490268d3c9de3f0e19f47f9cbcf4b3bc5a9755d2eae0521a4","true","777215","5287eb330a0e4513b5248f4f23c3bc1b","image/png","false"
"nouns","skip_verified","/Users/Sean/Desktop/nouns-backup/nouns/mouth/mouth_2.png","nouns/mouth/mouth_2.png","preserve_relative_path","","1287852","4632ea504c523824490bde743bf4ad280c1ac4fa91c558e3eef6434f6ae1a29f","true","1287852","c1f25180613abfcc167551260f5ca58d","image/png","false"
"nouns","skip_verified","/Users/Sean/Desktop/nouns-backup/nouns/mouth/mouth_3.png","nouns/mouth/mouth_3.png","preserve_relative_path","","1218416","c54e1fee76aa45c53b71b187217e07af2b9591e31dacb67a537680a433703fea","true","1218416","c366fd9e2cd2f700732ec35c22e096bb","image/png","false"
"nouns","skip_verified","/Users/Sean/Desktop/nouns-backup/nouns/muffin/muffin_1.png","nouns/muffin/muffin_1.png","preserve_relative_path","","967179","26b3f17e3a115a0027056f0b78eba1dd17fadec65ae35c22857f39dec64f53e6","true","967179","f5b9cf974fa5a35cf80c10a029a2f566","image/png","false"
"nouns","skip_verified","/Users/Sean/Desktop/nouns-backup/nouns/muffin/muffin_2.png","nouns/muffin/muffin_2.png","preserve_relative_path","","1229825","ce79cf2257f8791cf3bf9f5292f3b35d0ae64c1030440e4a18a63b77dec0720e","true","1229825","42c9b0ef4189bf369b67a23e6261d6c0","image/png","false"
"nouns","skip_verified","/Users/Sean/Desktop/nouns-backup/nouns/mug/mug_1.png","nouns/mug/mug_1.png","preserve_relative_path","","632078","db9df7bea0752e4dc15381170b2c339cb280bebe1547cb420e9f8b192d28c19c","true","632078","3ffb05cff27800f2f158c95a833862eb","image/png","false"
"nouns","skip_verified","/Users/Sean/Desktop/nouns-backup/nouns/mug/mug_2.png","nouns/mug/mug_2.png","preserve_relative_path","","458376","0a7fa4380ae681754b67b23133843e9eaf98ca82bcccd0c9ba99fec1bcd2aaee","true","458376","00d831673d69180a0e1d73be60e5f71c","image/png","false"
"nouns","skip_verified","/Users/Sean/Desktop/nouns-backup/nouns/mug/mug_3.png","nouns/mug/mug_3.png","preserve_relative_path","","1148446","434be33fde19d63876169c0fa28b8ce25fd2dd03dc776843d83bb195985ee944","true","1148446","ca52203b55c6a7f4d277aac6c9e42df2","image/png","false"
"nouns","skip_verified","/Users/Sean/Desktop/nouns-backup/nouns/museum/museum_1.png","nouns/museum/museum_1.png","preserve_relative_path","","1961482","f1148f7c92bb3989ecbf5f0169931f55d7de27da55795afb6ea889dab7b61dad","true","1961482","ceffcfb34d3478aca76b4d6e1c787e50","image/png","false"
"nouns","skip_verified","/Users/Sean/Desktop/nouns-backup/nouns/museum/museum_2.png","nouns/museum/museum_2.png","preserve_relative_path","","1343440","6eb9c828537d9ce35ec890b10398850f84c280ac3b6f35aed3814e8aa40688cf","true","1343440","94221818cc07d072cf826922bba506ca","image/png","false"
"nouns","skip_verified","/Users/Sean/Desktop/nouns-backup/nouns/museum/museum_3.png","nouns/museum/museum_3.png","preserve_relative_path","","2294938","ba55cf57b4946d4cb9951fc2e09718ba2ba6e9948ea829646a240d22858f43ab","true","2294938","842269843773fc5f9d4dc52fac0c22af","image/png","false"
"nouns","skip_verified","/Users/Sean/Desktop/nouns-backup/nouns/mushroom/mushroom_1.png","nouns/mushroom/mushroom_1.png","preserve_relative_path","","888771","b56fc776e064e5d53c974ae04920cf65a79ac386de6d2da6a69ed438ce4ecfa6","true","888771","0f88f89c4af6298fec8908403180761b","image/png","true"
"nouns","skip_verified","/Users/Sean/Desktop/nouns-backup/nouns/mushroom/mushroom_2.png","nouns/mushroom/mushroom_2.png","preserve_relative_path","","1075928","fbba3d635caa653ce996593d609440af0e5159d404a6a8cf68360382c5044855","true","1075928","fbe3a2328ddcac24951148ef51017e01","image/png","true"
"nouns","skip_verified","/Users/Sean/Desktop/nouns-backup/nouns/mushroom/mushroom_3.png","nouns/mushroom/mushroom_3.png","preserve_relative_path","","1201207","425d11e18d4cf91508077a224b2a82da7c9a9d99e0e8dcd4cde385ea88a1d1e8","true","1201207","f1abb0899ef3c13bd57eccd122f82820","image/png","true"
"nouns","skip_verified","/Users/Sean/Desktop/nouns-backup/nouns/music/music_1.png","nouns/music/music_1.png","preserve_relative_path","","2329698","a9c34b26e1e3699467c55896b7e85ddba195f6bb40f2bee0f129a2a5d2305734","true","2329698","8dc959b34229efb0f19bcb25d350cf99","image/png","false"
"nouns","skip_verified","/Users/Sean/Desktop/nouns-backup/nouns/music/music_2.png","nouns/music/music_2.png","preserve_relative_path","","2465431","ab947bb94fe55f1f776f56a99a887f7837610e01d3eedbf4ec9075c9696aa305","true","2465431","85b51cfe78eda2faec65e3b627eac317","image/png","false"
"nouns","skip_verified","/Users/Sean/Desktop/nouns-backup/nouns/music/music_3.png","nouns/music/music_3.png","preserve_relative_path","","2697143","64e1ea599a9f2033167aeeb5e4a27905b70ccb84f2e5669027be55478acc347b","true","2697143","9816c4030b8face7d43a109d20aff87e","image/png","false"
"nouns","skip_verified","/Users/Sean/Desktop/nouns-backup/nouns/musician/musician_1.png","nouns/musician/musician_1.png","preserve_relative_path","","710598","5a73709f86fc3f00c8419ed0b265e323feae4f7bfcc5d035dd3893a51598f04a","true","710598","b8779727a23cf5171e2354ac5bb9eb18","image/png","false"
"nouns","skip_verified","/Users/Sean/Desktop/nouns-backup/nouns/musician/musician_2.png","nouns/musician/musician_2.png","preserve_relative_path","","1204286","1f5959bfa798b43655389136cfb9a62dcd11a41fcdb9df659a1f7ea62a8bbb36","true","1204286","9422fa8bdc931d365e184c3e3bef8132","image/png","false"
"nouns","skip_verified","/Users/Sean/Desktop/nouns-backup/nouns/neighbor/neighbor_1.png","nouns/neighbor/neighbor_1.png","preserve_relative_path","","1648028","b2a158f33e33abcf36f2b40cf802685630472c4d7549f201b51b6ed4b45e59f8","true","1648028","2e9ee8d1b83fa53972a00e58943232d9","image/png","false"
"nouns","skip_verified","/Users/Sean/Desktop/nouns-backup/nouns/neighbor/neighbor_2.png","nouns/neighbor/neighbor_2.png","preserve_relative_path","","1582531","d6ec73e86edc6754b5805ecde16606124bc97d1cc19fd3ac40fa594e98ad8cbe","true","1582531","6f089cd16f061768475c0261666bb5ea","image/png","false"
"nouns","skip_verified","/Users/Sean/Desktop/nouns-backup/nouns/new_years_eve/new_years_eve_1.png","nouns/new_years_eve/new_years_eve_1.png","preserve_relative_path","","1199867","310e985537deb9e88990ab5c943fd1197e5a4e6c0efeb4508aef39c95be83da2","true","1199867","02e2996d9e31035e96c4068a9e5d94a2","image/png","false"
"nouns","skip_verified","/Users/Sean/Desktop/nouns-backup/nouns/new_years_eve/new_years_eve_2.png","nouns/new_years_eve/new_years_eve_2.png","preserve_relative_path","","1420376","609358d99ddc7ad9b92cb667322dcba878e5bfcfac884e00a48145d3125ef1a1","true","1420376","058b0372a9226585ad70f9ef553d26cc","image/png","false"
"nouns","skip_verified","/Users/Sean/Desktop/nouns-backup/nouns/next_month/next_month_1.png","nouns/next_month/next_month_1.png","preserve_relative_path","","276980","414963c21a627e2de51810fa1faefa19690bba586e03a65cd35552c0d71b880e","true","276980","c3e6f9ba968766dd63e01b46abf5cfd6","image/png","false"
"nouns","skip_verified","/Users/Sean/Desktop/nouns-backup/nouns/next_month/next_month_2.png","nouns/next_month/next_month_2.png","preserve_relative_path","","1029584","f63ecfe340928fe012813565d1ddb107e0b4403cf850bab09e55d8270ebd474e","true","1029584","2b2baa76dfb14916c8ad0a7bd993e942","image/png","false"
"nouns","skip_verified","/Users/Sean/Desktop/nouns-backup/nouns/next_week/next_week_1.png","nouns/next_week/next_week_1.png","preserve_relative_path","","549742","5ce3411e05cc1285b46736ebe66152c0463ca243fe601c1b9897c56508f34206","true","549742","8529228d05065185551166762d7c215f","image/png","false"
"nouns","skip_verified","/Users/Sean/Desktop/nouns-backup/nouns/next_week/next_week_2.png","nouns/next_week/next_week_2.png","preserve_relative_path","","2606021","7b3bae05f5ac35cd55f89fd25a6dc596fdc0259349fed971c8b759eeafff5e7f","true","2606021","b9bbbf0d27468577a80796391e2b1534","image/png","false"
"nouns","skip_verified","/Users/Sean/Desktop/nouns-backup/nouns/night_stand/night_stand_1.png","nouns/night_stand/night_stand_1.png","preserve_relative_path","","741528","d8b8b04276ebebf1f5799bd61c5cd85c6403b9677c4fcec7e3226190ad15e3c8","true","741528","654cd31bfb0e43ba3d203a63077070e4","image/png","false"
"nouns","skip_verified","/Users/Sean/Desktop/nouns-backup/nouns/night_stand/night_stand_2.png","nouns/night_stand/night_stand_2.png","preserve_relative_path","","938274","9333c3e1613079b22b7da27e35e5aa494e7bd181d2156dcb8eeac75154bca0a8","true","938274","aa6107a3325a6e992c0bf97bd50296d6","image/png","false"
"nouns","skip_verified","/Users/Sean/Desktop/nouns-backup/nouns/night/night_1.png","nouns/night/night_1.png","preserve_relative_path","","970297","f91ceecce08ff2cb638743cdc0b0d8fc7aa0ea6b96e2144fa47c234872fe0d5d","true","970297","58376e9aebfd4d63f91ff19ad214ad87","image/png","false"
"nouns","skip_verified","/Users/Sean/Desktop/nouns-backup/nouns/night/night_2.png","nouns/night/night_2.png","preserve_relative_path","","1929911","5d4988bfc2d33a4e8aeddfa9dd506d8c1104c873eedbe41a2e2467b70090127e","true","1929911","83e74ce7453e667cab8cef6138978563","image/png","false"
"nouns","skip_verified","/Users/Sean/Desktop/nouns-backup/nouns/nine_oclock/nine_oclock_1.png","nouns/nine_oclock/nine_oclock_1.png","preserve_relative_path","","24978","c6b52f275b72748a0b986b813e967a60da0316b76c853c78f648c333bb8cfcb2","true","24978","2b811e7df34ecaf1ec073f145220c5c9","image/png","false"
"nouns","skip_verified","/Users/Sean/Desktop/nouns-backup/nouns/nine_oclock/nine_oclock_2.png","nouns/nine_oclock/nine_oclock_2.png","preserve_relative_path","","2502296","923f77b296a6945b60e6048afc6dc64aa0f8ea47e3d76b15746d2000a7d616d5","true","2502296","9997387c62e9f347034fdd17955a96d3","image/png","false"
"nouns","skip_verified","/Users/Sean/Desktop/nouns-backup/nouns/nine_oclock/nine_oclock_3.png","nouns/nine_oclock/nine_oclock_3.png","preserve_relative_path","","23869","0b6588ca62c2a8a70b86cef0ea933a58aaf97669b0e340b19a91f5ba7f02d614","true","23869","92493ee727d9d9c5f55acabc17b9cb6e","image/png","false"
"nouns","skip_verified","/Users/Sean/Desktop/nouns-backup/nouns/nine/nine_1.png","nouns/nine/nine_1.png","preserve_relative_path","","639607","e144d622e1b4c9f347d52c7548d17618ff7bee47f70cf5a2eb657b5ce2a83844","true","639607","b3d3ba1ae0e978e616b7b9392c493b09","image/png","false"
"nouns","skip_verified","/Users/Sean/Desktop/nouns-backup/nouns/nineteen/nineteen_1.png","nouns/nineteen/nineteen_1.png","preserve_relative_path","","1171800","cdfed10077099e1ef1df7c7ee0b3e8d0249152c0bb7bcfbaf7c7b646ade4df04","true","1171800","1de6318693d57c19bc24546d914c3f48","image/png","false"
"nouns","skip_verified","/Users/Sean/Desktop/nouns-backup/nouns/ninety/ninety_1.png","nouns/ninety/ninety_1.png","preserve_relative_path","","637969","b5b92cbd3f4233c2bedd913c72edaecb238c45a77a0114c4df761115687da982","true","637969","42766fc9f60e6ff4d801edd7d0c7888e","image/png","false"
"nouns","skip_verified","/Users/Sean/Desktop/nouns-backup/nouns/noon/noon_1.png","nouns/noon/noon_1.png","preserve_relative_path","","496881","16faf9c49cb7ac338b9d55d9ce02b5480393cb28f5d62514c56559a42c3a77e6","true","496881","2e816a68dc69de33826e3b0fc8c6df84","image/png","false"
"nouns","skip_verified","/Users/Sean/Desktop/nouns-backup/nouns/noon/noon_2.png","nouns/noon/noon_2.png","preserve_relative_path","","2890179","e73090bbb6d4d442de55c2dbbd52ed4ca35245143d57114fd0936570c0aefd8a","true","2890179","2ba163eb78e679fd202279a35fa7de37","image/png","false"
"nouns","skip_verified","/Users/Sean/Desktop/nouns-backup/nouns/nose/nose_1.png","nouns/nose/nose_1.png","preserve_relative_path","","604397","5500a5a7144d02c97a9858876cfe93314402e38e6ca24b0aa36bc2777a87aa1e","true","604397","8d2176ebc2d965c2d33e21a74b595662","image/png","false"
"nouns","skip_verified","/Users/Sean/Desktop/nouns-backup/nouns/nose/nose_2.png","nouns/nose/nose_2.png","preserve_relative_path","","1223160","d23d412a73ae1d279af639b5f80aa994647b9d46d816ccad17c70ca61fd4a3d2","true","1223160","e9d9ba4a4249b1b29a9d55a2a2e4f111","image/png","false"
"nouns","skip_verified","/Users/Sean/Desktop/nouns-backup/nouns/nose/nose_3.png","nouns/nose/nose_3.png","preserve_relative_path","","1047460","18c5a3ee22e71ea3567a2b5b4dae3067dc75d43ad3f98241bc7eb9693105672f","true","1047460","e4d1b1f3a3d3a45ebfb6c3da13058272","image/png","false"
"nouns","skip_verified","/Users/Sean/Desktop/nouns-backup/nouns/notebook/notebook_1.png","nouns/notebook/notebook_1.png","preserve_relative_path","","1156359","b52c68064e480b5ea993ca6b3e7c74a42a3beea5190920ddf836c2452a3dfc16","true","1156359","cb35767c384717cd478e27517e8a5051","image/png","false"
"nouns","skip_verified","/Users/Sean/Desktop/nouns-backup/nouns/notebook/notebook_2.png","nouns/notebook/notebook_2.png","preserve_relative_path","","1195244","923e97ade57315682bc7f43508c96bcaaf862e1686f49ff1dea5cffc1c8a7f27","true","1195244","6416a758e19b5036c4550834613a8483","image/png","true"
"nouns","skip_verified","/Users/Sean/Desktop/nouns-backup/nouns/notebook/notebook_3.png","nouns/notebook/notebook_3.png","preserve_relative_path","","1184124","54ea1827c3ec15a825818f8f1d1898592eb0280c077215e1af39d4b30416f63d","true","1184124","98e815e054f744d20493e049eb7ee72f","image/png","false"
"nouns","skip_verified","/Users/Sean/Desktop/nouns-backup/nouns/november/november_1.png","nouns/november/november_1.png","preserve_relative_path","","1396489","95a5b1e10c46ac5698610bfcbf77ad15f8f89cb09aa0e3ba475511e068ee9f60","true","1396489","be24a96953f19c6fd2e1db8ed57fe00e","image/png","false"
"nouns","skip_verified","/Users/Sean/Desktop/nouns-backup/nouns/number/number_1.png","nouns/number/number_1.png","preserve_relative_path","","498627","a682dd8fd1a42734d86c09aa430affb277acb0295016d2fbd881a7643a18bedd","true","498627","e0aef1ade16c7ade05c194c70d0d285d","image/png","false"
"nouns","skip_verified","/Users/Sean/Desktop/nouns-backup/nouns/nurse/nurse_1.png","nouns/nurse/nurse_1.png","preserve_relative_path","","521798","8038dbba042a6ffdef4da4d344a9c3b59e572465c08571d8fc0b6387ddd5acac","true","521798","7ee6594885eaae8b8f4d69f2b1f46d90","image/png","false"
"nouns","skip_verified","/Users/Sean/Desktop/nouns-backup/nouns/nurse/nurse_2.png","nouns/nurse/nurse_2.png","preserve_relative_path","","1259273","790a1583ccfcd995cb1fc365855f073bdc64fe9227facee34ce25f48e4c0ad0c","true","1259273","2d04c3f5020fa5de68676f5503bae8be","image/png","false"
"nouns","skip_verified","/Users/Sean/Desktop/nouns-backup/nouns/ocean/ocean_1.png","nouns/ocean/ocean_1.png","preserve_relative_path","","2098442","cab505988122f9dbb0c7660bb94f2dec232910208fdee1c3b899ca370040af95","true","2098442","b4f4fc0859b6436e4ae51ddd51381d8e","image/png","false"
"nouns","skip_verified","/Users/Sean/Desktop/nouns-backup/nouns/ocean/ocean_2.png","nouns/ocean/ocean_2.png","preserve_relative_path","","2566759","d3c7f264adaa6ba153a320e321d08a1e2c517d614220d7fdabfbae234163c988","true","2566759","11e143902a09579cf35681f167241281","image/png","false"
"nouns","skip_verified","/Users/Sean/Desktop/nouns-backup/nouns/ocean/ocean_3.png","nouns/ocean/ocean_3.png","preserve_relative_path","","3157185","175d16d590eca298fa6dc06972aa4430968c42ee19fd2d3500c755f40c38217e","true","3157185","bbd24b0ec2a9f856e3b91086b63c2bd9","image/png","false"
"nouns","skip_verified","/Users/Sean/Desktop/nouns-backup/nouns/october/october_1.png","nouns/october/october_1.png","preserve_relative_path","","1428128","10662c7b16fa75df17d612478b877290831ed06ccb98d63706902b1eedcc3d1f","true","1428128","f5ddad3247c3aee888513fa7b08b25bf","image/png","false"
"nouns","skip_verified","/Users/Sean/Desktop/nouns-backup/nouns/octopus/octopus_1.png","nouns/octopus/octopus_1.png","preserve_relative_path","","1256256","889551fc9542bdc9cf9df5b451a99e2dd38a62265ba0ff2f06ab803b94108615","true","1256256","419cb0c62414f1928e60766b85c5e490","image/png","false"
"nouns","skip_verified","/Users/Sean/Desktop/nouns-backup/nouns/octopus/octopus_2.png","nouns/octopus/octopus_2.png","preserve_relative_path","","1207975","b6ecfffd6e13a3f6daba5c7859412a5c476252e382be597159cfc614285b1702","true","1207975","011659915d1f34463b7b58d24a9405b2","image/png","false"
"nouns","skip_verified","/Users/Sean/Desktop/nouns-backup/nouns/office_worker/office_worker_1.png","nouns/office_worker/office_worker_1.png","preserve_relative_path","","623159","2a5501903858f8e3aefe5ea739783a49b861867692451e0a7b21509e5170b5cb","true","623159","d33bf8f14ff4260a6ce743f6c71abe48","image/png","false"
"nouns","skip_verified","/Users/Sean/Desktop/nouns-backup/nouns/office_worker/office_worker_2.png","nouns/office_worker/office_worker_2.png","preserve_relative_path","","1261550","0ae43721d5314b1e0716047aec507a2fa8247b062b30d901d8578a8fe41a575b","true","1261550","da345f4a0789ae9b53259fc633d6c19a","image/png","false"
"nouns","skip_verified","/Users/Sean/Desktop/nouns-backup/nouns/offices/offices_1.png","nouns/offices/offices_1.png","preserve_relative_path","","1918085","459c7fe8edc408280685099f42b7947fa9455ed97a8f413685b86804d7704fdd","true","1918085","053113a91644c742678cdeed21429a2d","image/png","false"
"nouns","skip_verified","/Users/Sean/Desktop/nouns-backup/nouns/offices/offices_2.png","nouns/offices/offices_2.png","preserve_relative_path","","1361117","8ed545cf1e79337b80b6cdd297e7c4753bcf305e52f6e11a71b04c32563313df","true","1361117","00b3be72ce17bc3b773dba4d1f324765","image/png","false"
"nouns","skip_verified","/Users/Sean/Desktop/nouns-backup/nouns/offices/offices_3.png","nouns/offices/offices_3.png","preserve_relative_path","","2086355","5ef2ffb198ea1785c4f14a4bd7da6edad542c0746b07a788014508b88693be41","true","2086355","623a3cbdea07904550ea4c4273e57e33","image/png","false"
"nouns","skip_verified","/Users/Sean/Desktop/nouns-backup/nouns/omelette/omelette_1.png","nouns/omelette/omelette_1.png","preserve_relative_path","","1469170","c47c5c3f30007ad6819517ff51a7c51fdd46be4a4d52a21d07c586603f997aec","true","1469170","94913f405513a8e36116d6eabdc816b9","image/png","false"
"nouns","skip_verified","/Users/Sean/Desktop/nouns-backup/nouns/omelette/omelette_2.png","nouns/omelette/omelette_2.png","preserve_relative_path","","1775108","dd8f5d1b871f95fc7a424008ceb2853364a5a15a8f238ede715cd7529cbdd2d3","true","1775108","f70c2cc2753bdaa76efa9aaef1a68433","image/png","false"
"nouns","skip_verified","/Users/Sean/Desktop/nouns-backup/nouns/one_hundred_thousand/one_hundred_thousand_1.png","nouns/one_hundred_thousand/one_hundred_thousand_1.png","preserve_relative_path","","438426","a72d31b6e9c80de31d33087bfe287b6e256a5ae9a4885ea6680cfd9c285a5927","true","438426","8e4ec7963afda1948e8a893b9056ca55","image/png","false"
"nouns","skip_verified","/Users/Sean/Desktop/nouns-backup/nouns/one_hundred/one_hundred_1.png","nouns/one_hundred/one_hundred_1.png","preserve_relative_path","","720817","0312236fe2f768e17162dc6d8fae8a4b2e4225a07e026493ec702811d5a7732f","true","720817","f6efb9a6357e930ffb438fb50e33633e","image/png","false"
"nouns","skip_verified","/Users/Sean/Desktop/nouns-backup/nouns/one_million/one_million_1.png","nouns/one_million/one_million_1.png","preserve_relative_path","","440400","2771ebb528f3430c56c4b1279248d8aec43a5b3243bb2fbbb490d1b4be265733","true","440400","cab3c6666a7ecdd1f56ed552073c788c","image/png","false"
"nouns","skip_verified","/Users/Sean/Desktop/nouns-backup/nouns/one_oclock/one_oclock_1.png","nouns/one_oclock/one_oclock_1.png","preserve_relative_path","","25492","f44abe9eda03a6a032520ad91d7ddec8459968781787e60ca78f2804f3977a15","true","25492","d87da9f0874f0a1241f675502c5ce0de","image/png","false"
"nouns","skip_verified","/Users/Sean/Desktop/nouns-backup/nouns/one_oclock/one_oclock_2.png","nouns/one_oclock/one_oclock_2.png","preserve_relative_path","","625483","1a9bf92a632955319f055afc7d26eb83d080278c979b0afa0448cad7816060bb","true","625483","b4ad7ea12801361bd34b3fd527b1f14b","image/png","false"
"nouns","skip_verified","/Users/Sean/Desktop/nouns-backup/nouns/one_oclock/one_oclock_3.png","nouns/one_oclock/one_oclock_3.png","preserve_relative_path","","48342","744073f02ee618aef7b80befcd171dc6735f6d17bc8aa68dd56a411341eec471","true","48342","5367d271cf11978e969a5885a19cc2c6","image/png","false"
"nouns","skip_verified","/Users/Sean/Desktop/nouns-backup/nouns/one_thousand/one_thousand_1.png","nouns/one_thousand/one_thousand_1.png","preserve_relative_path","","516349","0612a023b152b3310604919ce0dd9144e6670ffb83ead4ca20b76b03deacb200","true","516349","37f50340adab61753b320f17953211a3","image/png","false"
"nouns","skip_verified","/Users/Sean/Desktop/nouns-backup/nouns/one/one_1.png","nouns/one/one_1.png","preserve_relative_path","","521055","e4e10a64dd1b955849c9cd873d28074614b67d498f68588666ed306f1b736e5e","true","521055","4fb6585af58d6e283681081ddf3fd0a9","image/png","false"
"nouns","skip_verified","/Users/Sean/Desktop/nouns-backup/nouns/onion/onion_1.png","nouns/onion/onion_1.png","preserve_relative_path","","941600","a408aa8d5ea2920d34c4d41c025b1cd6a0ab30a1e761147fc9c90a974dd16b9f","true","941600","132560f78aa96e7aad9365a65e45ab56","image/png","true"
"nouns","skip_verified","/Users/Sean/Desktop/nouns-backup/nouns/onion/onion_2.png","nouns/onion/onion_2.png","preserve_relative_path","","1253191","95d95c5c534173b54283b4947d7037af71527fcbb6b3e9447695dddeeb54febc","true","1253191","5b2e9568d7d9c3358993d103622bad12","image/png","true"
"nouns","skip_verified","/Users/Sean/Desktop/nouns-backup/nouns/onion/onion_3.png","nouns/onion/onion_3.png","preserve_relative_path","","1344484","dc8c1e1169cb30ad5dd3e60e52a326a2dc3ffe0196c5a88140d0fb076061d893","true","1344484","26756e37c1ee6340d99cf0ec11626507","image/png","true"
"nouns","skip_verified","/Users/Sean/Desktop/nouns-backup/nouns/orange/orange_1.png","nouns/orange/orange_1.png","preserve_relative_path","","953475","d3b724442e361e01af21d04affcbef9e945f7d7243d57b686bd4b95fc190499a","true","953475","ea50838cf1c8ec857ff34443a6ef9d6b","image/png","true"
"nouns","skip_verified","/Users/Sean/Desktop/nouns-backup/nouns/orange/orange_2.png","nouns/orange/orange_2.png","preserve_relative_path","","1026769","44c02ce2e18265df449e7c9e9d93a8a3d3f9385833b14170517883bdc760e15e","true","1026769","e62bddbe869945e0b88b087420dc65b1","image/png","true"
"nouns","skip_verified","/Users/Sean/Desktop/nouns-backup/nouns/orange/orange_3.png","nouns/orange/orange_3.png","preserve_relative_path","","679006","a6d1d1fa90b03a61294c593de45f64bb87cab471befd0de7a2ea2899e11950dd","true","679006","86f337c7912b2af0fe584353b7739698","image/png","true"
"nouns","skip_verified","/Users/Sean/Desktop/nouns-backup/nouns/orca/orca_1.png","nouns/orca/orca_1.png","preserve_relative_path","","694342","de593531f3255d87c386bfb9de1e2e8079bbd3e6b30db7254238785833b8fb28","true","694342","f3457040d2a03c5f3d73422ec827269a","image/png","false"
"nouns","skip_verified","/Users/Sean/Desktop/nouns-backup/nouns/orca/orca_2.png","nouns/orca/orca_2.png","preserve_relative_path","","1183339","dc58c39a1175e61e2104f5ba465bef70f102aefdea1b46347e12ff11e70dd5f4","true","1183339","dd6601499deb54dcd0d169cadce14fe8","image/png","false"
"nouns","skip_verified","/Users/Sean/Desktop/nouns-backup/nouns/oven/oven_1.png","nouns/oven/oven_1.png","preserve_relative_path","","1050999","5229e4743cbe97acb31718ad83a9ba26c6cfca7a37e8e76be2d60754a3228e2b","true","1050999","17f7bae2a4e5d5ddb8e44e44061110be","image/png","false"
"nouns","skip_verified","/Users/Sean/Desktop/nouns-backup/nouns/oven/oven_2.png","nouns/oven/oven_2.png","preserve_relative_path","","1668010","bbaf728c607186c114eff57871b5b6405d5d6b6f2c8818334ccd3c25094c8fb6","true","1668010","52d6d82ed45d3d42b111877fff75416a","image/png","false"
"nouns","skip_verified","/Users/Sean/Desktop/nouns-backup/nouns/overcast/overcast_1.png","nouns/overcast/overcast_1.png","preserve_relative_path","","1150281","4e61cc062502e79d625c15e604b29ba0174268d844b75663ebc517abb2fac181","true","1150281","0bc554c4b926e78160b1c61028c83426","image/png","false"
"nouns","skip_verified","/Users/Sean/Desktop/nouns-backup/nouns/overcast/overcast_2.png","nouns/overcast/overcast_2.png","preserve_relative_path","","2188721","36d495b10af963683248e1b94a8a9b3b9bf8095408f76f6e4534701e91702120","true","2188721","346e1171cdb510cccb9e77583cbbc16b","image/png","false"
"nouns","skip_verified","/Users/Sean/Desktop/nouns-backup/nouns/owl/owl_1.png","nouns/owl/owl_1.png","preserve_relative_path","","1171405","e8befe0836daf7efdc0f78ff506934929fd93d11e6e417231b04ed5dfe7ad0c9","true","1171405","6e227b86361b69f9703d4fb4df8c876c","image/png","true"
"nouns","skip_verified","/Users/Sean/Desktop/nouns-backup/nouns/owl/owl_2.png","nouns/owl/owl_2.png","preserve_relative_path","","1191125","ec147bc24acbc3d2dfadfb119f7aa8c27f64f85f3d9eb372310ff0d7c9a6cf73","true","1191125","d5bd8eef6f6fbaac8cc7e03291ebdd2c","image/png","true"
"nouns","skip_verified","/Users/Sean/Desktop/nouns-backup/nouns/pan/pan_1.png","nouns/pan/pan_1.png","preserve_relative_path","","2300045","84f1e8bba64ba163453f518156cddc568021519ff681ddf792a50f6e30a763c7","true","2300045","bae200bc03901369213372fbc27f4b84","image/png","false"
"nouns","skip_verified","/Users/Sean/Desktop/nouns-backup/nouns/pan/pan_2.png","nouns/pan/pan_2.png","preserve_relative_path","","696666","ddbbe79f5b6c53bb0e1e854af622cb2d95dbef9fe8e9397aaec0dcdef800782b","true","696666","a55be98b64c0b7b1b35ee68e8c5ded49","image/png","false"
"nouns","skip_verified","/Users/Sean/Desktop/nouns-backup/nouns/pan/pan_3.png","nouns/pan/pan_3.png","preserve_relative_path","","2517238","49ccc4fe249b17fa8d0ce9623c20f15e650e50da92c4ef24691c3d9db4620b96","true","2517238","fa47f9d2258725fb858921376ebb0a36","image/png","false"
"nouns","skip_verified","/Users/Sean/Desktop/nouns-backup/nouns/panda/panda_1.png","nouns/panda/panda_1.png","preserve_relative_path","","1207522","ab0c379b3fd73858e4564e984a1406a6e398d70dc61dacb5371624109a4a9cd4","true","1207522","92c0015a9f784586867de1d745e83f87","image/png","true"
"nouns","skip_verified","/Users/Sean/Desktop/nouns-backup/nouns/panda/panda_2.png","nouns/panda/panda_2.png","preserve_relative_path","","1161515","bac018372102bb662f7cb18121c681a7429f345229f135baa6bc6868f6bf5f63","true","1161515","3d3e02c31f00fc378e9d851c6b7f2df2","image/png","true"
"nouns","skip_verified","/Users/Sean/Desktop/nouns-backup/nouns/pantry/pantry_1.png","nouns/pantry/pantry_1.png","preserve_relative_path","","1871240","3efd5c424c3d77d397397578c573a78d82c0938262898e6ee6e333dc5dbf01ae","true","1871240","05009d057e99444e3522a4fa7c465db5","image/png","false"
"nouns","skip_verified","/Users/Sean/Desktop/nouns-backup/nouns/pantry/pantry_2.png","nouns/pantry/pantry_2.png","preserve_relative_path","","1508035","c8073121797984d7ac6507844401565eee70356f9dedb8305a8b7f10ba35a976","true","1508035","01ea7902a6c5ccb9d4f7385847a0843d","image/png","false"
"nouns","skip_verified","/Users/Sean/Desktop/nouns-backup/nouns/pantry/pantry_3.png","nouns/pantry/pantry_3.png","preserve_relative_path","","2290415","e43f47abf94db67f6591881340212663a26e5111a91ecd5a2f8c348b9f71846f","true","2290415","0faea80c497dd69ea67328278e611a50","image/png","false"
"nouns","skip_verified","/Users/Sean/Desktop/nouns-backup/nouns/pants/pants_1.png","nouns/pants/pants_1.png","preserve_relative_path","","830141","fd2162a2fa8c5d88fa884c0762ecf7df0717f63fe6a31c223ca44dadc31d1c48","true","830141","090b2421fbe2fd330081592b0d907e03","image/png","false"
"nouns","skip_verified","/Users/Sean/Desktop/nouns-backup/nouns/pants/pants_2.png","nouns/pants/pants_2.png","preserve_relative_path","","1482322","3b9e3ba3d3310622999d9f2fe2089b7318a79b22e249adceb10adcde652bd1dc","true","1482322","13fdc9f3242b689cab49661f4499284c","image/png","false"
"nouns","skip_verified","/Users/Sean/Desktop/nouns-backup/nouns/paper_clip/paper_clip_1.png","nouns/paper_clip/paper_clip_1.png","preserve_relative_path","","705240","1c0c7246526bc4a068fc17035a3b18f593a96cfe83603174c09bdb5cd665419a","true","705240","8db372c2f6a8b63043b02fbabfda4a74","image/png","false"
"nouns","skip_verified","/Users/Sean/Desktop/nouns-backup/nouns/paper_clip/paper_clip_2.png","nouns/paper_clip/paper_clip_2.png","preserve_relative_path","","1238447","45b6b4c9e822dc9c3ce6a2e3e4902b2550bb3306993dcb08c73c538b1ff059d7","true","1238447","b553c23416f3decd086137eaf61ac12e","image/png","false"
"nouns","skip_verified","/Users/Sean/Desktop/nouns-backup/nouns/paper_clip/paper_clip_3.png","nouns/paper_clip/paper_clip_3.png","preserve_relative_path","","1077634","5657efadb3d66343c83fc5dd36fcfdd57d3a186c32b85c94e61890d0b78eed4e","true","1077634","252a116fe54f564b88ea41b111d26526","image/png","true"
"nouns","skip_verified","/Users/Sean/Desktop/nouns-backup/nouns/paper/paper_1.png","nouns/paper/paper_1.png","preserve_relative_path","","723752","a075b3e5c58d93c59c9e250c28151fe088fd95595ec0d6f167d0e6f3c37bec57","true","723752","6fefe257718404b37edbb8d6d83768e7","image/png","true"
"nouns","skip_verified","/Users/Sean/Desktop/nouns-backup/nouns/paper/paper_2.png","nouns/paper/paper_2.png","preserve_relative_path","","983955","98f89ddbad170915cd0ad93fc1625bf0168495ed19c08cee6ca182eee2e70671","true","983955","925d20c57c62f6212c6549d56a127d51","image/png","true"
"nouns","skip_verified","/Users/Sean/Desktop/nouns-backup/nouns/paper/paper_3.png","nouns/paper/paper_3.png","preserve_relative_path","","1183499","a2caf9560bb8f142cbaf7f38c5811c1341aad19a653dfef44bb115fd7a3989e0","true","1183499","ea0cfd726dd16f8116a6f0a96e623a62","image/png","true"
"nouns","skip_verified","/Users/Sean/Desktop/nouns-backup/nouns/park/park_1.png","nouns/park/park_1.png","preserve_relative_path","","2471902","703b2b0a36ec942bee73471bd6ecd7aec0b5a6264490e1c09316a4ea3e2fbaa4","true","2471902","7d6035022a0c48748bd6a052ad7fccb5","image/png","false"
"nouns","skip_verified","/Users/Sean/Desktop/nouns-backup/nouns/park/park_2.png","nouns/park/park_2.png","preserve_relative_path","","1455404","001f167a3b332d107a1b5723428b50da0db4eac719cc18cb468c1e24e8d17874","true","1455404","f5574f23e23ab1640f0d43ebd0bcab82","image/png","false"
"nouns","skip_verified","/Users/Sean/Desktop/nouns-backup/nouns/park/park_3.png","nouns/park/park_3.png","preserve_relative_path","","2784876","ae7ed8fe4498e5c2c6bc36a80bf05ad14bab46f37f8ea8441ebf9a52755dab81","true","2784876","fcf96b3dfcbe91a69fd5f773c2f5a9cb","image/png","false"
"nouns","skip_verified","/Users/Sean/Desktop/nouns-backup/nouns/parrot/parrot_1.png","nouns/parrot/parrot_1.png","preserve_relative_path","","824013","0dd10218b22c641371cce768626cea9736fdcce3fe975cc6bcd8c0b0e1d9990c","true","824013","6dca9b678586c05c159cad46a019b120","image/png","true"
"nouns","skip_verified","/Users/Sean/Desktop/nouns-backup/nouns/parrot/parrot_2.png","nouns/parrot/parrot_2.png","preserve_relative_path","","1487088","7eda182a63fe45e9872558c92d075b2657e234c66862e64a98e9e4ff5a3dd081","true","1487088","1ecabfc5d651a2ff9dc2119258f5e3f0","image/png","true"
"nouns","skip_verified","/Users/Sean/Desktop/nouns-backup/nouns/pasta/pasta_1.png","nouns/pasta/pasta_1.png","preserve_relative_path","","1040218","bc749673c4fbfc166ed1cd81654e3483643aa1e21dad6ad3a60b2ed110236e09","true","1040218","963e1ce5deaa844ff75d6127c72333b8","image/png","false"
"nouns","skip_verified","/Users/Sean/Desktop/nouns-backup/nouns/pasta/pasta_2.png","nouns/pasta/pasta_2.png","preserve_relative_path","","2179993","06a34adf52a4dfc90db8d32a0244b75df0ee4f693952adb984d3966e780bbb95","true","2179993","7ec95facdfc0ba7c1fc5637c569a88f3","image/png","false"
"nouns","skip_verified","/Users/Sean/Desktop/nouns-backup/nouns/pe/pe_1.png","nouns/pe/pe_1.png","preserve_relative_path","","2403274","4bda2fb2058c144114d9622e9a76ecc4ed33e7b4217cdd680c44d9101bc0f4f0","true","2403274","aba237efc2749334000fa7e69be81c8e","image/png","false"
"nouns","skip_verified","/Users/Sean/Desktop/nouns-backup/nouns/pe/pe_2.png","nouns/pe/pe_2.png","preserve_relative_path","","1450845","d10aabd3ff039d0fb4cdd7fa4f6a4518c695f6841605c6f277be052481118dd7","true","1450845","108cd36719fa77f518020ca7963d1e35","image/png","false"
"nouns","skip_verified","/Users/Sean/Desktop/nouns-backup/nouns/pe/pe_3.png","nouns/pe/pe_3.png","preserve_relative_path","","2466153","2d52602bb76651d22164a01b1ec23fd61c8d77264eba446e444e42c04c60526d","true","2466153","f09ccc5778c2c3e1a7e088772682e40c","image/png","false"
"nouns","skip_verified","/Users/Sean/Desktop/nouns-backup/nouns/peach/peach_1.png","nouns/peach/peach_1.png","preserve_relative_path","","901756","fc5ef675412d2915dda77c10f86c58b40ecbf05dd5847ccce255559e7075f256","true","901756","694d4fb3b0c4748daeee0d271c341f49","image/png","true"
"nouns","skip_verified","/Users/Sean/Desktop/nouns-backup/nouns/peach/peach_2.png","nouns/peach/peach_2.png","preserve_relative_path","","1116345","34bbfd822508877212b78d7953a91ede216eedfc07ba5e373c2b5e856165085a","true","1116345","6480bf02af1b4a51241d200251c58ea1","image/png","true"
"nouns","skip_verified","/Users/Sean/Desktop/nouns-backup/nouns/peach/peach_3.png","nouns/peach/peach_3.png","preserve_relative_path","","1470518","c3a7638aeb079e7f5f194f84bcdaacb73e26993826a45ca8bb7ff2546a5c4398","true","1470518","56211528d015d70f7ef66920196d7e42","image/png","true"
"nouns","skip_verified","/Users/Sean/Desktop/nouns-backup/nouns/pear/pear_1.png","nouns/pear/pear_1.png","preserve_relative_path","","842161","043dd6bca1f4392bf7acaaf82841c666bd7c7683759722e441f702292928f23b","true","842161","c69b7dfbe1e06ba5cece9c1a62b88d4d","image/png","true"
"nouns","skip_verified","/Users/Sean/Desktop/nouns-backup/nouns/pear/pear_2.png","nouns/pear/pear_2.png","preserve_relative_path","","1216928","71ae0be98f5882f12cc2dd5155bc335ff8fe51f1f710b2d8de2b4373ab32748d","true","1216928","77dd70bca968b3787b40e12457ea54af","image/png","true"
"nouns","skip_verified","/Users/Sean/Desktop/nouns-backup/nouns/pear/pear_3.png","nouns/pear/pear_3.png","preserve_relative_path","","613455","9d5188d059e4020da2b47b8de0ac50215f9c7fd898fdd3e26ecd5c7bf9725506","true","613455","07b5165486ef45af235937cfd4bf4397","image/png","true"
"nouns","skip_verified","/Users/Sean/Desktop/nouns-backup/nouns/peeler/peeler_1.png","nouns/peeler/peeler_1.png","preserve_relative_path","","329812","04e232592b8cdbf2477462d7b33a92ad3ba3bfce05aa924de68e720118029e9d","true","329812","a587dc557685633ea653fce56ea85531","image/png","false"
"nouns","skip_verified","/Users/Sean/Desktop/nouns-backup/nouns/peeler/peeler_2.png","nouns/peeler/peeler_2.png","preserve_relative_path","","640856","854291c7a2097b096acd976dddc5847f3ff6c1320b3e3eb19cfa32cb4c89b320","true","640856","36189b9ca8bd07346e67502517625133","image/png","false"
"nouns","skip_verified","/Users/Sean/Desktop/nouns-backup/nouns/peeler/peeler_3.png","nouns/peeler/peeler_3.png","preserve_relative_path","","1840660","e72376e4527ecd15a92f102469277131a5a3a0d4a9a4204c62d2fd05882b0bf2","true","1840660","1cd6580e878c65fd4e385248912f756a","image/png","false"
"nouns","skip_verified","/Users/Sean/Desktop/nouns-backup/nouns/pen/pen_1.png","nouns/pen/pen_1.png","preserve_relative_path","","651293","daffb14e4813820d0aa77d81e3f98e3aeedf4dd5b9ffd36b7904eb444df92377","true","651293","0a00be9a1e2063115809c8d1a2023795","image/png","false"
"nouns","skip_verified","/Users/Sean/Desktop/nouns-backup/nouns/pen/pen_2.png","nouns/pen/pen_2.png","preserve_relative_path","","865220","b5e5db77e8436b68796c5083e6460afbb9542aa12025be59ce0feee295f87780","true","865220","50251647041e81dc64ed302f600985e2","image/png","false"
"nouns","skip_verified","/Users/Sean/Desktop/nouns-backup/nouns/pen/pen_3.png","nouns/pen/pen_3.png","preserve_relative_path","","1097237","18554861190d24e23d0a2d35674e7fd5bd1853464b4f723f701a32da79a60137","true","1097237","e086eb3cf7892de3ec5a8e8b51f3de6f","image/png","false"
"nouns","skip_verified","/Users/Sean/Desktop/nouns-backup/nouns/pencil_case/pencil_case_1.png","nouns/pencil_case/pencil_case_1.png","preserve_relative_path","","933856","3bcee695a9f5992ca6f1df62cd80687f99cf5504b3e48eac16d21b4d1cf10859","true","933856","4f28b6410cc2fa5313727420933a4b8c","image/png","false"
"nouns","skip_verified","/Users/Sean/Desktop/nouns-backup/nouns/pencil_case/pencil_case_2.png","nouns/pencil_case/pencil_case_2.png","preserve_relative_path","","1399298","ff9789a49f466cef9b40e7cc400907ce63800ab357bb8c2c1d168277ad4466c9","true","1399298","7cad64c31a54b036199e55ab91246c8a","image/png","false"
"nouns","skip_verified","/Users/Sean/Desktop/nouns-backup/nouns/pencil_case/pencil_case_3.png","nouns/pencil_case/pencil_case_3.png","preserve_relative_path","","1053302","3cc32709f77d7b670f93acecdb5341803e750d210c8987c5acc234b06adfeb9a","true","1053302","ebc2a5920941d5601e59d639b7121bf2","image/png","false"
"nouns","skip_verified","/Users/Sean/Desktop/nouns-backup/nouns/pencil_sharpener/pencil_sharpener_1.png","nouns/pencil_sharpener/pencil_sharpener_1.png","preserve_relative_path","","1051552","febedf98b851d61db6eba64fc5ad4f46d5420e1ce7935348f82822f187b936a2","true","1051552","f349bf23ecc6391bbb56b6d9c5f63328","image/png","false"
"nouns","skip_verified","/Users/Sean/Desktop/nouns-backup/nouns/pencil_sharpener/pencil_sharpener_2.png","nouns/pencil_sharpener/pencil_sharpener_2.png","preserve_relative_path","","1286697","37c54a5801c95946d2f7b8ef35da70b362be50d1731d5358dec0e64877be3bf9","true","1286697","9598b7d7ee7b4caf7a2a4f1129187bb5","image/png","false"
"nouns","skip_verified","/Users/Sean/Desktop/nouns-backup/nouns/pencil_sharpener/pencil_sharpener_3.png","nouns/pencil_sharpener/pencil_sharpener_3.png","preserve_relative_path","","1154659","b882dd5a63f279ed233fc36b4634b85162dd3533a14a97a86cc7056315b33aeb","true","1154659","aa91e522c6d9c30c8d67d634ed7fd20e","image/png","false"
"nouns","skip_verified","/Users/Sean/Desktop/nouns-backup/nouns/pencil/pencil_1.png","nouns/pencil/pencil_1.png","preserve_relative_path","","702433","012b62f2582003b9cc7c7107f50a625c184a959a8c50f43bf4f56e77440f6f15","true","702433","49b6130a63fa7213b07a612309acd3b5","image/png","false"
"nouns","skip_verified","/Users/Sean/Desktop/nouns-backup/nouns/pencil/pencil_2.png","nouns/pencil/pencil_2.png","preserve_relative_path","","1147251","8dfcde904a22abf6871b69b1dd6bbc8a5ffb7ee5a609ada76e06a6963ba95198","true","1147251","0a578fda0dd485317f631bf1e19a59cc","image/png","false"
"nouns","skip_verified","/Users/Sean/Desktop/nouns-backup/nouns/pencil/pencil_3.png","nouns/pencil/pencil_3.png","preserve_relative_path","","1144274","e297dc9b0d3423552b5ef7bebaa5ce2a3ab2af28862d3af4b13165c11a76a9e5","true","1144274","bd7c8db91cf5b9d92bc4c0c6b5c5c563","image/png","false"
"nouns","skip_verified","/Users/Sean/Desktop/nouns-backup/nouns/penguin/penguin_1.png","nouns/penguin/penguin_1.png","preserve_relative_path","","1071494","46c30c1f30b55eee158408a23503226dd7749e5bc58fbb6ca27774ef458c8038","true","1071494","facec6d6c76efc4e910e121327114cd4","image/png","true"
"nouns","skip_verified","/Users/Sean/Desktop/nouns-backup/nouns/penguin/penguin_2.png","nouns/penguin/penguin_2.png","preserve_relative_path","","1247197","1c1def7d7216ac9777818f082054124278a35bbb096500004dbc4c9263e6ea00","true","1247197","1dfbfa97f4c0c507124354864a6e3dae","image/png","true"
"nouns","skip_verified","/Users/Sean/Desktop/nouns-backup/nouns/pepper/pepper_1.png","nouns/pepper/pepper_1.png","preserve_relative_path","","1021482","bf33d75631181496ab950a0c2545a85e25a2bf7e174c600ac267fd9e44342871","true","1021482","844d1b1aec0536f11dfaf61d75c16a32","image/png","true"
"nouns","skip_verified","/Users/Sean/Desktop/nouns-backup/nouns/pepper/pepper_2.png","nouns/pepper/pepper_2.png","preserve_relative_path","","865233","57cac091fa321b90d19bbd6b810ea97faa548dc3889145fe65543dc863be74fd","true","865233","9a9bcf10e1a606b92c37993aebdf4bd0","image/png","true"
"nouns","skip_verified","/Users/Sean/Desktop/nouns-backup/nouns/pepper/pepper_3.png","nouns/pepper/pepper_3.png","preserve_relative_path","","1259463","37fe12b57c4c5b89973e2709bcfdd7716f273c5ed286ba144e0aa9b3f20e822c","true","1259463","c2bc97850cb0dd40369cda4c0bf45799","image/png","true"
"nouns","skip_verified","/Users/Sean/Desktop/nouns-backup/nouns/person/person_1.png","nouns/person/person_1.png","preserve_relative_path","","545443","597d7c40c63a69e87e3e6b8be05f73807c063875ea5cb037fa29dc35c00443da","true","545443","1941305f3f139f771598b284599b4b48","image/png","false"
"nouns","skip_verified","/Users/Sean/Desktop/nouns-backup/nouns/person/person_2.png","nouns/person/person_2.png","preserve_relative_path","","1385518","a9e65f7db54f1b80752f16529c0ac66a2c34d07a4e70a650ba550df1fbd3bda1","true","1385518","4fa9999a15c3b031b69ec59749bcab07","image/png","false"
"nouns","skip_verified","/Users/Sean/Desktop/nouns-backup/nouns/pharmacy/pharmacy_1.png","nouns/pharmacy/pharmacy_1.png","preserve_relative_path","","1900361","5cd0288c5ba1f8ba141b9a69e6619a31bc29491739400ba1156ef2e5cbe07eb9","true","1900361","8c1bea9ccd6c9bba4976e327d38dd21d","image/png","false"
"nouns","skip_verified","/Users/Sean/Desktop/nouns-backup/nouns/pharmacy/pharmacy_2.png","nouns/pharmacy/pharmacy_2.png","preserve_relative_path","","1352586","9bc6342ac43c6183308fccbefea13d5bb9376c1a8e5ac4803e7200aa53564065","true","1352586","d95d1f89053d355f58c966eca6fd112a","image/png","false"
"nouns","skip_verified","/Users/Sean/Desktop/nouns-backup/nouns/pharmacy/pharmacy_3.png","nouns/pharmacy/pharmacy_3.png","preserve_relative_path","","2202440","4a61a61c12f0850abfbb385a0018271af8dc2e388214665ad9bd6f7c283056fc","true","2202440","727584d2522b1531e960b78a086b2e6a","image/png","false"
"nouns","skip_verified","/Users/Sean/Desktop/nouns-backup/nouns/photograph/photograph_1.png","nouns/photograph/photograph_1.png","preserve_relative_path","","1064239","16949f492c9d9557d7b443353224212ebf6a279196f4a3047813d452bd51d8c6","true","1064239","76e0fa28f36640e45ece6044c613dc85","image/png","false"
"nouns","skip_verified","/Users/Sean/Desktop/nouns-backup/nouns/photograph/photograph_2.png","nouns/photograph/photograph_2.png","preserve_relative_path","","2178457","b58b476ba39241b90f64cf9c71226ec4648e907e8e75e72480c5db671b285f67","true","2178457","604659472231f5c8afaf7ffa93c00235","image/png","false"
"nouns","skip_verified","/Users/Sean/Desktop/nouns-backup/nouns/photographer/photographer_1.png","nouns/photographer/photographer_1.png","preserve_relative_path","","479707","6a7ecc1d0ba765a8fb66e0e0f1d7ff872527421c8ea87a3c6fc9152af04b3bd7","true","479707","afb890acc3c7a2dee5f760b19b44884e","image/png","false"
"nouns","skip_verified","/Users/Sean/Desktop/nouns-backup/nouns/photographer/photographer_2.png","nouns/photographer/photographer_2.png","preserve_relative_path","","1298453","3335effc182e91fdfebc3c8c5aae6cb1784c3a7ab2650c50ebadbcb331ee66c1","true","1298453","cccb026b429fc89e276b244d143864d3","image/png","false"
"nouns","skip_verified","/Users/Sean/Desktop/nouns-backup/nouns/picture_frame/picture_frame_1.png","nouns/picture_frame/picture_frame_1.png","preserve_relative_path","","477079","56dada5c1da4c52b1467f3511f3196ae1a5d18724ea18579f24583d602be3300","true","477079","c5422b68775f2108715163f1fac907b3","image/png","false"
"nouns","skip_verified","/Users/Sean/Desktop/nouns-backup/nouns/picture_frame/picture_frame_2.png","nouns/picture_frame/picture_frame_2.png","preserve_relative_path","","705030","114f1873d354eb355e1fb50e2597a151b7eb21c600ede220ed0224758315d9d6","true","705030","3a2177e9ae518e487b3b5ce64cc27efe","image/png","false"
"nouns","skip_verified","/Users/Sean/Desktop/nouns-backup/nouns/piglet/piglet_1.png","nouns/piglet/piglet_1.png","preserve_relative_path","","963293","d95385f423bd31daed7cd652a241acb148dcba8b1e690b333d62a653260130c0","true","963293","a429575e06f249d5f6dc7484747d09e8","image/png","true"
"nouns","skip_verified","/Users/Sean/Desktop/nouns-backup/nouns/piglet/piglet_2.png","nouns/piglet/piglet_2.png","preserve_relative_path","","945267","1b35b0c493b1ab2c2cd0d36663f59682af9c029e1d6fd0a4c57afc5cfa3f4cce","true","945267","2a91b62a419bba7cadf76ef762a939b2","image/png","true"
"nouns","skip_verified","/Users/Sean/Desktop/nouns-backup/nouns/pillow/pillow_1.png","nouns/pillow/pillow_1.png","preserve_relative_path","","669122","2c0139c03ddf912be05fd6404efe8ced8bf128d2a5de2e5db04b18e203a3085e","true","669122","2c826e691dbe67e2ebceffe20e4023ed","image/png","false"
"nouns","skip_verified","/Users/Sean/Desktop/nouns-backup/nouns/pillow/pillow_2.png","nouns/pillow/pillow_2.png","preserve_relative_path","","959892","ecf2a690e22d712bb92f998c834417203ff9a865ba7ce6222391b770fc8dc751","true","959892","841014301d80707a9780632a6d330d3a","image/png","false"
"nouns","skip_verified","/Users/Sean/Desktop/nouns-backup/nouns/pilot/pilot_1.png","nouns/pilot/pilot_1.png","preserve_relative_path","","530967","05f8f9c34ab741a96b2b2cf13235b8e799b9508046e2de11b7c449cc0a4ca6fe","true","530967","248858e867006fb380b77befe3f1db8f","image/png","false"
"nouns","skip_verified","/Users/Sean/Desktop/nouns-backup/nouns/pilot/pilot_2.png","nouns/pilot/pilot_2.png","preserve_relative_path","","1232758","b6257b3708b964e82a66ed8d5132270cf704f5a053e1ded7c77dbadb8a31e66f","true","1232758","c6df689b962159215409953d1105f983","image/png","false"
"nouns","skip_verified","/Users/Sean/Desktop/nouns-backup/nouns/pineapple/pineapple_1.png","nouns/pineapple/pineapple_1.png","preserve_relative_path","","779283","4520716f3167f5f35ea6793563b086c822f7590a8aaf5372633b0a749f3d30d8","true","779283","9ea082f0ff5752fc6add83b7e0892993","image/png","true"
"nouns","skip_verified","/Users/Sean/Desktop/nouns-backup/nouns/pineapple/pineapple_2.png","nouns/pineapple/pineapple_2.png","preserve_relative_path","","1101247","4303a6c86e06644398c9c5ce3d95519360fb4e87a010abbe7cd907c2c804e85e","true","1101247","35127ac94b4f7808485c0700eb840613","image/png","true"
"nouns","skip_verified","/Users/Sean/Desktop/nouns-backup/nouns/pineapple/pineapple_3.png","nouns/pineapple/pineapple_3.png","preserve_relative_path","","635428","37e68971cd8cad5c3d24e282f988a5113a22aee6d851c8f0258f98b58bc0653e","true","635428","ff08376798634da00f1216ed0b9f8c6a","image/png","true"
"nouns","skip_verified","/Users/Sean/Desktop/nouns-backup/nouns/pizza/pizza_1.png","nouns/pizza/pizza_1.png","preserve_relative_path","","1547184","1ab43f7ddc5843950561142587b9112645b0d6289754f00726a074e6930d5a49","true","1547184","bd18658ee0b94a49b409920ff5529819","image/png","false"
"nouns","skip_verified","/Users/Sean/Desktop/nouns-backup/nouns/pizza/pizza_2.png","nouns/pizza/pizza_2.png","preserve_relative_path","","1201527","055d51a68d2b713096243a7d6d46ccef7a9b96f8e900a2996973a243daa8d727","true","1201527","b96a83b7dc526dc5d991c64e776492ce","image/png","false"
"nouns","skip_verified","/Users/Sean/Desktop/nouns-backup/nouns/plant/plant_1.png","nouns/plant/plant_1.png","preserve_relative_path","","935007","36f7276143f5b89c926c29ec0f113e20635e8856eaaea4ec8b882e9b4df714dd","true","935007","65a72ca0090882eb11e69d5b6934c7fd","image/png","false"
"nouns","skip_verified","/Users/Sean/Desktop/nouns-backup/nouns/plant/plant_2.png","nouns/plant/plant_2.png","preserve_relative_path","","1055732","ca805cd20c876f34afccc29e35e55a922a38e546f604925a88c39a14dea47eab","true","1055732","3ae7bcc4f0754a4a8ac428b02283ef96","image/png","false"
"nouns","skip_verified","/Users/Sean/Desktop/nouns-backup/nouns/plate/plate_1.png","nouns/plate/plate_1.png","preserve_relative_path","","403602","0d6682ca0ab32a2761f999de45fad0e800ab5b1fde19d11b141406b25bc17cfd","true","403602","2631d60afb66649711975962171507ef","image/png","false"
"nouns","skip_verified","/Users/Sean/Desktop/nouns-backup/nouns/plate/plate_2.png","nouns/plate/plate_2.png","preserve_relative_path","","726649","2edf61d65ba3af54ccd167f5e37be1eb7b2b6b3ac8b2be7ffb30fd36be7ec71a","true","726649","831aab95b83121751d693d9cfc82715a","image/png","false"
"nouns","skip_verified","/Users/Sean/Desktop/nouns-backup/nouns/plate/plate_3.png","nouns/plate/plate_3.png","preserve_relative_path","","2032005","d6e6a1f8c8474129c650f8650226057499120ead5c5422f5866aceb2248d24b2","true","2032005","40f1ed71c543c3f9a1647eaed617aaa4","image/png","false"
"nouns","skip_verified","/Users/Sean/Desktop/nouns-backup/nouns/plum/plum_1.png","nouns/plum/plum_1.png","preserve_relative_path","","1081668","f1afa383f321487b9a230ca9af381b78649d85ba9a2976b24360899429bce69f","true","1081668","3e08ae645695b75bd3b9c952d77c1318","image/png","true"
"nouns","skip_verified","/Users/Sean/Desktop/nouns-backup/nouns/plum/plum_2.png","nouns/plum/plum_2.png","preserve_relative_path","","1364581","70c9cf09a4830c41c36530f8a7849e3be9e48739538d3df8667b96593d2c1f24","true","1364581","75bb537b5bf1b50270ad75735acaeaf1","image/png","true"
"nouns","skip_verified","/Users/Sean/Desktop/nouns-backup/nouns/plum/plum_3.png","nouns/plum/plum_3.png","preserve_relative_path","","744315","cfa917809e844ed47bd875afeb32cb2cda15912f1eae4b2a3754693a6d078183","true","744315","27c06e938302eee0dd9723d2eea61449","image/png","true"
"nouns","skip_verified","/Users/Sean/Desktop/nouns-backup/nouns/police_officer/police_officer_1.png","nouns/police_officer/police_officer_1.png","preserve_relative_path","","543275","644f6976752d0c3187908e149c41f72d53e131149ecbac5c89c4d3d832b9019e","true","543275","58ab32d2a24692d442e982d2ef522a07","image/png","false"
"nouns","skip_verified","/Users/Sean/Desktop/nouns-backup/nouns/police_officer/police_officer_2.png","nouns/police_officer/police_officer_2.png","preserve_relative_path","","1195691","f1760cd257d69f082b31c8c4d9211c6d552a715aa548c84954117f83e5785096","true","1195691","e5b77a8ef99e464d3c80d99ffeeed0aa","image/png","false"
"nouns","skip_verified","/Users/Sean/Desktop/nouns-backup/nouns/police_station/police_station_1.png","nouns/police_station/police_station_1.png","preserve_relative_path","","1831337","da09caf5c12e5030e709c72d25647f6caf6bc738629d0001b636db2ffbb6b2b0","true","1831337","157f36e0f805f0c95ef016b2486a27e3","image/png","false"
"nouns","skip_verified","/Users/Sean/Desktop/nouns-backup/nouns/police_station/police_station_2.png","nouns/police_station/police_station_2.png","preserve_relative_path","","1377660","f9d4676c08588a521ac52277eadad519e6e4cdb4729369c01afc4ad7680acada","true","1377660","bfcc4b5a340619bdac19c805dee9cc69","image/png","false"
"nouns","skip_verified","/Users/Sean/Desktop/nouns-backup/nouns/police_station/police_station_3.png","nouns/police_station/police_station_3.png","preserve_relative_path","","1861506","ff24f2486a0eee8677d336427d2e0ade03b9eaab547a36fb2dcbd5419cb382f4","true","1861506","1c93eccd7646dd508c99db9c338f10be","image/png","false"
"nouns","skip_verified","/Users/Sean/Desktop/nouns-backup/nouns/pond/pond_1.png","nouns/pond/pond_1.png","preserve_relative_path","","1472520","293f5433e1a8dfc5c4829af93a4abd890c977ce070fdce40f6be1322b34b92e6","true","1472520","897022f8f1cf18e58f6fc98c850c9c06","image/png","false"
"nouns","skip_verified","/Users/Sean/Desktop/nouns-backup/nouns/pond/pond_2.png","nouns/pond/pond_2.png","preserve_relative_path","","1908044","bd006e51aad758c7c755b7b1fde35ab7e1c01f1e91e7c7e750bfe851193c8078","true","1908044","130d06a425e7c1f47a7db9265d8dc027","image/png","false"
"nouns","skip_verified","/Users/Sean/Desktop/nouns-backup/nouns/pork_cutlet/pork_cutlet_1.png","nouns/pork_cutlet/pork_cutlet_1.png","preserve_relative_path","","940362","6d07f263b1dd25e17ffdd090eed467fc886c46234e8446f207535b33aba1cc13","true","940362","4fecaaa939e9a3aa56d337b25c711f98","image/png","false"
"nouns","skip_verified","/Users/Sean/Desktop/nouns-backup/nouns/pork_cutlet/pork_cutlet_2.png","nouns/pork_cutlet/pork_cutlet_2.png","preserve_relative_path","","912940","1e2d3cb2bbd1abdd7796d1edbeb3b2f14e08541dd9c5bc8bcc05c1747e39bf0a","true","912940","d3cf4c1c8803df1aa58d81e024f94374","image/png","false"
"nouns","skip_verified","/Users/Sean/Desktop/nouns-backup/nouns/pork/pork_1.png","nouns/pork/pork_1.png","preserve_relative_path","","747922","12a63642c813f6d63e611544deec9617da51a2fb4fa1926df71223dbd6a56229","true","747922","176a1ada6818db4371afe83c77cab402","image/png","false"
"nouns","skip_verified","/Users/Sean/Desktop/nouns-backup/nouns/pork/pork_2.png","nouns/pork/pork_2.png","preserve_relative_path","","945205","a4531ce508ce9f93eb352b0cbfc4bf1c012f3deea74cbce1b727f003f453ae1b","true","945205","ce98f24a313a1bcf3b2f613b00f9fc21","image/png","false"
"nouns","skip_verified","/Users/Sean/Desktop/nouns-backup/nouns/porridge/porridge_1.png","nouns/porridge/porridge_1.png","preserve_relative_path","","743950","0a267d1edca0e9d98a1973157a78cacbadc46a70b973420718fbadae5ff1b996","true","743950","f2632d247bbf79c17fdd3a130e08fc2a","image/png","false"
"nouns","skip_verified","/Users/Sean/Desktop/nouns-backup/nouns/porridge/porridge_2.png","nouns/porridge/porridge_2.png","preserve_relative_path","","370692","c760dc9a9227488a3925b15baf73b11057c9b7849867e7f9352c536a07ca5990","true","370692","3855d1e5779dd5b72944b6ec7420c018","image/png","false"
"nouns","skip_verified","/Users/Sean/Desktop/nouns-backup/nouns/post_office/post_office_1.png","nouns/post_office/post_office_1.png","preserve_relative_path","","1742548","c69006e3ba5f8423f8ced5ff5f5fd2138c9c7c941e7689215f861baa45589443","true","1742548","1bf140fd3d7b0e76ec7bd6ecb574274e","image/png","false"
"nouns","skip_verified","/Users/Sean/Desktop/nouns-backup/nouns/post_office/post_office_2.png","nouns/post_office/post_office_2.png","preserve_relative_path","","1305281","054eb3988e8ddadb8b114875011f29654996e984c175a89058f40bc5b2f29af9","true","1305281","448eede757651543c7a082cc1e45bfd0","image/png","false"
"nouns","skip_verified","/Users/Sean/Desktop/nouns-backup/nouns/post_office/post_office_3.png","nouns/post_office/post_office_3.png","preserve_relative_path","","2010222","a7b95eea8496f09f23f32fe8387c3d3fba2c8ef39af28afec25ce463561fbf3d","true","2010222","f3b016c30e5903dc1860e372aaac2a4c","image/png","false"
"nouns","skip_verified","/Users/Sean/Desktop/nouns-backup/nouns/poster/poster_1.png","nouns/poster/poster_1.png","preserve_relative_path","","1122757","a0d351099f5841589bcb21c667f54c6df544c988d5230440772a181c0fc08596","true","1122757","6aa09a94df55d314f09bddfe6d7ecff1","image/png","false"
"nouns","skip_verified","/Users/Sean/Desktop/nouns-backup/nouns/poster/poster_2.png","nouns/poster/poster_2.png","preserve_relative_path","","1421804","063d20cdc4b4ed2001405c6842748225ec28ed1a40fd670c550eafdb3f5468e0","true","1421804","c418afd218373e0e30cfa1d22fd62964","image/png","false"
"nouns","skip_verified","/Users/Sean/Desktop/nouns-backup/nouns/poster/zoo_1.png","nouns/poster/zoo_1.png","preserve_relative_path","","1902484","f46956b59c1dfafdf8984bff064966979e043565988d3e1549824ea7bd32b7c0","true","1902484","bc9f6e577a288787c176101727b14007","image/png","false"
"nouns","skip_verified","/Users/Sean/Desktop/nouns-backup/nouns/potato_chips/potato_chips_1.png","nouns/potato_chips/potato_chips_1.png","preserve_relative_path","","1032857","cad186ba7e493983e11a9edb855ebcd6c4a1e102ab1e980d78fa352d0979e8b2","true","1032857","eac8118ca4a08b6c8225cbba42eaf123","image/png","false"
"nouns","skip_verified","/Users/Sean/Desktop/nouns-backup/nouns/potato_chips/potato_chips_2.png","nouns/potato_chips/potato_chips_2.png","preserve_relative_path","","1145283","8814d48f404475d6b3a5e2b66857dafcf682d330a3790714837efd2186df520a","true","1145283","5f995b22b671521d9785685143c7d148","image/png","false"
"nouns","skip_verified","/Users/Sean/Desktop/nouns-backup/nouns/potato/potato_1.png","nouns/potato/potato_1.png","preserve_relative_path","","1023915","f56a58bf50588e532591cb105adece872584ab31c353fa65da640dcd877de473","true","1023915","e4e601717e4cc84ba787728ff8e834f6","image/png","true"
"nouns","skip_verified","/Users/Sean/Desktop/nouns-backup/nouns/potato/potato_2.png","nouns/potato/potato_2.png","preserve_relative_path","","1124236","833ec0b885f1bb953c4ac3a20f56e79f98408228069d6113202cf16eea6f05d2","true","1124236","b4a693ec13c0ea305f538b502cef2bad","image/png","true"
"nouns","skip_verified","/Users/Sean/Desktop/nouns-backup/nouns/potato/potato_3.png","nouns/potato/potato_3.png","preserve_relative_path","","1066446","9c55b04e3568341e373618cf9ce932df3187cbd7d5647328f64e51ecd2d08d40","true","1066446","d61a0413b6247dfda18d02ab398b1a87","image/png","true"
"nouns","skip_verified","/Users/Sean/Desktop/nouns-backup/nouns/professor/professor_1.png","nouns/professor/professor_1.png","preserve_relative_path","","681522","7e8c7d7e7981bfdd0ac9e06f6684cd82dc6fdc385156ebf97388f55b5aec8cd5","true","681522","d06f8a581d57330efecdb122824f590e","image/png","false"
"nouns","skip_verified","/Users/Sean/Desktop/nouns-backup/nouns/professor/professor_2.png","nouns/professor/professor_2.png","preserve_relative_path","","1202628","0ede9bdd97d8b2600ce7c83b9d0ecccc53a247e698f61b98cfaae7a01bb4828a","true","1202628","c1e677e17b9ee24494f778adff469cbd","image/png","false"
"nouns","skip_verified","/Users/Sean/Desktop/nouns-backup/nouns/programmer/programmer_1.png","nouns/programmer/programmer_1.png","preserve_relative_path","","535137","1fc2bc17e77c7ae7cbccc50e4402cf9ce83bd7314d76f085644ce68877ce8c2f","true","535137","d2bc66579790971a5a6512496cbc0478","image/png","false"
"nouns","skip_verified","/Users/Sean/Desktop/nouns-backup/nouns/programmer/programmer_2.png","nouns/programmer/programmer_2.png","preserve_relative_path","","1462848","065e8d811fa0a03610a8ec33fce6aec551482c8c05bec4c833315b87c684dd22","true","1462848","bb8b46821ea242ef30568441c735dc04","image/png","false"
"nouns","skip_verified","/Users/Sean/Desktop/nouns-backup/nouns/projector/projector_1.png","nouns/projector/projector_1.png","preserve_relative_path","","1009530","c899bcb0cf03f4086185e85315161d408dfb2ae72a12a8fa616531f9fb4b0ec1","true","1009530","b9a79cd138fda630da8ec8885a5b3892","image/png","false"
"nouns","skip_verified","/Users/Sean/Desktop/nouns-backup/nouns/projector/projector_2.png","nouns/projector/projector_2.png","preserve_relative_path","","1093005","87e7f665e2ffd5e6ac3f30f539ab212e23e17db358cfe29cb4291d460b9fde12","true","1093005","322d8ed12ef7327aef7cfd9162e66f35","image/png","false"
"nouns","skip_verified","/Users/Sean/Desktop/nouns-backup/nouns/projector/projector_3.png","nouns/projector/projector_3.png","preserve_relative_path","","1073303","61ea08b436b8ac17f0f8b4740e44add8ad25621b7019020da24a74931f85b8db","true","1073303","dd9ea4ddac2e35e1144d93bf0f4ee843","image/png","false"
"nouns","skip_verified","/Users/Sean/Desktop/nouns-backup/nouns/pumpkin/pumpkin_1.png","nouns/pumpkin/pumpkin_1.png","preserve_relative_path","","911346","5d273b1c3059dbacb987e0123b2e1c5a6693ad1d939cabbafa74926d1a8b33fd","true","911346","7ed5c2b5180deb39a66ca5203eb9fbaf","image/png","true"
"nouns","skip_verified","/Users/Sean/Desktop/nouns-backup/nouns/pumpkin/pumpkin_2.png","nouns/pumpkin/pumpkin_2.png","preserve_relative_path","","1073869","83c5ff20b800d8ae3a247013ca7c9f4cd472da1f89090827dc5f84393029ecae","true","1073869","1153f2ab418b6ddda4a74ca2fbb3cfdb","image/png","true"
"nouns","skip_verified","/Users/Sean/Desktop/nouns-backup/nouns/pumpkin/pumpkin_3.png","nouns/pumpkin/pumpkin_3.png","preserve_relative_path","","980473","893abe9051ba89d987a16865e318b41091a46b1be73318f87b32c1341b622bcf","true","980473","0dfbb9d394f9067ecb84d0c7bbc14ed6","image/png","true"
"nouns","skip_verified","/Users/Sean/Desktop/nouns-backup/nouns/puppet/puppet_1.png","nouns/puppet/puppet_1.png","preserve_relative_path","","1131903","5dc66fb5c332301843b0026df69ed2fee4315d61d1508b0a1c1c37b6848ea47d","true","1131903","219966fc756ca4f689e8a0b0b1601a40","image/png","false"
"nouns","skip_verified","/Users/Sean/Desktop/nouns-backup/nouns/puppet/puppet_2.png","nouns/puppet/puppet_2.png","preserve_relative_path","","1502041","f5b9dcce848d6357acfbcaa86b35edf62241bf09a143659d73b21e652bc8be3b","true","1502041","e241108ccc0285596c0fcbc0ae83ac24","image/png","false"
"nouns","skip_verified","/Users/Sean/Desktop/nouns-backup/nouns/puppet/puppet_3.png","nouns/puppet/puppet_3.png","preserve_relative_path","","2393009","8fc583a0a61efbc28d315defedcfdc89c9911339e3c6495be07e801b9e91846e","true","2393009","16f48fe11c72fa6b3088475130d10f99","image/png","false"
"nouns","skip_verified","/Users/Sean/Desktop/nouns-backup/nouns/puppy/puppy_1.png","nouns/puppy/puppy_1.png","preserve_relative_path","","1116019","9199fd05fbf79b0ecf0307f05b45e875d57f9faacfe0feecc31ccf74b65cd7dc","true","1116019","f8ede2533310154ee1a28739774d2d73","image/png","true"
"nouns","skip_verified","/Users/Sean/Desktop/nouns-backup/nouns/puppy/puppy_2.png","nouns/puppy/puppy_2.png","preserve_relative_path","","1121429","7c215b99b12bbf5ad74405d87ad8a5509e5167d29a1d7100f5fa78a91563a016","true","1121429","92265a9ca719b4d9119b68ed3f2e97b0","image/png","true"
"nouns","skip_verified","/Users/Sean/Desktop/nouns-backup/nouns/queen/queen_1.png","nouns/queen/queen_1.png","preserve_relative_path","","711526","d41e2059feedda312163fc32d553cb90d9f9093927d42d592e6edd733baa5786","true","711526","923cbfed6478ba2b71d7f3762c5ad9c9","image/png","false"
"nouns","skip_verified","/Users/Sean/Desktop/nouns-backup/nouns/queen/queen_2.png","nouns/queen/queen_2.png","preserve_relative_path","","1367748","0bbfb41a3d41cc96ffb8c154786b71f4683237a0a4dddb1358db05e6ceb7aa86","true","1367748","14162c8ba2e0d12adcfe4ad1f6d25b47","image/png","false"
"nouns","skip_verified","/Users/Sean/Desktop/nouns-backup/nouns/rabbit/rabbit_1.png","nouns/rabbit/rabbit_1.png","preserve_relative_path","","786357","8550b81e198ca8cb69a974ba20a9c90cfd7f01bf5c9f1d3d175d4e1f35607ed2","true","786357","e7e5a503287abfc162ce8e366362ea74","image/png","true"
"nouns","skip_verified","/Users/Sean/Desktop/nouns-backup/nouns/rabbit/rabbit_2.png","nouns/rabbit/rabbit_2.png","preserve_relative_path","","1266061","5fee6c973fe80af102bc36aeefad798ddf69db42f3a716a0726a5465a69951c2","true","1266061","8afc6233963988d4b3ed95169b309617","image/png","true"
"nouns","skip_verified","/Users/Sean/Desktop/nouns-backup/nouns/rainbow/rainbow_1.png","nouns/rainbow/rainbow_1.png","preserve_relative_path","","313229","8cf8b5f7a3039d44ef863c9a8fd26cbbdd6fa32a39d731bb62b3993f4f4f6e77","true","313229","61954af8a3f2dbac43f7ad9154f5c669","image/png","false"
"nouns","skip_verified","/Users/Sean/Desktop/nouns-backup/nouns/rainbow/rainbow_2.png","nouns/rainbow/rainbow_2.png","preserve_relative_path","","1881116","b8696c0e77211b6048705c35b8a0161a510436e19f0853d7354b93a3d5005f5d","true","1881116","6f2b4e6af35544d657f49a234da9fa77","image/png","false"
"nouns","skip_verified","/Users/Sean/Desktop/nouns-backup/nouns/raining/rainy_1.png","nouns/raining/rainy_1.png","preserve_relative_path","","815564","740ec9b4dce056a2b5317b61472b32de546418281de87f421f55c6641efffa54","true","815564","560515f33612f7ee5ec1e348f9adf562","image/png","false"
"nouns","skip_verified","/Users/Sean/Desktop/nouns-backup/nouns/raining/rainy_2.png","nouns/raining/rainy_2.png","preserve_relative_path","","2478823","99aea3477784e9f5382b0b5cab2aee0b6b09e9577d17db658d79cc05f08517ee","true","2478823","f0de1e678474c3d303b50116d3a3cde5","image/png","false"
"nouns","skip_verified","/Users/Sean/Desktop/nouns-backup/nouns/ramadan/ramadan_1.png","nouns/ramadan/ramadan_1.png","preserve_relative_path","","904262","e61ce50e685297ca8cf5b3c232e5e5cf24bb11a83cdb8ce3758f04e52711f611","true","904262","5149dc8e7bdfb016033195447e75b43a","image/png","false"
"nouns","skip_verified","/Users/Sean/Desktop/nouns-backup/nouns/ramadan/ramadan_2.png","nouns/ramadan/ramadan_2.png","preserve_relative_path","","1518179","e2b689e0803c2932c8713847e65dad56de8111646b10b49484b1443311c23294","true","1518179","e613c52ff5773118b4390caedf26987e","image/png","false"
"nouns","skip_verified","/Users/Sean/Desktop/nouns-backup/nouns/ramen/ramen_1.png","nouns/ramen/ramen_1.png","preserve_relative_path","","998607","66eef95d00f15f1273d7c60fb4ce39fc3f9a567d1135d15288cb10aa5ac05d72","true","998607","1dfcd1617a94819eb8b9d62c2d0357db","image/png","false"
"nouns","skip_verified","/Users/Sean/Desktop/nouns-backup/nouns/ramen/ramen_2.png","nouns/ramen/ramen_2.png","preserve_relative_path","","1204196","b83211e30406d06fef923628e53a865e6bb8848334c0c566dbe2d279a47a647d","true","1204196","d43a69c58895ab00566c8de74d9684b9","image/png","false"
"nouns","skip_verified","/Users/Sean/Desktop/nouns-backup/nouns/rash/rash_1.png","nouns/rash/rash_1.png","preserve_relative_path","","1130276","ad974d607d913828584be22df84a556c93673c7e83a0edfab34b4f11372103d8","true","1130276","241304d4df8bb1d4b8c2e9e27bd3b959","image/png","false"
"nouns","skip_verified","/Users/Sean/Desktop/nouns-backup/nouns/rash/rash_2.png","nouns/rash/rash_2.png","preserve_relative_path","","858872","caaceb584390403c02109e60d4b46efb4dc752a881c8e6028767d9e8ed92ea3c","true","858872","622cfec3319dd8c8abcaf57a5b9739cf","image/png","false"
"nouns","skip_verified","/Users/Sean/Desktop/nouns-backup/nouns/rat/rat_1.png","nouns/rat/rat_1.png","preserve_relative_path","","973330","a0ea354128aadac1d110ee9e019736cfb844c9133d7343c106bed340ceaa3226","true","973330","920dd243ac64594464ea95c3eeb37bc2","image/png","true"
"nouns","skip_verified","/Users/Sean/Desktop/nouns-backup/nouns/rat/rat_2.png","nouns/rat/rat_2.png","preserve_relative_path","","872509","925459c270cbc25045961a3e4634650ec43a00ada63710b7ff24b36bd1e94ebb","true","872509","1a39f5843a8c427f62d288b5c00c786c","image/png","true"
"nouns","skip_verified","/Users/Sean/Desktop/nouns-backup/nouns/refrigerator/refrigerator_1.png","nouns/refrigerator/refrigerator_1.png","preserve_relative_path","","705970","a2e5f19a5c86c9c7d3404cc0ffce3c7205b85bd833b3b69434e15ea4dcf8e3e6","true","705970","cee48a6e5166d26182a844b73c1dbcaa","image/png","false"
"nouns","skip_verified","/Users/Sean/Desktop/nouns-backup/nouns/refrigerator/refrigerator_2.png","nouns/refrigerator/refrigerator_2.png","preserve_relative_path","","1154671","fe76a24b3039dc1271ed993e2dd58bbcfdb47dedf2e1ac934c4991099829a50f","true","1154671","b63a5624a79246fa236989cf58ffa44c","image/png","false"
"nouns","skip_verified","/Users/Sean/Desktop/nouns-backup/nouns/restaurant/restaurant_1.png","nouns/restaurant/restaurant_1.png","preserve_relative_path","","1909518","89444528cb28b97858e897b4c7bd5542bb72c5a55a84657461ebae473bddf90f","true","1909518","7d30f73657833d4db7b31c138a011c1d","image/png","false"
"nouns","skip_verified","/Users/Sean/Desktop/nouns-backup/nouns/restaurant/restaurant_2.png","nouns/restaurant/restaurant_2.png","preserve_relative_path","","2258532","2529202ef100aa188d4fa20a03870a74e1b64c6dbf306111af86472880e52899","true","2258532","a7afa14f000149a74b346979a308055a","image/png","false"
"nouns","skip_verified","/Users/Sean/Desktop/nouns-backup/nouns/restaurant/restaurant_3.png","nouns/restaurant/restaurant_3.png","preserve_relative_path","","2298030","af240c54c0ff0a24711787af33f2fee2d63777eeeb5bddcb8ebe68114201b515","true","2298030","1bc565ef001f3301947576ae9a637457","image/png","false"
"nouns","skip_verified","/Users/Sean/Desktop/nouns-backup/nouns/rhino/rhino_1.png","nouns/rhino/rhino_1.png","preserve_relative_path","","1012100","b68430d5c1e3f865eaca4d09189a45f1427c73e3b0d46e59ee91ef31e7d17f30","true","1012100","0b40642073b4e2467dd39dbda1c7799f","image/png","true"
"nouns","skip_verified","/Users/Sean/Desktop/nouns-backup/nouns/rhino/rhino_2.png","nouns/rhino/rhino_2.png","preserve_relative_path","","1385122","c6c662f937893f0713550c14eb1d5755a73072cf34c915fc00a0e48b9011c41f","true","1385122","81d2b7fbb96518ee20bc79aa9bdc0380","image/png","true"
"nouns","skip_verified","/Users/Sean/Desktop/nouns-backup/nouns/rice_cooker/rice_cooker_1.png","nouns/rice_cooker/rice_cooker_1.png","preserve_relative_path","","859952","19abfe26205a1550029b070639756e7f72a3cb827d356aa2227421d125c5568d","true","859952","02cdac6128a422e4d928b5699d3ffbe8","image/png","false"
"nouns","skip_verified","/Users/Sean/Desktop/nouns-backup/nouns/rice_cooker/rice_cooker_2.png","nouns/rice_cooker/rice_cooker_2.png","preserve_relative_path","","807905","77d476677a6544de7b10f34f048fc786fb240379819150f31906c54d61a67e06","true","807905","766b3f949beadaceb82fa82dc6bb5499","image/png","false"
"nouns","skip_verified","/Users/Sean/Desktop/nouns-backup/nouns/rice_cooker/rice_cooker_3.png","nouns/rice_cooker/rice_cooker_3.png","preserve_relative_path","","2069805","1dfc4f4eb89462382365008a0c4d4bc77835ea8b300ea8881f70801e48efb0c7","true","2069805","2ee7b945b9247620c59e9fc350c56d60","image/png","false"
"nouns","skip_verified","/Users/Sean/Desktop/nouns-backup/nouns/rice/rice_1.png","nouns/rice/rice_1.png","preserve_relative_path","","790726","dcf0e6c7d16fd9a783c903e8c39ee05916b0418e21803c382c410829e8ea6416","true","790726","02b3134c736df7d21c0d8097ae9264e3","image/png","false"
"nouns","skip_verified","/Users/Sean/Desktop/nouns-backup/nouns/rice/rice_2.png","nouns/rice/rice_2.png","preserve_relative_path","","906299","eb6e801e477b42fb7fea9b382d0015a1300971a2e6dd377376555b256a2a9487","true","906299","3ce3fbf6869c7ff0d7072a5831a871fc","image/png","false"
"nouns","skip_verified","/Users/Sean/Desktop/nouns-backup/nouns/river_nature/river_nature_1.png","nouns/river_nature/river_nature_1.png","preserve_relative_path","","1497925","f72db410fa65499f1540d60590004338551858570d7993f85532495cde5434ca","true","1497925","00efa28d02f16f6421a189cae4fffb89","image/png","false"
"nouns","skip_verified","/Users/Sean/Desktop/nouns-backup/nouns/river_nature/river_nature_2.png","nouns/river_nature/river_nature_2.png","preserve_relative_path","","1850330","edde250f49c3ffcc583a8e5a9f8f48edb2e2394c6b9ed063206d506dfc2854c8","true","1850330","54899133b8c0b66ca88d559a4dcee619","image/png","false"
"nouns","skip_verified","/Users/Sean/Desktop/nouns-backup/nouns/river_place/river_1.png","nouns/river_place/river_1.png","preserve_relative_path","","2196430","d71ccec7f114a24027f7f67309948f5a470dd396aee6a395b9ec95517b494fe5","true","2196430","b1a4e60959eca959ef8112cf39d287e1","image/png","false"
"nouns","skip_verified","/Users/Sean/Desktop/nouns-backup/nouns/river_place/river_2.png","nouns/river_place/river_2.png","preserve_relative_path","","1770398","338f7e1af0c2a057851cb459f09873a4cea3d5bc500904d6e5d6f7d56fcc6c95","true","1770398","364f4434a6d750ed090b6b4e5b47752e","image/png","false"
"nouns","skip_verified","/Users/Sean/Desktop/nouns-backup/nouns/river_place/river_3.png","nouns/river_place/river_3.png","preserve_relative_path","","2810294","89919ade7dbc8d1be796ba5794589ef4df53ad9bbac6a736846d5eba65bb9118","true","2810294","55b94e81082cdfbf6c18c1463599d225","image/png","false"
"nouns","skip_verified","/Users/Sean/Desktop/nouns-backup/nouns/robot/robot_1.png","nouns/robot/robot_1.png","preserve_relative_path","","827692","c9c564b2d5f136067da3ef3671b6a51fac6385df9a532062f305dc09b732003f","true","827692","063dd18365f41736d3516898dab4849c","image/png","false"
"nouns","skip_verified","/Users/Sean/Desktop/nouns-backup/nouns/robot/robot_2.png","nouns/robot/robot_2.png","preserve_relative_path","","1262876","160d959b57268f42c8a71281299b100d8d707260760dff0fc36025d394085210","true","1262876","df751cb7ec9ae763f1c570e2be5de9c6","image/png","false"
"nouns","skip_verified","/Users/Sean/Desktop/nouns-backup/nouns/robot/robot_3.png","nouns/robot/robot_3.png","preserve_relative_path","","2324774","5ec561e26253121d5e450b139ed8fa94e63c53275c44907d653d6c6dae8fcfee","true","2324774","1a2fd3afa75c915cca2ff4a92651667f","image/png","false"
"nouns","skip_verified","/Users/Sean/Desktop/nouns-backup/nouns/rock/rock_1.png","nouns/rock/rock_1.png","preserve_relative_path","","899447","fc301e52aa743cafe526399eede7dd7a66c9f59ad2864be256bdd245da3d3320","true","899447","d11209ff27a05418db949e0beeb14893","image/png","false"
"nouns","skip_verified","/Users/Sean/Desktop/nouns-backup/nouns/rock/rock_2.png","nouns/rock/rock_2.png","preserve_relative_path","","1322757","18488afbf13b3ca0ca1e6516e2c1683ba9794ae9841d6a2753775d9e70dbb106","true","1322757","4ec7c876d96001237e43ca0d42eed6d8","image/png","false"
"nouns","skip_verified","/Users/Sean/Desktop/nouns-backup/nouns/rug/rug_1.png","nouns/rug/rug_1.png","preserve_relative_path","","1520678","d3cc8f638a3e5e4e0534ffbc33493f7dfbbcbead80161e4117b3f2ff64c1bcfe","true","1520678","d2888c0b3ef7e67105ed6adaec23b2a2","image/png","false"
"nouns","skip_verified","/Users/Sean/Desktop/nouns-backup/nouns/rug/rug_2.png","nouns/rug/rug_2.png","preserve_relative_path","","811374","8deefc50988039662e365cc66d96914a1e0cea59732100801ad66f05f09b2fe4","true","811374","d9798798c14eae5e5ed064b48874d64f","image/png","false"
"nouns","skip_verified","/Users/Sean/Desktop/nouns-backup/nouns/rugby/rugby_1.png","nouns/rugby/rugby_1.png","preserve_relative_path","","1193580","fdd369ab7e848085be123d9a5e5a9bb01fd1686fa6ca9877187ecd29476a1298","true","1193580","5fd62269581dadd2196fc1f7b0a1db2c","image/png","false"
"nouns","skip_verified","/Users/Sean/Desktop/nouns-backup/nouns/rugby/rugby_2.png","nouns/rugby/rugby_2.png","preserve_relative_path","","1883943","f512ed28c76f3563dcc5aa50e7743b329a55c664a385a118ed583b49eccce5f4","true","1883943","8b71a9ae62880f5a6ed6b46ee83ca48f","image/png","false"
"nouns","skip_verified","/Users/Sean/Desktop/nouns-backup/nouns/rugby/rugby_3.png","nouns/rugby/rugby_3.png","preserve_relative_path","","2482836","355cb17a5129c46d8e665ee5dc8506d575402482ab7e770b7eee0c0f9ef74f87","true","2482836","747da79e148611b2c93544f3a2f7ed10","image/png","false"
"nouns","skip_verified","/Users/Sean/Desktop/nouns-backup/nouns/ruler/ruler_1.png","nouns/ruler/ruler_1.png","preserve_relative_path","","453499","d1baddb46ea5a86ec380a655822981370d54777a63763d22b51ea9042bf8a4f6","true","453499","954b799f9d050f30e1f707cb90286514","image/png","false"
"nouns","skip_verified","/Users/Sean/Desktop/nouns-backup/nouns/ruler/ruler_2.png","nouns/ruler/ruler_2.png","preserve_relative_path","","1020107","6c7b2a91af7c3b7120500028676628e85e1d3d9e7109224f5583103973bc0c41","true","1020107","7d4b7eed83684c7ecd98efd9d0cfc7c8","image/png","false"
"nouns","skip_verified","/Users/Sean/Desktop/nouns-backup/nouns/ruler/ruler_3.png","nouns/ruler/ruler_3.png","preserve_relative_path","","1049748","9bb60863a46f3d43f38b35a2b9738853cef5254fb0f686cabf93166f7a8c3b4c","true","1049748","89b3682ec11c1ec4ce06fef34057b327","image/png","false"
"nouns","skip_verified","/Users/Sean/Desktop/nouns-backup/nouns/runny_nose/runny_nose_1.png","nouns/runny_nose/runny_nose_1.png","preserve_relative_path","","808554","c0ec62de490e9c04c89c2e079c9fe5848ca41e576acfcb928410d044699ea2ec","true","808554","68a6e7bacd74b23d54cd1be1219da38f","image/png","false"
"nouns","skip_verified","/Users/Sean/Desktop/nouns-backup/nouns/runny_nose/runny_nose_2.png","nouns/runny_nose/runny_nose_2.png","preserve_relative_path","","779829","026f6297fdcb756155264df10e94f5444854239e9a95cce9e7b49f21aca702e0","true","779829","b1d18c59f9e61640b1c7a39a90ca389e","image/png","false"
"nouns","skip_verified","/Users/Sean/Desktop/nouns-backup/nouns/salad/salad_1.png","nouns/salad/salad_1.png","preserve_relative_path","","1069471","39f3736c3d57c350dd48d639168200993a4fac638b9d011d6f29c5083ea7bf63","true","1069471","b04d27f342ddc03f84bc6080948bf1d7","image/png","false"
"nouns","skip_verified","/Users/Sean/Desktop/nouns-backup/nouns/salad/salad_2.png","nouns/salad/salad_2.png","preserve_relative_path","","1223862","5d1e4583277dd9d802b80b8cd204586ba068276d81ba19738a85d37cca600ea8","true","1223862","7303996027c6b28bd5d60880e408be41","image/png","false"
"nouns","skip_verified","/Users/Sean/Desktop/nouns-backup/nouns/sandwich/sandwich_1.png","nouns/sandwich/sandwich_1.png","preserve_relative_path","","1093772","877b2026a0c99195076ef29cdcb84050fa80b845255214eeafc0c377412fe930","true","1093772","f836f2d7d38954e803b864efd45cc874","image/png","false"
"nouns","skip_verified","/Users/Sean/Desktop/nouns-backup/nouns/sandwich/sandwich_2.png","nouns/sandwich/sandwich_2.png","preserve_relative_path","","2124275","887942422218c8ed198ba81d7672137d3985c0ff39791aa0d378dfa39a8dcd6f","true","2124275","c6d6043bd2fcc133ac856c62ece03529","image/png","false"
"nouns","skip_verified","/Users/Sean/Desktop/nouns-backup/nouns/saturday/saturday_1.png","nouns/saturday/saturday_1.png","preserve_relative_path","","748151","bdda1c46d83b5a86fa6901738829b023cd033565c3ff39037a4a45d038a5258f","true","748151","2f28e8b7add90b9d70ccf2666da9e9ef","image/png","false"
"nouns","skip_verified","/Users/Sean/Desktop/nouns-backup/nouns/scarf/scarf_1.png","nouns/scarf/scarf_1.png","preserve_relative_path","","811148","b26f2b381860f0de4f462d8701ec55b06af09000efa5270a1f970aded78e826f","true","811148","1265a7a212afce9149ced14e6c7d3791","image/png","false"
"nouns","skip_verified","/Users/Sean/Desktop/nouns-backup/nouns/scarf/scarf_2.png","nouns/scarf/scarf_2.png","preserve_relative_path","","1347655","45b1251f540a15ed0c9d2f6ee06518f46ec1c33d901131bb5ff1ee7936a09395","true","1347655","688d5d7459a3bdfee0c91e20217d70dc","image/png","false"
"nouns","skip_verified","/Users/Sean/Desktop/nouns-backup/nouns/school_bag/school_bag_1.png","nouns/school_bag/school_bag_1.png","preserve_relative_path","","1238864","f26ffb2fe5884a1c05de48109726dd7edd0cc6b84c6b05a6621048ff9da14536","true","1238864","324b4d416d725b2301cd0f6ebfdd763d","image/png","false"
"nouns","skip_verified","/Users/Sean/Desktop/nouns-backup/nouns/school_bag/school_bag_2.png","nouns/school_bag/school_bag_2.png","preserve_relative_path","","1352378","434049ff909b825e2c7d3fdd239e6b2f9848e0a5b7a58f0df40c6e537ba86645","true","1352378","62a32c25b388abdefcfd88c1da4035a5","image/png","false"
"nouns","skip_verified","/Users/Sean/Desktop/nouns-backup/nouns/school_bag/school_bag_3.png","nouns/school_bag/school_bag_3.png","preserve_relative_path","","1199079","6a5177574d6e36d165febeda164648a494274ba259fbad6d93f2498e1a147b2d","true","1199079","caeb216b6ff3afc2730f0dce7234dc03","image/png","false"
"nouns","skip_verified","/Users/Sean/Desktop/nouns-backup/nouns/school_uniform/school_uniform_1.png","nouns/school_uniform/school_uniform_1.png","preserve_relative_path","","1028900","2d51c02277541acf92a92609551013850cf440a82dc8aecafc3e2d05c8354fb4","true","1028900","7ab844481d8560c71512d2d1fdacb937","image/png","false"
"nouns","skip_verified","/Users/Sean/Desktop/nouns-backup/nouns/school_uniform/school_uniform_2.png","nouns/school_uniform/school_uniform_2.png","preserve_relative_path","","961393","859251cfda0014f406025e626be59a826125a750445bb424820c06c44636ab0e","true","961393","a9144cca2b22ff9936c33f55ea1860ab","image/png","false"
"nouns","skip_verified","/Users/Sean/Desktop/nouns-backup/nouns/school/school_1.png","nouns/school/school_1.png","preserve_relative_path","","1606482","4bcbd4d2ab7737c515995925cc0ae062534a4fd1dc70bbfe89776e384828f200","true","1606482","b36365e8400e3be8d657b5dab7dc0f2b","image/png","false"
"nouns","skip_verified","/Users/Sean/Desktop/nouns-backup/nouns/school/school_2.png","nouns/school/school_2.png","preserve_relative_path","","2220889","bd62dbc3ae08b82493094faad07d7c6fa6b5e4a1dbd9db6c012d60b4a45059d9","true","2220889","327d7ef3e88cc8f3b47e87aca8f93630","image/png","false"
"nouns","skip_verified","/Users/Sean/Desktop/nouns-backup/nouns/school/school_3.png","nouns/school/school_3.png","preserve_relative_path","","2237895","4709e2977e04b371fd4dba8955ceb33f41b53c6acd4a943d7b0502fcd63c1d6a","true","2237895","ffd9a19b592f2085075e2304280bfd2b","image/png","false"
"nouns","skip_verified","/Users/Sean/Desktop/nouns-backup/nouns/science/science_1.png","nouns/science/science_1.png","preserve_relative_path","","2312969","c30c2e4f3da131e8cd00057fe35a2f343174aead36ed73d14f6f97e3ad27f570","true","2312969","5efb967f7d96688b613ab4921e4ca91c","image/png","false"
"nouns","skip_verified","/Users/Sean/Desktop/nouns-backup/nouns/science/science_2.png","nouns/science/science_2.png","preserve_relative_path","","3232758","4087b5ed007f71ba839725434c62005f97f127a0accd7a81f464f7299c1cd603","true","3232758","ad12916b63c36703ad3bd657178ff05c","image/png","false"
"nouns","skip_verified","/Users/Sean/Desktop/nouns-backup/nouns/science/science_3.png","nouns/science/science_3.png","preserve_relative_path","","2746421","3eb30dc2c755ab0d6feee391a06a12c73fc4484297925474997f1adc387c7936","true","2746421","17e38fa11811e89bbc2c34c00b6d6772","image/png","false"
"nouns","skip_verified","/Users/Sean/Desktop/nouns-backup/nouns/scientist/scientist_1.png","nouns/scientist/scientist_1.png","preserve_relative_path","","659122","ddeec93e7d463d84361113f6a32ea79ec27ee4186ece1501eb380d0cf75936de","true","659122","97004027fd0765c5c4027ed4e8f82330","image/png","false"
"nouns","skip_verified","/Users/Sean/Desktop/nouns-backup/nouns/scientist/scientist_2.png","nouns/scientist/scientist_2.png","preserve_relative_path","","1271179","3940de5735988131544d63dde3ca478c71ad9c30b054846564f170742f635e5d","true","1271179","308af0d481e12a4836971e0dc57b725e","image/png","false"
"nouns","skip_verified","/Users/Sean/Desktop/nouns-backup/nouns/scissors_utensils/scissors_1.png","nouns/scissors_utensils/scissors_1.png","preserve_relative_path","","494889","fda54ad98669b80ded14272c46be88b09298cd33a673348f82fe1bc8db5bbeb6","true","494889","43386bff7c4204ae0a1b9871120a7973","image/png","false"
"nouns","skip_verified","/Users/Sean/Desktop/nouns-backup/nouns/scissors_utensils/scissors_2.png","nouns/scissors_utensils/scissors_2.png","preserve_relative_path","","731946","86b8c1e793d6a1db30a60134499e8ff8a2171e85a14acbf9b8040d1b0d24ae41","true","731946","7db72a35d581762f5c6501221a0207ff","image/png","false"
"nouns","skip_verified","/Users/Sean/Desktop/nouns-backup/nouns/scissors_utensils/scissors_3.png","nouns/scissors_utensils/scissors_3.png","preserve_relative_path","","1760053","662e0fe4e496ad338702ec2f4ddb680c509abfd0dbd8fde030fddbbbb09d23e7","true","1760053","e1b0f77ce1f23471d6ce9dee5d69a52b","image/png","false"
"nouns","skip_verified","/Users/Sean/Desktop/nouns-backup/nouns/scissors/scissors_1.png","nouns/scissors/scissors_1.png","preserve_relative_path","","628141","c763e3b6fcf711cb55405f18e4d41817ea095324f2773c26f87b4b937123889b","true","628141","35640c6bdcd629f7080371f366e33a8d","image/png","false"
"nouns","skip_verified","/Users/Sean/Desktop/nouns-backup/nouns/scissors/scissors_2.png","nouns/scissors/scissors_2.png","preserve_relative_path","","937169","7256c034658ce4da02e1fac4c7dc66deadc8af6725404f220c5aa737196e3888","true","937169","f366770d755ad805c27d27851c19bad8","image/png","false"
"nouns","skip_verified","/Users/Sean/Desktop/nouns-backup/nouns/scissors/scissors_3.png","nouns/scissors/scissors_3.png","preserve_relative_path","","1066360","623ffc6a97159185650452d20982225449c2d6aaada2c2d91c0df5da512c5507","true","1066360","ea80e66ba6ca22dbc6e5127c034414c3","image/png","false"
"nouns","skip_verified","/Users/Sean/Desktop/nouns-backup/nouns/scooter/scooter_1.png","nouns/scooter/scooter_1.png","preserve_relative_path","","1384871","d486079b0451468efaac213b04b75d289b81a1da3c48541220aae7598a620ee2","true","1384871","cf061da95ce5ff6e5d4e7288b8b6f8ca","image/png","false"
"nouns","skip_verified","/Users/Sean/Desktop/nouns-backup/nouns/scooter/scooter_2.png","nouns/scooter/scooter_2.png","preserve_relative_path","","958102","13ece3a7e70fade5f31dd5a99f2a1db08d4137c74e61bc59ed57869c7810b8ab","true","958102","bfaedb7af7cccba2b5a6575dc20f010f","image/png","false"
"nouns","skip_verified","/Users/Sean/Desktop/nouns-backup/nouns/scooter/scooter_3.png","nouns/scooter/scooter_3.png","preserve_relative_path","","1556576","c41572d0dd47884808b7de39dcb6f3c4488d687df040f82ffdf8cce8d3e74ded","true","1556576","f2bc1678707092cb929606696586c07e","image/png","false"
"nouns","skip_verified","/Users/Sean/Desktop/nouns-backup/nouns/scrambled_egg/scrambled_egg_1.png","nouns/scrambled_egg/scrambled_egg_1.png","preserve_relative_path","","1780899","36182c848c21772faf1f65d74b688445834c8ac2cf3edfb2f14bbad782beb3fd","true","1780899","c56b016966f92d35ef53e8c6d26a7e7b","image/png","false"
"nouns","skip_verified","/Users/Sean/Desktop/nouns-backup/nouns/scrambled_egg/scrambled_egg_2.png","nouns/scrambled_egg/scrambled_egg_2.png","preserve_relative_path","","3011540","872d24300876bad613530b15838adb1433d89745327d2f65caa734ca8ac4d1a9","true","3011540","0e2af4cb3f43bc5be0ce127aa2b7300e","image/png","false"
"nouns","skip_verified","/Users/Sean/Desktop/nouns-backup/nouns/seahorse/seahorse_1.png","nouns/seahorse/seahorse_1.png","preserve_relative_path","","712862","d1ab635897ef4fb98608979955435a401b7012c7b4848ca2889f6e02ce03fd58","true","712862","7661506f4c3ab6874b616f5fb449b16f","image/png","false"
"nouns","skip_verified","/Users/Sean/Desktop/nouns-backup/nouns/seahorse/seahorse_2.png","nouns/seahorse/seahorse_2.png","preserve_relative_path","","1217845","ee6757497c4175096c4d25eec931c446393eab5d47be8042b82f8f1282a14ab9","true","1217845","446e1d08af0be82efddd9d6775dc3155","image/png","false"
"nouns","skip_verified","/Users/Sean/Desktop/nouns-backup/nouns/seal/seal_1.png","nouns/seal/seal_1.png","preserve_relative_path","","815536","f03ec3643f3c9bf0ea9047db3e8a53fdb11ddf2e96a10a97b0ca7eb37ade53b8","true","815536","c079dc79d31f4db8f55f897cf89b600a","image/png","false"
"nouns","skip_verified","/Users/Sean/Desktop/nouns-backup/nouns/seal/seal_2.png","nouns/seal/seal_2.png","preserve_relative_path","","1271579","0e85f0def12d58565c22dd9a4fc9f402c214ae311e924c5bf9972c7d0e141949","true","1271579","574471c992d79188d77acd6971e8fec2","image/png","false"
"nouns","skip_verified","/Users/Sean/Desktop/nouns-backup/nouns/seashell/seashell_1.png","nouns/seashell/seashell_1.png","preserve_relative_path","","870676","6d6fe5446ee0effd945774ccd57709c64c0c00103c0c9b943cf842ac0edc602f","true","870676","67c98520f47309dc96be1fb4f14f2b45","image/png","false"
"nouns","skip_verified","/Users/Sean/Desktop/nouns-backup/nouns/seashell/seashell_2_v2.png","nouns/seashell/seashell_2_v2.png","preserve_relative_path","","1100008","10b0ac0c2a96a6914a58ebf7a455970bf3005a4e7c6f8ca09be27307a9ec183c","true","1100008","2d3bd218abba1320edafd0efe93ce10c","image/png","false"
"nouns","skip_verified","/Users/Sean/Desktop/nouns-backup/nouns/seashell/seashell_2.png","nouns/seashell/seashell_2.png","preserve_relative_path","","1100008","10b0ac0c2a96a6914a58ebf7a455970bf3005a4e7c6f8ca09be27307a9ec183c","true","1100008","2d3bd218abba1320edafd0efe93ce10c","image/png","false"
"nouns","skip_verified","/Users/Sean/Desktop/nouns-backup/nouns/september/september_1.png","nouns/september/september_1.png","preserve_relative_path","","1267878","f4593de4faef40764d40a559960320beb72b4966b7e88c5fd3c2b49c0c24e0f1","true","1267878","a6b03453afb625a88601cfb63ebf3533","image/png","false"
"nouns","skip_verified","/Users/Sean/Desktop/nouns-backup/nouns/seven_oclock/seven_oclock_1.png","nouns/seven_oclock/seven_oclock_1.png","preserve_relative_path","","25529","c789962a1594475f90e82dd57b6d0a66118c30976d0dfbb2d10260312bef1421","true","25529","0c544af1c3d06d555148079f9cf3c8fd","image/png","false"
"nouns","skip_verified","/Users/Sean/Desktop/nouns-backup/nouns/seven_oclock/seven_oclock_2.png","nouns/seven_oclock/seven_oclock_2.png","preserve_relative_path","","2500908","ab07fdb4b73c1fcef87c5afed0b8485851848cdc9e250a0684525e8a6f2ce3e2","true","2500908","3082583d5de8857d26b10b10350c958c","image/png","false"
"nouns","skip_verified","/Users/Sean/Desktop/nouns-backup/nouns/seven_oclock/seven_oclock_3.png","nouns/seven_oclock/seven_oclock_3.png","preserve_relative_path","","22733","c8fcff8dc4a5c0f37e45becb9bd61349f6d6d0bfeeef62eb1c708edecb851d45","true","22733","a8c48b1bddaf389b8bbaee0f7f5aba1e","image/png","false"
"nouns","skip_verified","/Users/Sean/Desktop/nouns-backup/nouns/seven/seven_1.png","nouns/seven/seven_1.png","preserve_relative_path","","545227","baa56cb88de4eea8c2abaf6721de4aa6bf68f79e3b370cd34ea010844bbfa17d","true","545227","57dd81a9062a9aba89c6aba660084f7d","image/png","false"
"nouns","skip_verified","/Users/Sean/Desktop/nouns-backup/nouns/seventeen/seventeen_1.png","nouns/seventeen/seventeen_1.png","preserve_relative_path","","566522","eb9e72ed9f3a6a694e601b982273333e6bea70a0d41614a135d7797967aa4fb6","true","566522","5777ebe109f52056c0e8c33976fed2ac","image/png","false"
"nouns","skip_verified","/Users/Sean/Desktop/nouns-backup/nouns/seventy/seventy_1.png","nouns/seventy/seventy_1.png","preserve_relative_path","","652854","75cefc41b0030713733d7ffc1ddb692fb887df218674f50575eb79b0cb1c9dfa","true","652854","f0f9740653cd4313e60123a4d2796ed3","image/png","false"
"nouns","skip_verified","/Users/Sean/Desktop/nouns-backup/nouns/shark/shark_1.png","nouns/shark/shark_1.png","preserve_relative_path","","902794","e9c82be3832080b35145d051ae78ddddc1ca81fd045312d265364c4776922f81","true","902794","645901be664993de6897ea1006a91eb0","image/png","false"
"nouns","skip_verified","/Users/Sean/Desktop/nouns-backup/nouns/shark/shark_2.png","nouns/shark/shark_2.png","preserve_relative_path","","1047754","bcebd72f56ef5f8e1e590aef1e34b1a1535922ad19a8e583dcc0cae464de256e","true","1047754","a5993d67717e6a2a081f61ae8ae5d984","image/png","false"
"nouns","skip_verified","/Users/Sean/Desktop/nouns-backup/nouns/sheep/sheep_1.png","nouns/sheep/sheep_1.png","preserve_relative_path","","904659","3a351e4a06ebd8cb89a366e0f3e5d68722e9b122df0639f293eb82d62c3990b4","true","904659","7575bddfd1d57660c4ab74dede098025","image/png","true"
"nouns","skip_verified","/Users/Sean/Desktop/nouns-backup/nouns/sheep/sheep_2.png","nouns/sheep/sheep_2.png","preserve_relative_path","","1203548","cead976832f7fe3bb383bb6e5fa581c28b71618b0acfaae3c1a67708180ffc65","true","1203548","c2a965de115589c00fda806402cc50ee","image/png","true"
"nouns","skip_verified","/Users/Sean/Desktop/nouns-backup/nouns/shelf/shelf_1.png","nouns/shelf/shelf_1.png","preserve_relative_path","","964366","ff511b59795cc76c790581a93092f9bbf4f1d565f5ff4af6db8b99e4b0c2000f","true","964366","613eade35876116d40f6f373b92223a7","image/png","false"
"nouns","skip_verified","/Users/Sean/Desktop/nouns-backup/nouns/shelf/shelf_2.png","nouns/shelf/shelf_2.png","preserve_relative_path","","1165976","167b7e65896c49b848dcf9afd9118c11516d8d2bafd1dcf57622fd9d524b3838","true","1165976","62e5b0384ef644d7d6a7801f9a623e8c","image/png","false"
"nouns","skip_verified","/Users/Sean/Desktop/nouns-backup/nouns/shirt/shirt_1.png","nouns/shirt/shirt_1.png","preserve_relative_path","","871301","b27e905d4aae827effa9b958e585f92cacde8ba74faec8d66adb1e02e00d90fa","true","871301","34eb881a20361891a9e2ccbdb092ed47","image/png","false"
"nouns","skip_verified","/Users/Sean/Desktop/nouns-backup/nouns/shirt/shirt_2.png","nouns/shirt/shirt_2.png","preserve_relative_path","","1074936","1767f038c12f9fc43d15a37bf2b02b79c19108e003d7f8963957bb47798948dc","true","1074936","d33646b250c395a9c181a1d0857e35db","image/png","false"
"nouns","skip_verified","/Users/Sean/Desktop/nouns-backup/nouns/shoe_store/shoe_store_1.png","nouns/shoe_store/shoe_store_1.png","preserve_relative_path","","1933816","117ad248ccbbfb0f3749f810a18df20f85f119f2385090245a4da5ea20356b79","true","1933816","1479d86133f6dcfe222b584fc8e9055b","image/png","false"
"nouns","skip_verified","/Users/Sean/Desktop/nouns-backup/nouns/shoe_store/shoe_store_2.png","nouns/shoe_store/shoe_store_2.png","preserve_relative_path","","1295436","cfea5b9a4ee2fd71b70a9536d8a3341741a97fb9fce67607d0ee7007a7be45a3","true","1295436","181768373ce456cf9206cfd5217b84bc","image/png","false"
"nouns","skip_verified","/Users/Sean/Desktop/nouns-backup/nouns/shoe_store/shoe_store_3.png","nouns/shoe_store/shoe_store_3.png","preserve_relative_path","","3187755","010c2f5856fb6bd9ae40e5d0501582366c19b62303e370a4671e0ce003909028","true","3187755","68dc8d4e0d4b8a6d09474a668a88313e","image/png","false"
"nouns","skip_verified","/Users/Sean/Desktop/nouns-backup/nouns/shoes/shoes_1.png","nouns/shoes/shoes_1.png","preserve_relative_path","","913171","58b21bc739b927320b359c199e0f88ba9da1646ae1b222b498c9763d1a3a7309","true","913171","faab484513d437dc557ed4bbd82a566f","image/png","false"
"nouns","skip_verified","/Users/Sean/Desktop/nouns-backup/nouns/shoes/shoes_2.png","nouns/shoes/shoes_2.png","preserve_relative_path","","1185858","b992c76bd2e1d8d0fa430aea4af0eb8105e3328e9819f29cf416b46d45a6bb3d","true","1185858","53d4c30fae9884a6d5589c916ad201ed","image/png","false"
"nouns","skip_verified","/Users/Sean/Desktop/nouns-backup/nouns/shopping_center/shopping_center_1.png","nouns/shopping_center/shopping_center_1.png","preserve_relative_path","","1941300","cb72d08194f8df736d6df2a1a64ed3129d7d7ca64e6e890bc42c1744d065a188","true","1941300","2e310e8b310a83c89477e78bbd05c75d","image/png","false"
"nouns","skip_verified","/Users/Sean/Desktop/nouns-backup/nouns/shopping_center/shopping_center_2.png","nouns/shopping_center/shopping_center_2.png","preserve_relative_path","","1999827","c726134814be39ba27711ba0c735417c49c4783d7bfccf074c577b9f7574749d","true","1999827","de77152a479bbab36be53afca8d72630","image/png","false"
"nouns","skip_verified","/Users/Sean/Desktop/nouns-backup/nouns/shopping_center/shopping_center_3.png","nouns/shopping_center/shopping_center_3.png","preserve_relative_path","","3120147","e3be8f6c835678803aff040d4cc65089ea0b5141cb8b11b5779bc844002f57c9","true","3120147","4e43953bb13f88b2aa8f55cea30b6ecc","image/png","false"
"nouns","skip_verified","/Users/Sean/Desktop/nouns-backup/nouns/shorts/shorts_1.png","nouns/shorts/shorts_1.png","preserve_relative_path","","1034541","e6fcd16d4b2d85cd8291025f6d121d809dc43ef1538e98e97c70c38d6685f7d0","true","1034541","adfbd2d91c78373dfdb9f990b3548875","image/png","false"
"nouns","skip_verified","/Users/Sean/Desktop/nouns-backup/nouns/shorts/shorts_2.png","nouns/shorts/shorts_2.png","preserve_relative_path","","1256614","63ecdb2e6f18efd056ad293ddff6f0311f6124e609871174ce801debd75aaecc","true","1256614","eb9f6fe0e06a31b3b5364f03243366d9","image/png","false"
"nouns","skip_verified","/Users/Sean/Desktop/nouns-backup/nouns/shower/shower_1.png","nouns/shower/shower_1.png","preserve_relative_path","","1017641","e36287991c66a29ac4417233d3b9eb21db005718b254a235c3d1c373c4347df3","true","1017641","3b1b2417034d1b52d15bbac7aa23aff7","image/png","false"
"nouns","skip_verified","/Users/Sean/Desktop/nouns-backup/nouns/shower/shower_2.png","nouns/shower/shower_2.png","preserve_relative_path","","1094798","7cbe3e68dde2341640693b1b9b3a09f6c91c40cd688e9dc3e4e1abea19a45b16","true","1094798","0a23605487585c39dd3ce8fdb81882f9","image/png","false"
"nouns","skip_verified","/Users/Sean/Desktop/nouns-backup/nouns/shrimp/shrimp_1.png","nouns/shrimp/shrimp_1.png","preserve_relative_path","","754903","414cc7a9da8666aee853fa264e1edc6053a944f17a8dd742fe6602172bb6943c","true","754903","8cd6368bb47b1b2bc37508f462413909","image/png","false"
"nouns","skip_verified","/Users/Sean/Desktop/nouns-backup/nouns/shrimp/shrimp_2.png","nouns/shrimp/shrimp_2.png","preserve_relative_path","","969902","9b9f8dccb805792b773cf4d739367231d3b26d4d2063ff66896d5c8a734f3e4a","true","969902","66902eecd58fb6f7cc51cffb73f31342","image/png","false"
"nouns","skip_verified","/Users/Sean/Desktop/nouns-backup/nouns/singer/singer_1.png","nouns/singer/singer_1.png","preserve_relative_path","","704648","d926c4303d4d194ca83d23ad2fcfdd7c5c0308a0889e4045bdbbbc10360bcda3","true","704648","166f794674af26e56f4f82e710048b45","image/png","false"
"nouns","skip_verified","/Users/Sean/Desktop/nouns-backup/nouns/singer/singer_2.png","nouns/singer/singer_2.png","preserve_relative_path","","1052289","0511c015c14ad4bd9463e1373ec367c943c433b4ae9c7fd923b2d5387547bbf4","true","1052289","081f10dc23346ba42c03e42054f6be1d","image/png","false"
"nouns","skip_verified","/Users/Sean/Desktop/nouns-backup/nouns/sink/sink_1.png","nouns/sink/sink_1.png","preserve_relative_path","","669107","96b47becacead9f8008b9daaf480ac698aa04e118dc8d1847b6005cbb3de717f","true","669107","2a158332ae88582d9cea216a1caa432b","image/png","false"
"nouns","skip_verified","/Users/Sean/Desktop/nouns-backup/nouns/sink/sink_2.png","nouns/sink/sink_2.png","preserve_relative_path","","723782","ab8a55dfac092098ffe123b78fe908e3c6fe6b8ca2e2fd09e054da9ba1d63140","true","723782","a8fc398a155ae0de9e27de9f8332a25f","image/png","false"
"nouns","skip_verified","/Users/Sean/Desktop/nouns-backup/nouns/sister/sister_1.png","nouns/sister/sister_1.png","preserve_relative_path","","714481","37633a5f86276688bb31b8f3bb63396274a93c9fc8e3d1945cabe829536c5688","true","714481","ccd024b78a7e2784bae89748c8fb11be","image/png","false"
"nouns","skip_verified","/Users/Sean/Desktop/nouns-backup/nouns/sister/sister_2.png","nouns/sister/sister_2.png","preserve_relative_path","","613834","8727a2586823d108a5a45a81ed132163b2e82d1bcb3c4963f78c5a0e6b1c24a9","true","613834","4460bf022df1bb797ee959ce9e29903c","image/png","false"
"nouns","skip_verified","/Users/Sean/Desktop/nouns-backup/nouns/sister/sister_3.png","nouns/sister/sister_3.png","preserve_relative_path","","831081","9c404df5964c1e18bde5740c9e0ca151981af5228948f99b5437f10fd48ee9a8","true","831081","66b515a9e3b682502c51f3ae312e9cec","image/png","false"
"nouns","skip_verified","/Users/Sean/Desktop/nouns-backup/nouns/six_oclock/six_oclock_1.png","nouns/six_oclock/six_oclock_1.png","preserve_relative_path","","25091","d965fda766d34229127ef24b9578bdd300a4cfebe70045279a97c8dbe392386c","true","25091","6f46cb251663fbca8e98c856bd05e2c0","image/png","false"
"nouns","skip_verified","/Users/Sean/Desktop/nouns-backup/nouns/six_oclock/six_oclock_2.png","nouns/six_oclock/six_oclock_2.png","preserve_relative_path","","2469769","19b0ff2cee9f7ba7d24930d852dbf15da3598cd7be8be8eab744b5f7c7939c3b","true","2469769","6333c9762fbf119eab610582b0e48090","image/png","false"
"nouns","skip_verified","/Users/Sean/Desktop/nouns-backup/nouns/six_oclock/six_oclock_3.png","nouns/six_oclock/six_oclock_3.png","preserve_relative_path","","24418","19a03939242303a0ad66b3761f7c55bea1336dbc0087e9350124e23d91d2aec4","true","24418","de783a401ad6a33c60aff6fa126854c3","image/png","false"
"nouns","skip_verified","/Users/Sean/Desktop/nouns-backup/nouns/six/six_1.png","nouns/six/six_1.png","preserve_relative_path","","667727","6349243defbe57341fbc11b5c4090de766ff7883bc4c4f887284a29a0dd34898","true","667727","b2ea804f8dd212a4765ab602158c0dc8","image/png","false"
"nouns","skip_verified","/Users/Sean/Desktop/nouns-backup/nouns/sixteen/sixteen_1.png","nouns/sixteen/sixteen_1.png","preserve_relative_path","","690795","7a2bdb443ae452f4c07e76a5ca9259060f843097e41f96b2b8608824e1a643fb","true","690795","bb0d24511c42e784260098f635ffd413","image/png","false"
"nouns","skip_verified","/Users/Sean/Desktop/nouns-backup/nouns/sixty/sixty_1.png","nouns/sixty/sixty_1.png","preserve_relative_path","","860750","20de9a811916e1b215dbeec94740de01dc9925c7f97460aec164eebf232a585b","true","860750","97b09e70d3c5fe4a302e0b9dbd5f5238","image/png","false"
"nouns","skip_verified","/Users/Sean/Desktop/nouns-backup/nouns/skirt/skirt_1.png","nouns/skirt/skirt_1.png","preserve_relative_path","","1151290","3977f7c9851e99c01b6a70cccc1d12a5fef155fc0d41fa705a02d0ea5555d878","true","1151290","6e4e1f7359db04edd2c42be4efa09435","image/png","false"
"nouns","skip_verified","/Users/Sean/Desktop/nouns-backup/nouns/skirt/skirt_2.png","nouns/skirt/skirt_2.png","preserve_relative_path","","1340904","60809b21fcfd62b7ea8554ae742cf85b6f2a0481cb95b26ff1dcd136cfb6e18f","true","1340904","a17348fcc83baf15f90025de4efd7239","image/png","false"
"nouns","skip_verified","/Users/Sean/Desktop/nouns-backup/nouns/smartphone/smartphone_1.png","nouns/smartphone/smartphone_1.png","preserve_relative_path","","765056","d8f9e8968702ba0f2382994d9c84e6cdf148e6052aaa6ab87f395ba9c0448565","true","765056","eb8ce3904cf5c000af2cbaf047cd6a0e","image/png","false"
"nouns","skip_verified","/Users/Sean/Desktop/nouns-backup/nouns/smartphone/smartphone_2.png","nouns/smartphone/smartphone_2.png","preserve_relative_path","","2750609","190bf8b9bca9c10aba4d67fcd5eca295f58ed3319b661ea00c83b72c7b712dd4","true","2750609","1350919de1ab5fea81da36d401194510","image/png","false"
"nouns","skip_verified","/Users/Sean/Desktop/nouns-backup/nouns/smartphone/smartphone_3.png","nouns/smartphone/smartphone_3.png","preserve_relative_path","","1336810","fb4eed181709945e08a3ba6db8c0dd0d5e9b8612234081b3211f1cef887d5211","true","1336810","e4235bfe5b14841e46c9823e5123e10c","image/png","false"
"nouns","skip_verified","/Users/Sean/Desktop/nouns-backup/nouns/smoggy/smoggy_1.png","nouns/smoggy/smoggy_1.png","preserve_relative_path","","1252664","fd476a0515e0fb68cb043efe2c736a54e00037de62b77f85e4390dac8d16442a","true","1252664","a318d6b817962d8dc6a04993757add2e","image/png","false"
"nouns","skip_verified","/Users/Sean/Desktop/nouns-backup/nouns/smoggy/smoggy_2.png","nouns/smoggy/smoggy_2.png","preserve_relative_path","","2138870","daf14360e101539dc7dc610d97a0f3aa87fd31b0b80b760010acd3e2e6c906c2","true","2138870","70e8a250e86f196ad7ebe54e175009e6","image/png","false"
"nouns","skip_verified","/Users/Sean/Desktop/nouns-backup/nouns/smoothie/smoothie_1.png","nouns/smoothie/smoothie_1.png","preserve_relative_path","","1120651","bae1c2b769a5c00b1f2ced4216e46f68bf472c2373bc19eb20a002c33cc5cacf","true","1120651","1e2d700f46cc2147af9e28723e5ca8d5","image/png","false"
"nouns","skip_verified","/Users/Sean/Desktop/nouns-backup/nouns/smoothie/smoothie_2.png","nouns/smoothie/smoothie_2.png","preserve_relative_path","","1235943","649a77c6036dedf9fb0145959921ddc89a176c03c316bf5e179d80a94a478780","true","1235943","b7a6bd5978a7962c63b26ca6ce0fa358","image/png","false"
"nouns","skip_verified","/Users/Sean/Desktop/nouns-backup/nouns/smoothie/smoothie_3.png","nouns/smoothie/smoothie_3.png","preserve_relative_path","","1298739","dea301151708852396f847f0f4792577079cf82e3f58939f26a5bce70a15ad96","true","1298739","054ed34750d6016d01847bef7e70d62a","image/png","false"
"nouns","skip_verified","/Users/Sean/Desktop/nouns-backup/nouns/snake/snake_1.png","nouns/snake/snake_1.png","preserve_relative_path","","1298504","1ac42dc956c39c122f22015a5f3c7cebb893d395e8c667b8c3dd2469695bc575","true","1298504","01ab8d57ea20088180341819c0978226","image/png","true"
"nouns","skip_verified","/Users/Sean/Desktop/nouns-backup/nouns/snake/snake_2.png","nouns/snake/snake_2.png","preserve_relative_path","","1382415","67c2316b43e571e212383cead58871a2839f8b32b7f48668c16996f59749c1b9","true","1382415","85f662f456b538d43a254eeb8077159a","image/png","true"
"nouns","skip_verified","/Users/Sean/Desktop/nouns-backup/nouns/sneakers/sneakers_1.png","nouns/sneakers/sneakers_1.png","preserve_relative_path","","1313600","5e2effd320c80f0cb4434ff3e1e513abb4b6720a4e660b694f7a180c45bfce06","true","1313600","5fa6635561b0df1c5d35552eee19d7ed","image/png","false"
"nouns","skip_verified","/Users/Sean/Desktop/nouns-backup/nouns/sneakers/sneakers_2.png","nouns/sneakers/sneakers_2.png","preserve_relative_path","","1553351","3a0edce88010c8c49a615233a80dbc81ae9c3cb22869cc294f91dc52717a74ea","true","1553351","af03d1cd09afd41f87b34ceca7cb63b1","image/png","false"
"nouns","skip_verified","/Users/Sean/Desktop/nouns-backup/nouns/snowing/snowing_1.png","nouns/snowing/snowing_1.png","preserve_relative_path","","747442","49dea3f75eb32a352877baf3c0297e8963a248e5a279252450e261b962a1f1a3","true","747442","35aa2194f83d561970389bae739abe7c","image/png","false"
"nouns","skip_verified","/Users/Sean/Desktop/nouns-backup/nouns/snowing/snowing_2.png","nouns/snowing/snowing_2.png","preserve_relative_path","","1436880","9e434d375f0c58cce5a72697c60863d18d41ab93b0b69207d781b039b079990a","true","1436880","29187bafdc9dca2c345acc8a2e80f77d","image/png","false"
"nouns","skip_verified","/Users/Sean/Desktop/nouns-backup/nouns/soccer_player/soccer_player_1.png","nouns/soccer_player/soccer_player_1.png","preserve_relative_path","","614252","6ecb5a5a1686fc77f12f412e8c951d347e1ec3e9eae4edfa9444b1955d738061","true","614252","5624e155eb67f441005eb19376d641a6","image/png","false"
"nouns","skip_verified","/Users/Sean/Desktop/nouns-backup/nouns/soccer_player/soccer_player_2.png","nouns/soccer_player/soccer_player_2.png","preserve_relative_path","","1178575","6882efb6cdfd0e11f5670ea53340503d471343e54a1d7631e8437c5f3d3b346b","true","1178575","eab946323d8ab764f5a009cbcd546703","image/png","false"
"nouns","skip_verified","/Users/Sean/Desktop/nouns-backup/nouns/soccer/soccer_1.png","nouns/soccer/soccer_1.png","preserve_relative_path","","813768","3b131602218bf5f28d9098a0441bb23b77cd53b600598afddbe6eb9ea04acc79","true","813768","870c2824fd84e2d43234b646d2bbd1ae","image/png","false"
"nouns","skip_verified","/Users/Sean/Desktop/nouns-backup/nouns/soccer/soccer_2.png","nouns/soccer/soccer_2.png","preserve_relative_path","","1389278","2323ad5120e32754b43301de363e44b4743014c074b0acb604e8bf10c7b70bc9","true","1389278","b4a6d04ff0b4a72b7b7d4de0a5d4bd8d","image/png","false"
"nouns","skip_verified","/Users/Sean/Desktop/nouns-backup/nouns/soccer/soccer_3.png","nouns/soccer/soccer_3.png","preserve_relative_path","","2599583","21518b5b0e8fccc5817b04dcbbad0b00294b42c8b183b340ac78983153946161","true","2599583","8f9213faaee40570836223765a709214","image/png","false"
"nouns","skip_verified","/Users/Sean/Desktop/nouns-backup/nouns/social_studies/social_studies_1.png","nouns/social_studies/social_studies_1.png","preserve_relative_path","","2570424","7786964ce186e76a8a264d368521f16da42844dd6d1b2862ffc2e4ca09d95df6","true","2570424","5f2889beeff1586349c82de1265fa26a","image/png","false"
"nouns","skip_verified","/Users/Sean/Desktop/nouns-backup/nouns/social_studies/social_studies_2.png","nouns/social_studies/social_studies_2.png","preserve_relative_path","","2434509","58a6c3acb3dd5e141cfcf7d6d4b0601b971246e3ea18ecf606dc85656f37cce9","true","2434509","bd71f0ade44d125121a6cb28b8719dd5","image/png","false"
"nouns","skip_verified","/Users/Sean/Desktop/nouns-backup/nouns/social_studies/social_studies_3.png","nouns/social_studies/social_studies_3.png","preserve_relative_path","","1628607","a82249e5eeff9bde7f74cc5f0eb924d2ce38f61aefff2c69cd7494f4ba73dbff","true","1628607","85e3df93ff4405b826e5807c79670418","image/png","false"
"nouns","skip_verified","/Users/Sean/Desktop/nouns-backup/nouns/socks/socks_1.png","nouns/socks/socks_1.png","preserve_relative_path","","682247","8b4c0d5218483d90aa478f7c01d70a8ddb40119c72c1dfca28c4808caff51013","true","682247","1fc99615c7397bd70ec4e8f0308890f3","image/png","false"
"nouns","skip_verified","/Users/Sean/Desktop/nouns-backup/nouns/socks/socks_2.png","nouns/socks/socks_2.png","preserve_relative_path","","1256737","89c31e5e1f9fe8d1df558d5d8590110912b4cb0d8ca4e2fc812d0bb2a39d6f4b","true","1256737","0a2d0bf1864456ee612395d31296e420","image/png","false"
"nouns","skip_verified","/Users/Sean/Desktop/nouns-backup/nouns/soda/soda_1.png","nouns/soda/soda_1.png","preserve_relative_path","","1252364","c4501fd3c218ba0759b720217e4bd365aa0334c9978e8432081188b3fc9da98c","true","1252364","519889a179ed4729c0bb2e7cfe52f797","image/png","false"
"nouns","skip_verified","/Users/Sean/Desktop/nouns-backup/nouns/soda/soda_2.png","nouns/soda/soda_2.png","preserve_relative_path","","980938","e4abcb081e1024a3891caa296fcaa7f98010f0288c684062c2f8719987b31112","true","980938","1f780d914b360e6ad2886b19bc815701","image/png","false"
"nouns","skip_verified","/Users/Sean/Desktop/nouns-backup/nouns/soda/soda_3.png","nouns/soda/soda_3.png","preserve_relative_path","","1318364","97c0f486d3b09339991941ba98146151f5ea650fdfb445f9bd9321690bbf7b6d","true","1318364","0f280093f205510ed4a5b830aa2d4557","image/png","false"
"nouns","skip_verified","/Users/Sean/Desktop/nouns-backup/nouns/sofa/sofa_1.png","nouns/sofa/sofa_1.png","preserve_relative_path","","594619","1229951531f1d83777e6febc91e407acb31a0891f26e1833915fe942264573ec","true","594619","d12f629eeaf14224f56847b2cf79cfca","image/png","false"
"nouns","skip_verified","/Users/Sean/Desktop/nouns-backup/nouns/sofa/sofa_2.png","nouns/sofa/sofa_2.png","preserve_relative_path","","594686","0b8ccc9c5101ce187c8445e4ee585da3c28dfac581dc78639005f57655df0b1b","true","594686","e3bfa2c54f822b32f49516f79c447570","image/png","false"
"nouns","skip_verified","/Users/Sean/Desktop/nouns-backup/nouns/soldier/soldier_1.png","nouns/soldier/soldier_1.png","preserve_relative_path","","622716","d4213bfe0ef28f9b72c211f2c154ed46a89b2ce16607f2b274f31a84f4db6b6a","true","622716","f3451ae432c1030bcb00fc85458d2e51","image/png","false"
"nouns","skip_verified","/Users/Sean/Desktop/nouns-backup/nouns/soldier/soldier_2.png","nouns/soldier/soldier_2.png","preserve_relative_path","","1395812","f1a314cea262d7f6f72b97b730f8b2121d048385ad11d8fa8fc976e4dbbc037c","true","1395812","b67f3e97474536adc074d6a3f57d5080","image/png","false"
"nouns","skip_verified","/Users/Sean/Desktop/nouns-backup/nouns/sore_throat/sore_throat_1.png","nouns/sore_throat/sore_throat_1.png","preserve_relative_path","","768646","de37bc3d5d72b39e47074d2293bb0cbde1899633148a2e6f139f82b8e84b31b0","true","768646","830a69ba191a6d923ac57badabbcefd6","image/png","false"
"nouns","skip_verified","/Users/Sean/Desktop/nouns-backup/nouns/sore_throat/sore_throat_2.png","nouns/sore_throat/sore_throat_2.png","preserve_relative_path","","806779","f19aa004bcdb3b13ccb585dd11bd195a90676d6838b08d22f5d2ba406867ad96","true","806779","337b35df5bdad39090865db5eb454e7d","image/png","false"
"nouns","skip_verified","/Users/Sean/Desktop/nouns-backup/nouns/soup/soup_1.png","nouns/soup/soup_1.png","preserve_relative_path","","1364733","a3bf7b134d1fda4a0cf15efbc13a4c8b7d273eec0e6b0b3800fe835e602af06b","true","1364733","27dd86a8d3ed7ac4043c51688eb7ce41","image/png","false"
"nouns","skip_verified","/Users/Sean/Desktop/nouns-backup/nouns/soup/soup_2.png","nouns/soup/soup_2.png","preserve_relative_path","","1404558","aee63765b2c7184521b3376db52328b6f74ccbcb16eec1bcba92c034951b9e0c","true","1404558","61f64e3512e87b326f3a9e32a856179b","image/png","false"
"nouns","skip_verified","/Users/Sean/Desktop/nouns-backup/nouns/spaghetti/spaghetti_1.png","nouns/spaghetti/spaghetti_1.png","preserve_relative_path","","1021889","ca633a0e8d225f92cd326485e44497bdc0889ffc776b330367ee7d5071bac507","true","1021889","dc267409226886925232c41fad05e79c","image/png","false"
"nouns","skip_verified","/Users/Sean/Desktop/nouns-backup/nouns/spaghetti/spaghetti_2.png","nouns/spaghetti/spaghetti_2.png","preserve_relative_path","","1202790","f4173819cf93f28812e07f98cc1c34d01aad255602893618d905387acd0937ec","true","1202790","a2eee5bb5d45fe57d992ccdd0ae69d69","image/png","false"
"nouns","skip_verified","/Users/Sean/Desktop/nouns-backup/nouns/spanish/spanish_1.png","nouns/spanish/spanish_1.png","preserve_relative_path","","2454287","d45b0b355c9eb6dcd074bc8eef386001f49264faeb76a3a76dff754ea5514ae6","true","2454287","96570a34a04214e98530b344a76495de","image/png","false"
"nouns","skip_verified","/Users/Sean/Desktop/nouns-backup/nouns/spanish/spanish_2.png","nouns/spanish/spanish_2.png","preserve_relative_path","","1350446","9284f7c69658207868dd9a8c0ae2899eec404d75958edac6e5e3d64c3082d214","true","1350446","7a5489636ac55088b0faa4f19d0d60d0","image/png","false"
"nouns","skip_verified","/Users/Sean/Desktop/nouns-backup/nouns/spanish/spanish_3.png","nouns/spanish/spanish_3.png","preserve_relative_path","","2634398","cf74eb7127678030bcc31cc5dfc12ef706351ce098ba3d7fb2b0416b46a82910","true","2634398","3fafb0d2096428e2dfdfa67ebe93ac9b","image/png","false"
"nouns","skip_verified","/Users/Sean/Desktop/nouns-backup/nouns/speed_skating/speed_skating_1.png","nouns/speed_skating/speed_skating_1.png","preserve_relative_path","","800091","89e53c12a90e36721cb0d592d4dc5fa3e995cbd0b596db9b801a05460d42b4de","true","800091","5e8612e7cbf0f4e712d9496a972ad569","image/png","false"
"nouns","skip_verified","/Users/Sean/Desktop/nouns-backup/nouns/speed_skating/speed_skating_2.png","nouns/speed_skating/speed_skating_2.png","preserve_relative_path","","1629375","b8b521262e3f85bc4b26c7e2fcb257f17c3de3420ee3509a6d9de581443d7c24","true","1629375","bf95e306e6df09b22ed551573a17b65e","image/png","false"
"nouns","skip_verified","/Users/Sean/Desktop/nouns-backup/nouns/speed_skating/speed_skating_3.png","nouns/speed_skating/speed_skating_3.png","preserve_relative_path","","2294840","8b7f65ab419883f629d6074a11c09b04c8cf33f2afc2dcc21b7d2c34684d242b","true","2294840","b2f72a69154397a61222dfc7ead0916a","image/png","false"
"nouns","skip_verified","/Users/Sean/Desktop/nouns-backup/nouns/spider/spider_1.png","nouns/spider/spider_1.png","preserve_relative_path","","836976","fc77182d59f855263ed4f0b90c2b9af0427c5bca51d37bc9050d301d5c67fe92","true","836976","06efb3ecc1f7aceffe03ad59c31548a2","image/png","false"
"nouns","skip_verified","/Users/Sean/Desktop/nouns-backup/nouns/spider/spider_2.png","nouns/spider/spider_2.png","preserve_relative_path","","2218080","bd33c337936af9f867da21b8b6dc6e7db6d56f5743709b2ad915357a88ecd178","true","2218080","11e8d2cc17ae288b6c22749968657758","image/png","false"
"nouns","skip_verified","/Users/Sean/Desktop/nouns-backup/nouns/spinach/spinach_1.png","nouns/spinach/spinach_1.png","preserve_relative_path","","1007882","64b4bfd2e5409810edd4ba55a0e26afa71d8816fb49710227897cae7b2b87bce","true","1007882","7de2116df223881b21fca2da2f0e4fff","image/png","true"
"nouns","skip_verified","/Users/Sean/Desktop/nouns-backup/nouns/spinach/spinach_2.png","nouns/spinach/spinach_2.png","preserve_relative_path","","1205377","c7e21c54e78069c38e0d174b93c6e380763d84e7e8fc74c5e4d54826a46e6c57","true","1205377","435018d0c6f5143df09609c579d459a9","image/png","true"
"nouns","skip_verified","/Users/Sean/Desktop/nouns-backup/nouns/spoon/spoon_1.png","nouns/spoon/spoon_1.png","preserve_relative_path","","278411","79d283365fe683993c7247a5d8298938fc073f4e52046cb2a658441a5bc4ca5c","true","278411","66e2a11e5a22e17f3df4ce6c4eca9d7f","image/png","false"
"nouns","skip_verified","/Users/Sean/Desktop/nouns-backup/nouns/spoon/spoon_2.png","nouns/spoon/spoon_2.png","preserve_relative_path","","551414","e5527a485257fad952a8488f39708a4b76887d8570c5ad7f6f35dd751b763972","true","551414","8c97f4197765b67afb5f8107ed9a93b6","image/png","false"
"nouns","skip_verified","/Users/Sean/Desktop/nouns-backup/nouns/spoon/spoon_3.png","nouns/spoon/spoon_3.png","preserve_relative_path","","1443761","51ccc928fc74bc8e59534633bd5d08e6d193a959a70e0cb3e5fb03ea35b2fc7f","true","1443761","50d52ca5382f4e6a26725b0c9ca3147f","image/png","false"
"nouns","skip_verified","/Users/Sean/Desktop/nouns-backup/nouns/squid/squid_1.png","nouns/squid/squid_1.png","preserve_relative_path","","897018","50adeb43d926f3b40a46a65566fc170bb72f4964d115288c8f36b3eb450eb788","true","897018","185e3ba8e7b3bf3e576d6dab86228b1a","image/png","false"
"nouns","skip_verified","/Users/Sean/Desktop/nouns-backup/nouns/squid/squid_2.png","nouns/squid/squid_2.png","preserve_relative_path","","877150","2724e64a5b9ed3b9065a8da97d64937540b32b8e85803c424859d8a5adb62f57","true","877150","fee9455836798f0c49d3680f3fd390cd","image/png","false"
"nouns","skip_verified","/Users/Sean/Desktop/nouns-backup/nouns/squirrel/squirrel_1.png","nouns/squirrel/squirrel_1.png","preserve_relative_path","","1074300","eadc1c5bad5846cd52fadc145b888a9bac1dc48cab419329963cc3b4d9b1644f","true","1074300","575977bae2dac9cb4c785c2fe0592cd1","image/png","true"
"nouns","skip_verified","/Users/Sean/Desktop/nouns-backup/nouns/squirrel/squirrel_2.png","nouns/squirrel/squirrel_2.png","preserve_relative_path","","1230852","174c3cc0ea8152b9fd0e83f9fbc750240f276b87bd14b85b5b1c3cb1ce4f0f02","true","1230852","5d9231155f396585385d9fbc860cef94","image/png","true"
"nouns","skip_verified","/Users/Sean/Desktop/nouns-backup/nouns/st_patricks_day/st_patricks_day_1.png","nouns/st_patricks_day/st_patricks_day_1.png","preserve_relative_path","","1094903","f7464fbb3072b7be3910eb498538b95a1470a10275ebfb2d289443d0a3268d29","true","1094903","6717d3610c6a4339f04a0fe38d267a00","image/png","false"
"nouns","skip_verified","/Users/Sean/Desktop/nouns-backup/nouns/st_patricks_day/st_patricks_day_2.png","nouns/st_patricks_day/st_patricks_day_2.png","preserve_relative_path","","1913834","ec394b319aa17f2218ffdfde9978cbb4d8d22fc33e6ac262773a5f08a90b26c5","true","1913834","5d8158ac775dd39e89265c82c572ab34","image/png","false"
"nouns","skip_verified","/Users/Sean/Desktop/nouns-backup/nouns/stadium/stadium_1.png","nouns/stadium/stadium_1.png","preserve_relative_path","","2085472","cf12b84b425e8e698b431b1708d6f3990e342f28fd56664a32fe7ec810b5a84c","true","2085472","46a4e20edb3678812a786fadda86d6da","image/png","false"
"nouns","skip_verified","/Users/Sean/Desktop/nouns-backup/nouns/stadium/stadium_2.png","nouns/stadium/stadium_2.png","preserve_relative_path","","1825000","5b856faee1144b09db118586291f926c330a86e991aafa92c02b9653c9facc43","true","1825000","b9c18aa5b82c7732794637f813d5fb01","image/png","false"
"nouns","skip_verified","/Users/Sean/Desktop/nouns-backup/nouns/stadium/stadium_3.png","nouns/stadium/stadium_3.png","preserve_relative_path","","2485489","a0fb729babd25def337d1e972d32a7666aaf0f4729653ef154e897a34c739b17","true","2485489","1c32b5177b596c90b7e281d9cd04ff56","image/png","false"
"nouns","skip_verified","/Users/Sean/Desktop/nouns-backup/nouns/stapler/stapler_1.png","nouns/stapler/stapler_1.png","preserve_relative_path","","834679","6b0629b4ef41969790ed3b5284733525154b098797d615746b165d8de46b22ce","true","834679","bab283826fab9ce657222d872ac5277c","image/png","false"
"nouns","skip_verified","/Users/Sean/Desktop/nouns-backup/nouns/stapler/stapler_2.png","nouns/stapler/stapler_2.png","preserve_relative_path","","1160634","50812f1b7bc4476489bcf2137902a1f7d1432d0ae0fc941ab2f20a994d1e1ce3","true","1160634","5dde1a50c8f6274d8f66101c1c402cfa","image/png","false"
"nouns","skip_verified","/Users/Sean/Desktop/nouns-backup/nouns/stapler/stapler_3.png","nouns/stapler/stapler_3.png","preserve_relative_path","","1177686","80c9566174c23bc033cfe89cd3efe8a4fdd385581aa7d1602b34c26f198c0bb4","true","1177686","67aa2b30c098216c5a49d932aa5fabf7","image/png","false"
"nouns","skip_verified","/Users/Sean/Desktop/nouns-backup/nouns/starfish/starfish_1.png","nouns/starfish/starfish_1.png","preserve_relative_path","","827794","5b8b42269fe9d9f960adf0d6638a4891c354ec391df8a4767315daf506ea79d2","true","827794","882a463973f1967626e334ce33da899b","image/png","false"
"nouns","skip_verified","/Users/Sean/Desktop/nouns-backup/nouns/starfish/starfish_2.png","nouns/starfish/starfish_2.png","preserve_relative_path","","1101395","476af6e6393c630490d1ca2d60d4a3c77909ce4610f233b2da276cad5eb8852c","true","1101395","79acc001cd3dd8e8ebb94af44126586d","image/png","false"
"nouns","skip_verified","/Users/Sean/Desktop/nouns-backup/nouns/steak/steak_1.png","nouns/steak/steak_1.png","preserve_relative_path","","1060858","f5a4b43e441085b2fccf764f1bd09e1c1d67d3abc04622d3d5be342bd534ba00","true","1060858","76f9243887e54fb7d667a26243c84cb0","image/png","false"
"nouns","skip_verified","/Users/Sean/Desktop/nouns-backup/nouns/steak/steak_2.png","nouns/steak/steak_2.png","preserve_relative_path","","1205805","5a4a98181a0d59c0143381527806c35ab722829dd27f6106a15cb52493d13c5d","true","1205805","c162eeb465bc35d22d2ff5c011d84996","image/png","false"
"nouns","skip_verified","/Users/Sean/Desktop/nouns-backup/nouns/stingray/stingray_1.png","nouns/stingray/stingray_1.png","preserve_relative_path","","874365","c348529948a3c4fe238c8ea98795da741fe820069bcce11816c736c5669d9231","true","874365","b463a36c3f83f85c91da97787dbac107","image/png","false"
"nouns","skip_verified","/Users/Sean/Desktop/nouns-backup/nouns/stingray/stingray_2.png","nouns/stingray/stingray_2.png","preserve_relative_path","","770473","11bbc354d42e6f57543ba6185294ab7832aaaaeb1301b5e4129c8b736d1a49bd","true","770473","6a6eed8ec214afbed67f44c2bd0508d4","image/png","false"
"nouns","skip_verified","/Users/Sean/Desktop/nouns-backup/nouns/stomach_ache/stomach_ache_1.png","nouns/stomach_ache/stomach_ache_1.png","preserve_relative_path","","812962","c06ae1ad365758b32d380b3d76a057edaec38a25e972ecb0980bae18b8f90cc9","true","812962","75063f36ec0080a1b6bf64662df7811c","image/png","false"
"nouns","skip_verified","/Users/Sean/Desktop/nouns-backup/nouns/stomach_ache/stomach_ache_2.png","nouns/stomach_ache/stomach_ache_2.png","preserve_relative_path","","896975","12b748ca19367c6330071d4b6b4fb8b9dbc372bc73cf4a9cdd6b588e473f9dd8","true","896975","5d5826e9d33ae16bc77d9cd214b2bb19","image/png","false"
"nouns","skip_verified","/Users/Sean/Desktop/nouns-backup/nouns/stool/stool_1.png","nouns/stool/stool_1.png","preserve_relative_path","","506068","d4dbc53f3803686afa301946317f323a272419f2441bb6282bb188d7dc4a536a","true","506068","4ce23ee6d97803a53017c644dab3dcbd","image/png","false"
"nouns","skip_verified","/Users/Sean/Desktop/nouns-backup/nouns/stool/stool_2.png","nouns/stool/stool_2.png","preserve_relative_path","","690863","e1ca83fd515598ce27f3108a2c29cc50015dc1c88fe069de40f355c976792574","true","690863","fc7bb703edc4c78a40c1bd99a8fc5908","image/png","false"
"nouns","skip_verified","/Users/Sean/Desktop/nouns-backup/nouns/stormy/stormy_1.png","nouns/stormy/stormy_1.png","preserve_relative_path","","1329758","ee2121642274b0153d1009731b2d50d512261933e5a75a684ba2c3f4319d3f1c","true","1329758","feefd6fc4927e39832e487e91a765f85","image/png","false"
"nouns","skip_verified","/Users/Sean/Desktop/nouns-backup/nouns/stormy/stormy_2.png","nouns/stormy/stormy_2.png","preserve_relative_path","","1967055","1e1232e5544ec2e9b2f9161d8de69b3c6ff5962752962859404fc8ce23e55f6e","true","1967055","095fed39f0b5a8bcee96c4eb01f29c01","image/png","false"
"nouns","skip_verified","/Users/Sean/Desktop/nouns-backup/nouns/stove/stove_1.png","nouns/stove/stove_1.png","preserve_relative_path","","816420","077257739b8a1c6b2877d372bc62993130d145fdd821eec238ec6edcb97d562d","true","816420","2d7bb1cfd09dfb7a3231f1bdb66bf249","image/png","false"
"nouns","skip_verified","/Users/Sean/Desktop/nouns-backup/nouns/stove/stove_2.png","nouns/stove/stove_2.png","preserve_relative_path","","1029872","b00476bb2d27d13ed4e67a6f5b0f15ab967abf8773b0481a1929d3b0d367320d","true","1029872","d8bc0315011812eb722abf3f5549099a","image/png","false"
"nouns","skip_verified","/Users/Sean/Desktop/nouns-backup/nouns/strawberry/strawberry_1.png","nouns/strawberry/strawberry_1.png","preserve_relative_path","","1108719","ea23ef808017096a05829db09d84ab97b76a39b8c3882439d267dc8dce3a2e4d","true","1108719","cd1590131662f079e70f8359737af87e","image/png","true"
"nouns","skip_verified","/Users/Sean/Desktop/nouns-backup/nouns/strawberry/strawberry_2.png","nouns/strawberry/strawberry_2.png","preserve_relative_path","","1091050","dc78ee4f65710076b18ecb2dd8a7c20c2e8a4be4bd9955b6f4d24d4626e2c40a","true","1091050","060495ece1bceb60345c713c3333bd5d","image/png","true"
"nouns","skip_verified","/Users/Sean/Desktop/nouns-backup/nouns/strawberry/strawberry_3.png","nouns/strawberry/strawberry_3.png","preserve_relative_path","","1518825","92a2c05b9fafe08d405dd807570319d322aa23080972be12c6e07b814c0db79e","true","1518825","24b644f2e5590ca22e1713d9fc3033a0","image/png","true"
"nouns","skip_verified","/Users/Sean/Desktop/nouns-backup/nouns/student/student_1.png","nouns/student/student_1.png","preserve_relative_path","","582441","c59744852d6d2a7826f9231e1ca19ed83df8ab1232126e1f591524b39da32479","true","582441","d126e082d7a2f35033f019dba69316f5","image/png","false"
"nouns","skip_verified","/Users/Sean/Desktop/nouns-backup/nouns/student/student_2.png","nouns/student/student_2.png","preserve_relative_path","","1351743","cc705d4f88a09ca718244d902f41962500dadf14e817822eb0daefcbd91e4ef4","true","1351743","4a859b0f502a45df08a2f3a004e5ffb9","image/png","false"
"nouns","skip_verified","/Users/Sean/Desktop/nouns-backup/nouns/study_room/study_room_1.png","nouns/study_room/study_room_1.png","preserve_relative_path","","2005192","ebc3c1e25ef927a3bf62e84127011fabbc8dfcff035647f2984b11041f6d55e3","true","2005192","dd207f1ce3a291a2b0b2b52db09658dc","image/png","false"
"nouns","skip_verified","/Users/Sean/Desktop/nouns-backup/nouns/study_room/study_room_2.png","nouns/study_room/study_room_2.png","preserve_relative_path","","2202266","a117c9ac146568c094cb94df327780862f39216365899d2e57e345ec0d1fef5f","true","2202266","6496dbde13832f9052a9cd62d9a0911d","image/png","false"
"nouns","skip_verified","/Users/Sean/Desktop/nouns-backup/nouns/study_room/study_room_3.png","nouns/study_room/study_room_3.png","preserve_relative_path","","2388204","1821904782cd07d05dd91cf40510b909658c187f5ec362b6fd3696463d1114e2","true","2388204","aa7ad4588b2694123e174a0a313fc347","image/png","false"
"nouns","skip_verified","/Users/Sean/Desktop/nouns-backup/nouns/subway/subway_1.png","nouns/subway/subway_1.png","preserve_relative_path","","1386598","129194e9bcf109ebd7f487068172e46fd6b654c7d808e2cc52b4e94a180095a8","true","1386598","a9adc580fb3942bb7e41a20d254b0e9a","image/png","false"
"nouns","skip_verified","/Users/Sean/Desktop/nouns-backup/nouns/subway/subway_2.png","nouns/subway/subway_2.png","preserve_relative_path","","1359528","c97c23425e8645f1e46b18808d4d11a69aed1d847afbb3a5dbe898a01d9b3278","true","1359528","6d76f8509cf4d899acd01b1ea2b9e289","image/png","false"
"nouns","skip_verified","/Users/Sean/Desktop/nouns-backup/nouns/subway/subway_3.png","nouns/subway/subway_3.png","preserve_relative_path","","2311433","dc8fec03efe705427b772c2d4b66f5c17e5680f1053e7c25434f190b8671f18f","true","2311433","9609c6791f6a467f5024cf6ddddb97e3","image/png","false"
"nouns","skip_verified","/Users/Sean/Desktop/nouns-backup/nouns/sunday/sunday_1.png","nouns/sunday/sunday_1.png","preserve_relative_path","","363102","b7ea13ad10c3cb09e86fe0b7bd95a5e611e2d0b0c0bf7ff478614af51dfe2341","true","363102","73fb018bf5da1f05418aac0ff7c6fd5b","image/png","false"
"nouns","skip_verified","/Users/Sean/Desktop/nouns-backup/nouns/sunglasses/sunglasses_1.png","nouns/sunglasses/sunglasses_1.png","preserve_relative_path","","753825","b5c7b7957314baf79bf97d257c6e0e9f171ee4690324315b8238fd6c31d2ecd0","true","753825","6dc27abcb85206510455a5cdf450bfd6","image/png","false"
"nouns","skip_verified","/Users/Sean/Desktop/nouns-backup/nouns/sunglasses/sunglasses_2.png","nouns/sunglasses/sunglasses_2.png","preserve_relative_path","","1182847","d4aa27cdbdf89d52b8d9433c4ec0f3529a1f01917eb5af0afa3346e59b8e7717","true","1182847","254539dfe81d86941482ebad2c6e1dba","image/png","false"
"nouns","skip_verified","/Users/Sean/Desktop/nouns-backup/nouns/sunny/sunny_1.png","nouns/sunny/sunny_1.png","preserve_relative_path","","990270","43a82c5fc71eaec04de684bf3dbc87d0048fe7bf33ae875e03bc0b9df963c2c6","true","990270","2b255d6a94d6a6f5d3057759aae6bf5c","image/png","false"
"nouns","skip_verified","/Users/Sean/Desktop/nouns-backup/nouns/sunny/sunny_2.png","nouns/sunny/sunny_2.png","preserve_relative_path","","1438578","ca7e95ee1837752b430bb541de8061b7903747c2ffb1d6de3393e88db8e22e7e","true","1438578","77217a36b6b0747cfebda08a1a7d4d0c","image/png","false"
"nouns","skip_verified","/Users/Sean/Desktop/nouns-backup/nouns/supermarket/supermarket_1.png","nouns/supermarket/supermarket_1.png","preserve_relative_path","","1679419","cdd997470d5161f0658029526fe2ae51159c6659969a6585a71541607fa8bcd0","true","1679419","9684191b1d3235f2002f8bf660d83df6","image/png","false"
"nouns","skip_verified","/Users/Sean/Desktop/nouns-backup/nouns/supermarket/supermarket_2.png","nouns/supermarket/supermarket_2.png","preserve_relative_path","","1293209","612941574eecbc965494b59c2829d780db8e5232227cbe66b98fd56c76e21600","true","1293209","79caa28c26986924550d51f9303df18e","image/png","false"
"nouns","skip_verified","/Users/Sean/Desktop/nouns-backup/nouns/supermarket/supermarket_3.png","nouns/supermarket/supermarket_3.png","preserve_relative_path","","2393535","469aaa30b6ccf7b0b53b6baa6bd57beeb0e458f09a13051645c1fbe844190b2a","true","2393535","7a06aa611b704fe91ffe2e340e5c5eab","image/png","false"
"nouns","skip_verified","/Users/Sean/Desktop/nouns-backup/nouns/sushi/sushi_1.png","nouns/sushi/sushi_1.png","preserve_relative_path","","947382","bde82d56f5bcd9df0918bd4243e8c25dfd307536468bdd5c8325e2ecc7161c5f","true","947382","d6f9d85c7ee3f3cbf145d8f0a810b6ff","image/png","false"
"nouns","skip_verified","/Users/Sean/Desktop/nouns-backup/nouns/sushi/sushi_2.png","nouns/sushi/sushi_2.png","preserve_relative_path","","1455005","ce27e5227af7e67dca57c632a1ec9014044acf7eb05a95206e4aa79f4e12bb5d","true","1455005","c7df306f5cb86af2fba2678d3d362c73","image/png","false"
"nouns","skip_verified","/Users/Sean/Desktop/nouns-backup/nouns/suv/suv_1.png","nouns/suv/suv_1.png","preserve_relative_path","","1355981","edf85f05cf5b9c874d824f88c9a89eed626786442ac8306576d51ce59ccc7384","true","1355981","7cfe9579e7cc2c26ac0217999cc1a641","image/png","false"
"nouns","skip_verified","/Users/Sean/Desktop/nouns-backup/nouns/suv/suv_2.png","nouns/suv/suv_2.png","preserve_relative_path","","1258189","224a09a69f2645a5084b6728098e7ce9863be0121bab7f5b4b5165bfff58c7f6","true","1258189","4c7bc54a5e6f51c54e0531e7827d6647","image/png","false"
"nouns","skip_verified","/Users/Sean/Desktop/nouns-backup/nouns/suv/suv_3.png","nouns/suv/suv_3.png","preserve_relative_path","","2207963","7c4bac15231bc340bd10429209621dd6f5e59684077526257491e78705e52eb4","true","2207963","af03e8a3d38ab3ea7da5f2a5f9c1df93","image/png","false"
"nouns","skip_verified","/Users/Sean/Desktop/nouns-backup/nouns/swan/swan_1.png","nouns/swan/swan_1.png","preserve_relative_path","","779573","c0053d7fdd82e95d97306abe057b580593c2e99f147ae8eea2fbaf719d4d714e","true","779573","71a4de53cc645ec5261b3eb7d8ad80e4","image/png","true"
"nouns","skip_verified","/Users/Sean/Desktop/nouns-backup/nouns/swan/swan_2.png","nouns/swan/swan_2.png","preserve_relative_path","","824896","4f71577984fcc6fdb955084555f97d5098ecbbd5f8989a83d095e25297bcfa8b","true","824896","1fd3e564014f6fa1919477692c382c44","image/png","true"
"nouns","skip_verified","/Users/Sean/Desktop/nouns-backup/nouns/sweater/sweater_1.png","nouns/sweater/sweater_1.png","preserve_relative_path","","1049885","185c4b1eeaa40266d35f07c4ceceb8b7b7b629647a4054081ad0e4eb83648eb9","true","1049885","ae01524e15d2d1eb8254a929ed17422a","image/png","false"
"nouns","skip_verified","/Users/Sean/Desktop/nouns-backup/nouns/sweater/sweater_2.png","nouns/sweater/sweater_2.png","preserve_relative_path","","1299558","fc19888064717273c53532e85cc9e0be618de9bef1ad95e1dde44d2f97d69e9d","true","1299558","f76234e9defd0bc1f20e543de1206684","image/png","false"
"nouns","skip_verified","/Users/Sean/Desktop/nouns-backup/nouns/swimming_pool/swimming_pool_1.png","nouns/swimming_pool/swimming_pool_1.png","preserve_relative_path","","1768945","3bc19dadce9af9c59b28c68668f396fb4c8d0af0d28573b4bc1c4e91a629a915","true","1768945","a800d65594551eab7a4f87a437121d34","image/png","false"
"nouns","skip_verified","/Users/Sean/Desktop/nouns-backup/nouns/swimming_pool/swimming_pool_2.png","nouns/swimming_pool/swimming_pool_2.png","preserve_relative_path","","1331028","2391344208abcd7f430ff28f6fe02b5163b86663d45ce60162809edfeb19df5a","true","1331028","635be55a1ca7d03db63e3444ef982995","image/png","false"
"nouns","skip_verified","/Users/Sean/Desktop/nouns-backup/nouns/swimming_pool/swimming_pool_3.png","nouns/swimming_pool/swimming_pool_3.png","preserve_relative_path","","3003777","4eae8ba2c5bf1d6c41361a8c1c9e42278bad44c41a43a07521c8eaead5a7b428","true","3003777","74a337fc264df90beb44952a83bb2dc0","image/png","false"
"nouns","skip_verified","/Users/Sean/Desktop/nouns-backup/nouns/swimming/swimming_class_1.png","nouns/swimming/swimming_class_1.png","preserve_relative_path","","2162185","5d7d4426799228faf8f1a30b667765124e57c0b2cb72d370597a959526e859ac","true","2162185","163d7d6d09437243bc4b412d88e0e247","image/png","false"
"nouns","skip_verified","/Users/Sean/Desktop/nouns-backup/nouns/swimming/swimming_class_2.png","nouns/swimming/swimming_class_2.png","preserve_relative_path","","2085892","ea5d863d99ce4432e5ea3cc6d901f00e78b9a3d79de028db6736d29c33e1d4c3","true","2085892","3539f6c683fc6c4f334dd05813c495d0","image/png","false"
"nouns","skip_verified","/Users/Sean/Desktop/nouns-backup/nouns/swimming/swimming_class_3.png","nouns/swimming/swimming_class_3.png","preserve_relative_path","","2592572","21b5b2ab432daf644e35f60037ce18ff786287b30734072541703359c6287490","true","2592572","9cbbd057b8a0fb65c08cc111f1eb9e5b","image/png","false"
"nouns","skip_verified","/Users/Sean/Desktop/nouns-backup/nouns/swimsuit/swimsuit_1.png","nouns/swimsuit/swimsuit_1.png","preserve_relative_path","","678909","72d80d60e2d0f57fe106e4b8139d06e555b07ee5c7f68707f833f26f03f8e0fd","true","678909","0103f73606819779f7e4cb87ba43db84","image/png","false"
"nouns","skip_verified","/Users/Sean/Desktop/nouns-backup/nouns/swimsuit/swimsuit_2.png","nouns/swimsuit/swimsuit_2.png","preserve_relative_path","","921428","82087428dd93149662c6b1071536f46c3c7d60814806b05bead0df403aba1285","true","921428","54561f444f19ee387dbf66aa24a6534b","image/png","false"
"nouns","skip_verified","/Users/Sean/Desktop/nouns-backup/nouns/t_shirt/t_shirt_1.png","nouns/t_shirt/t_shirt_1.png","preserve_relative_path","","1047874","29ce91bcb87f09ff464c5ba33433567ce63f7de5b0868883849a5fb5962f68a6","true","1047874","79d4102af6aba2ee1ea1013059f288c9","image/png","false"
"nouns","skip_verified","/Users/Sean/Desktop/nouns-backup/nouns/t_shirt/t_shirt_2.png","nouns/t_shirt/t_shirt_2.png","preserve_relative_path","","1266630","cf5a3a4f0d31e9f7bbe8b446ce1929fc85544a8c4d0f079abf1073b3695569db","true","1266630","342860fddd6c29d702ba1ac4b0b520ae","image/png","false"
"nouns","skip_verified","/Users/Sean/Desktop/nouns-backup/nouns/tablet/tablet_1.png","nouns/tablet/tablet_1.png","preserve_relative_path","","988781","49cb591b37cd3160934bf08c9cada7ee5368b22b7578e998e4c346ae8af4be08","true","988781","c128f0e1fba1f14c6c33af8a2d6a5cb9","image/png","false"
"nouns","skip_verified","/Users/Sean/Desktop/nouns-backup/nouns/tablet/tablet_2.png","nouns/tablet/tablet_2.png","preserve_relative_path","","1340196","16ce39385c7ccb37521bae209426e107c049f2de82fc23d5879055cf4d5e6fe5","true","1340196","620176ad27c9ca1a92053096120aaa34","image/png","false"
"nouns","skip_verified","/Users/Sean/Desktop/nouns-backup/nouns/tablet/tablet_3.png","nouns/tablet/tablet_3.png","preserve_relative_path","","802480","16795dcf816eae4da456df9e463d7a282f3dc4c28b6110ab8bd65ac070510aed","true","802480","4e2217df32be98849b034be9aab27408","image/png","false"
"nouns","skip_verified","/Users/Sean/Desktop/nouns-backup/nouns/taco/taco_1.png","nouns/taco/taco_1.png","preserve_relative_path","","1033427","b25b3f63ba3778588045c0c308ad7c9c2965d345e6ead2f2329025f6e8fb8560","true","1033427","ef4788b0472e1846bb0145420cf058e9","image/png","false"
"nouns","skip_verified","/Users/Sean/Desktop/nouns-backup/nouns/taco/taco_2.png","nouns/taco/taco_2.png","preserve_relative_path","","1237199","81e13bfafffb031c38cad07c17504966c3210a151b4dd95d22fbc553ecf10d32","true","1237199","89048b7e7ee9e9a36d106dd4da371ddc","image/png","false"
"nouns","skip_verified","/Users/Sean/Desktop/nouns-backup/nouns/tadpole/tadpole_1.png","nouns/tadpole/tadpole_1.png","preserve_relative_path","","816143","d18c9abbbfe0a85db71978fe269f2e3f9a1d4c6eacba5f1684d432395f1be8bb","true","816143","9f320e1dd812c340e182ba88877f9d70","image/png","true"
"nouns","skip_verified","/Users/Sean/Desktop/nouns-backup/nouns/tadpole/tadpole_2.png","nouns/tadpole/tadpole_2.png","preserve_relative_path","","945590","54907c997a62d8f875382674114b33d35c56952bdd65594b0004df58665110cf","true","945590","4740fc2dd6ae25c23fbc6218b52e06e9","image/png","true"
"nouns","skip_verified","/Users/Sean/Desktop/nouns-backup/nouns/taxi_driver/taxi_driver_1.png","nouns/taxi_driver/taxi_driver_1.png","preserve_relative_path","","530914","4ae14db2581ba35d27461f226d25658cf12de81576fff607446b6c0f35e342e8","true","530914","1f44d505d5aab9c5510b09555193767b","image/png","false"
"nouns","skip_verified","/Users/Sean/Desktop/nouns-backup/nouns/taxi_driver/taxi_driver_2.png","nouns/taxi_driver/taxi_driver_2.png","preserve_relative_path","","1239762","53f53c82a5a140bcce6e8b80c4bd7a0cdebf3e719519e68117f227d7ec8420a5","true","1239762","068c9edcba2c94087e29e387e4058ebd","image/png","false"
"nouns","skip_verified","/Users/Sean/Desktop/nouns-backup/nouns/taxi/taxi_1.png","nouns/taxi/taxi_1.png","preserve_relative_path","","1322780","87e3f65955cc54ae707d6cfe7164f7eda0fd370d11a69e6a99e41a1a616e6fa8","true","1322780","86df4c9334ee3781cffffd85b97b2027","image/png","false"
"nouns","skip_verified","/Users/Sean/Desktop/nouns-backup/nouns/taxi/taxi_2.png","nouns/taxi/taxi_2.png","preserve_relative_path","","1539420","6a117e17370f9e6c481328d4b539036f76743711b0384e350f2fef6643e02814","true","1539420","23604b298ea73b4fc7ec6e5a6a979a71","image/png","false"
"nouns","skip_verified","/Users/Sean/Desktop/nouns-backup/nouns/taxi/taxi_3.png","nouns/taxi/taxi_3.png","preserve_relative_path","","2387088","56e13185ad74f5a9b08e717792d1ebd7a1a69253e78001f60f14dafd250711bb","true","2387088","cb8333a83dd9c804f43f23cdfbcaa72f","image/png","false"
"nouns","skip_verified","/Users/Sean/Desktop/nouns-backup/nouns/tea/tea_1.png","nouns/tea/tea_1.png","preserve_relative_path","","1144211","a0b3ef29cf0f782b83395ce60b80529d0568892ccd638b56d0d755b1ba8f50d5","true","1144211","93e4c85104764f883b22966f828fa6dd","image/png","false"
"nouns","skip_verified","/Users/Sean/Desktop/nouns-backup/nouns/tea/tea_2.png","nouns/tea/tea_2.png","preserve_relative_path","","1008970","a485be6f03c812bfcc4984291fd249a907a11815e0b0e0ee734658654742712c","true","1008970","f240bd893ec47668c3cf707afb1298b1","image/png","false"
"nouns","skip_verified","/Users/Sean/Desktop/nouns-backup/nouns/tea/tea_3.png","nouns/tea/tea_3.png","preserve_relative_path","","1326138","62b687d86a06cc82858b4c2f05db9db2cd0e7566ef872cdc93ddc4b452072642","true","1326138","d898aafda73df992a4f53a4f0c0348cc","image/png","true"
"nouns","skip_verified","/Users/Sean/Desktop/nouns-backup/nouns/teacher/teacher_1.png","nouns/teacher/teacher_1.png","preserve_relative_path","","657197","92803ebd6404b2fa84a26dea3eb6b37e9581b7b46d7f03b3e8eccc1b66b90048","true","657197","e943d4f41d5211329ddab39a88afc575","image/png","false"
"nouns","skip_verified","/Users/Sean/Desktop/nouns-backup/nouns/teacher/teacher_2.png","nouns/teacher/teacher_2.png","preserve_relative_path","","977682","4e10fe47c88d69e8e91b206804c974a73dee88db373e0ab6555afaf0cdf93aa6","true","977682","d2f0ce4b67a1d27e304b30e32c242f1e","image/png","false"
"nouns","skip_verified","/Users/Sean/Desktop/nouns-backup/nouns/teddy_bear/teddy_bear_1.png","nouns/teddy_bear/teddy_bear_1.png","preserve_relative_path","","761242","18c5c852f4e20c2b0da5260a7586bef0f9348b81fcdd0f184b829e572196be03","true","761242","045cf9211b99be4fffaade48dc762b0d","image/png","false"
"nouns","skip_verified","/Users/Sean/Desktop/nouns-backup/nouns/teddy_bear/teddy_bear_2.png","nouns/teddy_bear/teddy_bear_2.png","preserve_relative_path","","1191331","46c0a3d8ae247b3e668dcbec42a725b3d5e920a9c242aab51680bca259d59363","true","1191331","bd849924623b259bb24a2d419b7cb5d5","image/png","false"
"nouns","skip_verified","/Users/Sean/Desktop/nouns-backup/nouns/teddy_bear/teddy_bear_3.png","nouns/teddy_bear/teddy_bear_3.png","preserve_relative_path","","1416544","63c9ddcecc3034346ff94e022db47822d9585834ebd82ff7cb8ba5a67cf1348b","true","1416544","98c369d05b5edadf7b6ce78f38e9fcc5","image/png","false"
"nouns","skip_verified","/Users/Sean/Desktop/nouns-backup/nouns/teenager/teenager_1.png","nouns/teenager/teenager_1.png","preserve_relative_path","","656452","3b4f54a5e9e0d7ca0fa788d2790aed4d558899f9fa1a15cd412fa629cf17a28f","true","656452","0b9ea25d1d949f3b3ac1c73afb74961f","image/png","false"
"nouns","skip_verified","/Users/Sean/Desktop/nouns-backup/nouns/teenager/teenager_2.png","nouns/teenager/teenager_2.png","preserve_relative_path","","1456925","23c13dfcd87ffb7cf9281891c1b2ea116e30ad1b123c7db98cf2fde149bf7f8a","true","1456925","1731d86d45b3285da192e4dd34e6bf2a","image/png","false"
"nouns","skip_verified","/Users/Sean/Desktop/nouns-backup/nouns/teeth/teeth_1.png","nouns/teeth/teeth_1.png","preserve_relative_path","","813642","0e065bb19618550965d66a2b62e9cc61a7b9cb8e3fc6ae6f0dae2912b2232e2b","true","813642","cd779735bb98a9e97177ba590998ce5e","image/png","false"
"nouns","skip_verified","/Users/Sean/Desktop/nouns-backup/nouns/teeth/teeth_2.png","nouns/teeth/teeth_2.png","preserve_relative_path","","1132716","ea70d00517c9df424f5b2f25fde88fc598c62bb5724148508e8e6ccb6db8fdfa","true","1132716","4a3572ab7f3cc70c817d449efd50fc44","image/png","false"
"nouns","skip_verified","/Users/Sean/Desktop/nouns-backup/nouns/teeth/teeth_3.png","nouns/teeth/teeth_3.png","preserve_relative_path","","1128134","5427bd542f6ab65d00f5c6a5aa13dd84e8a44d0f58c2c1eb5d399daf933b7538","true","1128134","a0938fdfc8dfd82705f0fb3b47075daf","image/png","false"
"nouns","skip_verified","/Users/Sean/Desktop/nouns-backup/nouns/temperature/temperature_1.png","nouns/temperature/temperature_1.png","preserve_relative_path","","2540237","381e0065f9748f11f021e2497cca1f01002fb7148bca33aa4438320321a69a9a","true","2540237","a5dbd9d56b6266b034c81ab6171b4ae6","image/png","false"
"nouns","skip_verified","/Users/Sean/Desktop/nouns-backup/nouns/temperature/temperature_2.png","nouns/temperature/temperature_2.png","preserve_relative_path","","1299853","26cba2a525d3d59d79de16f009f49bec8ac9bb5236c16ea77b7c9c8301287c9c","true","1299853","28fddf0db703e7bc595035c142962928","image/png","false"
"nouns","skip_verified","/Users/Sean/Desktop/nouns-backup/nouns/ten_fifteen/ten_fifteen_1.png","nouns/ten_fifteen/ten_fifteen_1.png","preserve_relative_path","","25391","e9fb4534a9db5328b7d83ab002cf8d19e8dcdd733f2f6c54e7c9b0b392896511","true","25391","cecf1782bb98a39ff6485793ece90632","image/png","false"
"nouns","skip_verified","/Users/Sean/Desktop/nouns-backup/nouns/ten_fifteen/ten_fifteen_2.png","nouns/ten_fifteen/ten_fifteen_2.png","preserve_relative_path","","2450662","dc5b06c8df8ba674af0105ec43c81852883c45b9dfff6321b1f678f5745e9775","true","2450662","4de039eacd1f424f6af7de3e9d3b47fa","image/png","false"
"nouns","skip_verified","/Users/Sean/Desktop/nouns-backup/nouns/ten_fifteen/ten_fifteen_3.png","nouns/ten_fifteen/ten_fifteen_3.png","preserve_relative_path","","23088","f8ade01a9014a9b309481f6cd9a1e78255044ebd73559c8de99b07212f264360","true","23088","5a2814ab02ed9a38a2be4345302d0391","image/png","false"
"nouns","skip_verified","/Users/Sean/Desktop/nouns-backup/nouns/ten_forty_five/ten_forty_five_1.png","nouns/ten_forty_five/ten_forty_five_1.png","preserve_relative_path","","25382","e65b2358658b4e3988982ef70c29e5de19ef32a64ac65f3f7cbc4c988158bda0","true","25382","14f4aae76fde551ba4395af5e6a1447c","image/png","false"
"nouns","skip_verified","/Users/Sean/Desktop/nouns-backup/nouns/ten_forty_five/ten_forty_five_2.png","nouns/ten_forty_five/ten_forty_five_2.png","preserve_relative_path","","2442137","ca6b5a0d586e754ce20e99362a995bfec9efb16a2fadfed757757bb65876da90","true","2442137","70dbf29a705313219b147da5b118616e","image/png","false"
"nouns","skip_verified","/Users/Sean/Desktop/nouns-backup/nouns/ten_forty_five/ten_forty_five_3.png","nouns/ten_forty_five/ten_forty_five_3.png","preserve_relative_path","","24782","4519b243585b3a523b67d469a1269edb0f767bbc53c558ed8a420affaeafbb56","true","24782","44c9207cb7e30f1fd4d137c27e72f335","image/png","false"
"nouns","skip_verified","/Users/Sean/Desktop/nouns-backup/nouns/ten_oclock/ten_oclock_1.png","nouns/ten_oclock/ten_oclock_1.png","preserve_relative_path","","25568","5fbdb500d4a83c5c97a346973b5d01a811c7334b810defa880cd7c0c34a6b723","true","25568","3fdb573cef6cff9f56322030f632cd4b","image/png","false"
"nouns","skip_verified","/Users/Sean/Desktop/nouns-backup/nouns/ten_oclock/ten_oclock_2.png","nouns/ten_oclock/ten_oclock_2.png","preserve_relative_path","","1118795","f4b9d04a2d57c597c0f5f4ead78899b64a6f7266123b18526ba3b1923cf7a88d","true","1118795","3a5bdc9bd0ff1892b6db320fd0ae7ba2","image/png","false"
"nouns","skip_verified","/Users/Sean/Desktop/nouns-backup/nouns/ten_oclock/ten_oclock_3.png","nouns/ten_oclock/ten_oclock_3.png","preserve_relative_path","","21180","06a090f6b5c2db7807da9d779257cf1ff8ee660b8efe823e4013949b1373d8da","true","21180","60535291979dde38530b3af4cbd73f38","image/png","false"
"nouns","skip_verified","/Users/Sean/Desktop/nouns-backup/nouns/ten_thirty/ten_thirty_1.png","nouns/ten_thirty/ten_thirty_1.png","preserve_relative_path","","25456","9ab68ef39ddf8c5021990f5f2be275c7e366334844f0bd979f0c09cbf8139278","true","25456","b99075d02021c3f791e8fc4b652dc3bd","image/png","false"
"nouns","skip_verified","/Users/Sean/Desktop/nouns-backup/nouns/ten_thirty/ten_thirty_2.png","nouns/ten_thirty/ten_thirty_2.png","preserve_relative_path","","2457213","029c099bcf0271bc87316feb4e4dfc6eea90c6d0a55358148087505b7ca9d43c","true","2457213","7c132d6ee274e9f644d7791989679246","image/png","false"
"nouns","skip_verified","/Users/Sean/Desktop/nouns-backup/nouns/ten_thirty/ten_thirty_3.png","nouns/ten_thirty/ten_thirty_3.png","preserve_relative_path","","25652","3bbc8f23f564f901230f07947b385fa2fa633b86a69f86a091370918d167a821","true","25652","c152653e13f034fb75ef85ef7e6a6757","image/png","false"
"nouns","skip_verified","/Users/Sean/Desktop/nouns-backup/nouns/ten_thousand/ten_thousand_1.png","nouns/ten_thousand/ten_thousand_1.png","preserve_relative_path","","561899","f31d897247dd12734d0cf011f5b88ed80b8942ee5584ff040f995b8ab364eb1c","true","561899","298bc322a66b1c10deb36bc06f292ec2","image/png","false"
"nouns","skip_verified","/Users/Sean/Desktop/nouns-backup/nouns/ten/ten_1.png","nouns/ten/ten_1.png","preserve_relative_path","","792664","2120e0c7b652172112148e0252d08434b12df3f25e2c2f979186b5c5c603c76a","true","792664","08eb76f2b030c41d265693528495ca57","image/png","false"
"nouns","skip_verified","/Users/Sean/Desktop/nouns-backup/nouns/tennis/tennis_1.png","nouns/tennis/tennis_1.png","preserve_relative_path","","2630822","044c7f1d8a0cb1773ee0f3549dd9594f310ddbdef7bc0f39fb490fde36ddae37","true","2630822","3a880ea6a09c184024a72e0340bc7ceb","image/png","false"
"nouns","skip_verified","/Users/Sean/Desktop/nouns-backup/nouns/tennis/tennis_2.png","nouns/tennis/tennis_2.png","preserve_relative_path","","1993872","a144c4ccc59fdfadc235d1ad2bbf0967ccfa7bcde627c74569346af7137f6e5d","true","1993872","87204fc8269548b3d06f390bd1a865f3","image/png","false"
"nouns","skip_verified","/Users/Sean/Desktop/nouns-backup/nouns/tennis/tennis_3.png","nouns/tennis/tennis_3.png","preserve_relative_path","","2256786","c31ae4353fe72ace9efa7de159303d333cf3cce2eeb094cfaad4f087ba8d19eb","true","2256786","6427b48dfe4f7679fc2c81c93dd7b16a","image/png","false"
"nouns","skip_verified","/Users/Sean/Desktop/nouns-backup/nouns/textbook/textbook_1.png","nouns/textbook/textbook_1.png","preserve_relative_path","","1083583","56a7d543cbe127774deb9cbecd5dca2b556f01411e738fed49482e760b50a40c","true","1083583","b25852fb5173ba25f14af39c50c6f062","image/png","false"
"nouns","skip_verified","/Users/Sean/Desktop/nouns-backup/nouns/textbook/textbook_2.png","nouns/textbook/textbook_2.png","preserve_relative_path","","1334547","9c6f2a6e1cb9f20975ff52b5dbc944fabfd2f33723561f21a47989b980dcf776","true","1334547","3249de3ff9026fd1d12d8912c808fe9c","image/png","false"
"nouns","skip_verified","/Users/Sean/Desktop/nouns-backup/nouns/textbook/textbook_3.png","nouns/textbook/textbook_3.png","preserve_relative_path","","1108391","7ba301603770553575030290b1699d3908c90c197993b09976c5d8c44fe7d252","true","1108391","518960f0bea0100f1e5fc4e4d4eaab3e","image/png","false"
"nouns","skip_verified","/Users/Sean/Desktop/nouns-backup/nouns/thanksgiving/thanksgiving_1.png","nouns/thanksgiving/thanksgiving_1.png","preserve_relative_path","","1509963","4230448203e1788bd383428bfff55d83a6b22313825b5e0d0218e1c3dfe0c53e","true","1509963","ff931e641d45f06d89234a01f785ecd2","image/png","false"
"nouns","skip_verified","/Users/Sean/Desktop/nouns-backup/nouns/thanksgiving/thanksgiving_2.png","nouns/thanksgiving/thanksgiving_2.png","preserve_relative_path","","1349886","d37380b44e830001693308117e5a5ce915bef8704d35af4878e509106f0615dc","true","1349886","df997eb8f7c54b24501ffc5cfb5d3fd6","image/png","false"
"nouns","skip_verified","/Users/Sean/Desktop/nouns-backup/nouns/thirteen/thirteen_1.png","nouns/thirteen/thirteen_1.png","preserve_relative_path","","862912","e636a23cb20c88e18bfa735c84934c069d611bc02bbb9882db4efaf4245890dd","true","862912","26174415c0df42cd451880f1f9c91e9d","image/png","false"
"nouns","skip_verified","/Users/Sean/Desktop/nouns-backup/nouns/thirty_one/thirty_one_1.png","nouns/thirty_one/thirty_one_1.png","preserve_relative_path","","896997","f50ce6d9d33d8bf1939ec5132d725a3a239b8b46e5719477beab7782ad26a5c4","true","896997","8f72bc0c7b33571a647926f3d17c10a8","image/png","false"
"nouns","skip_verified","/Users/Sean/Desktop/nouns-backup/nouns/thirty/thirty_1.png","nouns/thirty/thirty_1.png","preserve_relative_path","","777093","abefc694395eb1cf196dd2256315d064de4704dff0eb5f80f39e07e2d7e84bed","true","777093","618ca51bc7129acac41f71c5f642f12c","image/png","false"
"nouns","skip_verified","/Users/Sean/Desktop/nouns-backup/nouns/three_oclock/three_oclock_1.png","nouns/three_oclock/three_oclock_1.png","preserve_relative_path","","24973","a0ed958f3608bee42486e36aaa7b7135d2cac3a06eea3d75e052b527d5f224dc","true","24973","3f2881fb9b01754fd95cb1957de1098b","image/png","false"
"nouns","skip_verified","/Users/Sean/Desktop/nouns-backup/nouns/three_oclock/three_oclock_2.png","nouns/three_oclock/three_oclock_2.png","preserve_relative_path","","722071","d8ded0a0f98c37f733ecc36d61f93bd442d47d00f1ae2653e66bf752e60b39e0","true","722071","56b92910be0a40e09eea829e9c8ff0b1","image/png","false"
"nouns","skip_verified","/Users/Sean/Desktop/nouns-backup/nouns/three_oclock/three_oclock_3.png","nouns/three_oclock/three_oclock_3.png","preserve_relative_path","","23109","d723d4943050930a238c61fc07779911b853fe2cfb84ad388bb663f20e09abb1","true","23109","55e3709fddb02f2b9047fe76da90a2cb","image/png","false"
"nouns","skip_verified","/Users/Sean/Desktop/nouns-backup/nouns/three/three_1.png","nouns/three/three_1.png","preserve_relative_path","","667337","1bd294bc8a00c645e87001f78c7837a26707ca8a4eb8a95aef1599a917751e09","true","667337","610f993ca328fae2970944b23f64bc8a","image/png","false"
"nouns","skip_verified","/Users/Sean/Desktop/nouns-backup/nouns/thunder/thunder_1.png","nouns/thunder/thunder_1.png","preserve_relative_path","","646332","75c21383f15d6b41ab1205961c45ad84666ab3261d47154577b1997839fa19e3","true","646332","c2ff4b748731d0cea859874c4e5ec86e","image/png","false"
"nouns","skip_verified","/Users/Sean/Desktop/nouns-backup/nouns/thunder/thunder_2.png","nouns/thunder/thunder_2.png","preserve_relative_path","","2411411","afc8bdad369e7daa9b18fc2db6567c372b308237812cd3b49a663df3844ec5a4","true","2411411","e0842d37b820347e6af5c95a5e878a7d","image/png","false"
"nouns","skip_verified","/Users/Sean/Desktop/nouns-backup/nouns/thursday/thursday_1.png","nouns/thursday/thursday_1.png","preserve_relative_path","","727195","6f34beec899dac7521eb9acf7f5b07547942659d13ae27039fa0987dfd7172df","true","727195","fdd28d27333120d5b0e40b8297396080","image/png","false"
"nouns","skip_verified","/Users/Sean/Desktop/nouns-backup/nouns/tie/tie_1.png","nouns/tie/tie_1.png","preserve_relative_path","","557818","6b1112e36a8800cb1b811cb94eccbbd9a62f1e021c268716e1bc2ba3a5fff327","true","557818","c50fdd7c16224b4c1bab24b1ad8a36fe","image/png","false"
"nouns","skip_verified","/Users/Sean/Desktop/nouns-backup/nouns/tie/tie_2.png","nouns/tie/tie_2.png","preserve_relative_path","","1334323","99a5c78f9a4a0c243b8ab2ed240074cab4a0e4bccdb6b3f9f11a50f0fb6f8155","true","1334323","634d46f9e531709ff2ea8353e9b314eb","image/png","false"
"nouns","skip_verified","/Users/Sean/Desktop/nouns-backup/nouns/tiger_cub/tiger_cub_1.png","nouns/tiger_cub/tiger_cub_1.png","preserve_relative_path","","1008759","c12698e8202251700cf0fef099958c16ff6628a5b2589cbb11589262e7322b63","true","1008759","6e6ed8cbe24264f0acaeb2439a8bcc77","image/png","false"
"nouns","skip_verified","/Users/Sean/Desktop/nouns-backup/nouns/tiger_cub/tiger_cub_2.png","nouns/tiger_cub/tiger_cub_2.png","preserve_relative_path","","1215782","25ac8b079bacd07506680e9b98720b4c3acbf0a54b16c5fe36efc0804ae323d7","true","1215782","481029a4d5032ad2f0535185c9a2bcdc","image/png","false"
"nouns","skip_verified","/Users/Sean/Desktop/nouns-backup/nouns/tiger/tiger_1.png","nouns/tiger/tiger_1.png","preserve_relative_path","","1133250","6c8113b33e7c36792d91111252c67ae4036ad38f286bf653b3468a9175e71e11","true","1133250","eb9ffe39545ed6d1eeabd61bc86b41fb","image/png","true"
"nouns","skip_verified","/Users/Sean/Desktop/nouns-backup/nouns/tiger/tiger_2.png","nouns/tiger/tiger_2.png","preserve_relative_path","","1437938","926538ecf92a609d4febc84f09a7c6b42bfc164c5c87780b0085cba1d135bd66","true","1437938","9c0b7662fd0c76077b334245395a1ca7","image/png","true"
"nouns","skip_verified","/Users/Sean/Desktop/nouns-backup/nouns/toast/toast_1.png","nouns/toast/toast_1.png","preserve_relative_path","","977317","531fd24a64f273bfb86dc2c40c8a049bc6f7e8c3119a6db92bd8e8017cb45849","true","977317","ac885f477018840d6f860be94507e431","image/png","false"
"nouns","skip_verified","/Users/Sean/Desktop/nouns-backup/nouns/toast/toast_2.png","nouns/toast/toast_2.png","preserve_relative_path","","1514072","fe73187588e6f4e4a309b390e78d1c9a13092868c004c32625bed8af9a232d81","true","1514072","efd2f5c02e388e66950468fc22759e57","image/png","false"
"nouns","skip_verified","/Users/Sean/Desktop/nouns-backup/nouns/toaster/toaster_1.png","nouns/toaster/toaster_1.png","preserve_relative_path","","826380","036c5df1e361e7d106cdbe1c823ae73c9eef7426c335b8001446ef75d8ede453","true","826380","0f687ff4cec776322770b9f9ae6c6bf7","image/png","false"
"nouns","skip_verified","/Users/Sean/Desktop/nouns-backup/nouns/toaster/toaster_2.png","nouns/toaster/toaster_2.png","preserve_relative_path","","1085972","73bdf6a5a7b588fc05fa78cabdbaa88fe5b6d86dee46a3f6cfb3c427e1608593","true","1085972","6436121004ba18725d1e453b51c0513c","image/png","false"
"nouns","skip_verified","/Users/Sean/Desktop/nouns-backup/nouns/toe/toe_1.png","nouns/toe/toe_1.png","preserve_relative_path","","823616","53c13e7a3f7449f2f702d38be4afaa06b8367f3e01ec51fd85cf264ae0545f32","true","823616","bad9b2036cbc99bb9308f8574fd87f77","image/png","false"
"nouns","skip_verified","/Users/Sean/Desktop/nouns-backup/nouns/toe/toe_2.png","nouns/toe/toe_2.png","preserve_relative_path","","1055556","f8d838cfbc55093d4bf6c4b1e9575950e37a9488ad72139997c94379727aba7d","true","1055556","3c9c466630060e293baa8e5e7743ce86","image/png","false"
"nouns","skip_verified","/Users/Sean/Desktop/nouns-backup/nouns/toe/toe_3.png","nouns/toe/toe_3.png","preserve_relative_path","","948885","89c2744a3ea0f18cdab6058bc11ab277acf800445bce35f9b81f9be468d4462b","true","948885","a79d341b5e3784d65ebca43633d54f64","image/png","false"
"nouns","skip_verified","/Users/Sean/Desktop/nouns-backup/nouns/toilet_furniture/toilet_furniture_1.png","nouns/toilet_furniture/toilet_furniture_1.png","preserve_relative_path","","706678","e6aab30265700157953662aafb6321229277878d661759c9444b4a2c0d5c17fe","true","706678","d3f8643526314b02eb82c64450822d4d","image/png","false"
"nouns","skip_verified","/Users/Sean/Desktop/nouns-backup/nouns/toilet_furniture/toilet_furniture_2.png","nouns/toilet_furniture/toilet_furniture_2.png","preserve_relative_path","","886854","87cf2037606d9805063723f13432a0a639c5905266507662dae1c9a06ea7d035","true","886854","4573a86f57f6db53988c7f5432ae40ed","image/png","false"
"nouns","skip_verified","/Users/Sean/Desktop/nouns-backup/nouns/toilet_rooms/toilet_1.png","nouns/toilet_rooms/toilet_1.png","preserve_relative_path","","1852019","8833d2a43546e555ae9e97f1b22b15dfa416dcbb2dc78893cc261264c96a6212","true","1852019","f116eaf0eaf908e3e4a39c12de0c48f8","image/png","false"
"nouns","skip_verified","/Users/Sean/Desktop/nouns-backup/nouns/toilet_rooms/toilet_2.png","nouns/toilet_rooms/toilet_2.png","preserve_relative_path","","2662656","858a6413dd08c7d896a656f46e7014383661540ff8bc84ccaa143669b6a10792","true","2662656","99d01964f58b9f8d7a0450b534c7e34f","image/png","false"
"nouns","skip_verified","/Users/Sean/Desktop/nouns-backup/nouns/toilet_rooms/toilet_3.png","nouns/toilet_rooms/toilet_3.png","preserve_relative_path","","2010287","8190845af29b997c35325eb7a469b495e09b4e073de7e0fffa8544ea6056e783","true","2010287","6b025816c094272f0adf3e10facfcffa","image/png","false"
"nouns","skip_verified","/Users/Sean/Desktop/nouns-backup/nouns/tomato/tomato_1.png","nouns/tomato/tomato_1.png","preserve_relative_path","","985399","459bfa6f3dd39967bdc0f914b6747cf755355987098b242d66f9e7155cbe71f2","true","985399","46176eeb5fc4c00b333d2828291e8ee9","image/png","true"
"nouns","skip_verified","/Users/Sean/Desktop/nouns-backup/nouns/tomato/tomato_2.png","nouns/tomato/tomato_2.png","preserve_relative_path","","1260654","7c0b305051e419c64f93f314817da85b3cd68dd94af321919cbd78bc71b1da4c","true","1260654","88eb290fb436fb0c6c758df863132f9f","image/png","true"
"nouns","skip_verified","/Users/Sean/Desktop/nouns-backup/nouns/tomato/tomato_3.png","nouns/tomato/tomato_3.png","preserve_relative_path","","1119626","392b63768558ff60a99d5baba3476bcf1f137a39cce711129fc70563d85fe7e2","true","1119626","504106e337fcf7d07fb21729870ed77f","image/png","true"
"nouns","skip_verified","/Users/Sean/Desktop/nouns-backup/nouns/tomorrow/tomorrow_1.png","nouns/tomorrow/tomorrow_1.png","preserve_relative_path","","1448646","f32bc012b1bb98b9ad62b1028c7ec18c7e5c570d84b67016ac8dbf076c6a6f0e","true","1448646","330a1dc5be1c2038162254d37b5dcd6a","image/png","false"
"nouns","skip_verified","/Users/Sean/Desktop/nouns-backup/nouns/tomorrow/tomorrow_2.png","nouns/tomorrow/tomorrow_2.png","preserve_relative_path","","2641962","e8101a5e2ff16758fb4862335e169c182f67a55cf1fd2427220abfc65a346449","true","2641962","02ddacdd5b2b21ade6233260b6ddbefe","image/png","false"
"nouns","skip_verified","/Users/Sean/Desktop/nouns-backup/nouns/tongs/tongs_1.png","nouns/tongs/tongs_1.png","preserve_relative_path","","456339","f12df2721c64713930433a6d9671e2d4ef035199534e13bfff0447cbac2d1217","true","456339","c960e0c6773a24b5a242e81223b75a91","image/png","false"
"nouns","skip_verified","/Users/Sean/Desktop/nouns-backup/nouns/tongs/tongs_2.png","nouns/tongs/tongs_2.png","preserve_relative_path","","636238","6aef1715dd25a0f3dbd77b92c1f23ba9b771aca81824035f6ceef56901823375","true","636238","5d23bfe2db65b07714bfcff27056b0c2","image/png","false"
"nouns","skip_verified","/Users/Sean/Desktop/nouns-backup/nouns/tongs/tongs_3.png","nouns/tongs/tongs_3.png","preserve_relative_path","","1473510","287c907c1202eb851b9c848ca08a388c8cf883be7a6ae3e6ec5e0138fc55a96f","true","1473510","23d734d9bd9d9fbc8334211c6ddaa321","image/png","false"
"nouns","skip_verified","/Users/Sean/Desktop/nouns-backup/nouns/tooth/tooth_1.png","nouns/tooth/tooth_1.png","preserve_relative_path","","914586","d6a397121bd21a147ad5628b06e3a4141d323ac5486caadda961c61b9b873ff0","true","914586","921695627e78f8f1e9c0d53ef11a3f57","image/png","false"
"nouns","skip_verified","/Users/Sean/Desktop/nouns-backup/nouns/tooth/tooth_2.png","nouns/tooth/tooth_2.png","preserve_relative_path","","1192746","5fbca25e4461e094eab1948e3f0b2f93c5f17d6993f5766a3ce2c0e687c28165","true","1192746","0240f5b4337ed0cd33c72397925b68e7","image/png","false"
"nouns","skip_verified","/Users/Sean/Desktop/nouns-backup/nouns/tooth/tooth_3.png","nouns/tooth/tooth_3.png","preserve_relative_path","","1300254","36c54879c744dd104f166acb091c9c605bfd939840463fecf5d7dd3e272140da","true","1300254","5d14f2d77996eb6969a11e9d3fc5b371","image/png","false"
"nouns","skip_verified","/Users/Sean/Desktop/nouns-backup/nouns/toothache/toothache_1.png","nouns/toothache/toothache_1.png","preserve_relative_path","","2521298","df679f90e374f37fdac56f2d72f5d79ef58d8dca3ef5bad1c87828297a47a71e","true","2521298","e6179af81443849222b172fdd29ccbd6","image/png","false"
"nouns","skip_verified","/Users/Sean/Desktop/nouns-backup/nouns/toothache/toothache_2.png","nouns/toothache/toothache_2.png","preserve_relative_path","","726222","bf5f44a04b916aae72bf5107fdffd0068c5a418edf855a25ebc6b61c1e6aa0d0","true","726222","ebcc73ffce1562d5d563fc96faf6fdc3","image/png","false"
"nouns","skip_verified","/Users/Sean/Desktop/nouns-backup/nouns/top/top_1.png","nouns/top/top_1.png","preserve_relative_path","","923656","bc49c8ca05487e4d0d71d7a9b1d5cd25aea768ea4cedc0607f2432fc45c10bf7","true","923656","58a0de1e9c409533d5d87796cca1d063","image/png","false"
"nouns","skip_verified","/Users/Sean/Desktop/nouns-backup/nouns/top/top_2.png","nouns/top/top_2.png","preserve_relative_path","","1362424","40c0fc6592eeb941b06a70f69651d2322c5082983472547f3611cf574bd4bab9","true","1362424","6401d47eccf724ddcb91ad21aec87b4a","image/png","false"
"nouns","skip_verified","/Users/Sean/Desktop/nouns-backup/nouns/top/top_3.png","nouns/top/top_3.png","preserve_relative_path","","2602782","51e6fef989d292ad5d4742c33d1849f6e7afcd8b567f73003e2b588e0715ed98","true","2602782","8060dbd36e34815b85568a245ead3202","image/png","false"
"nouns","skip_verified","/Users/Sean/Desktop/nouns-backup/nouns/tortoise/tortoise_1.png","nouns/tortoise/tortoise_1.png","preserve_relative_path","","1221445","fccee1e8c85d2567d14fa688fb7f981307f41b538c2f8be69d8eb447e4573d2d","true","1221445","a86a57bdb2abb3a2b473454b86b03e33","image/png","true"
"nouns","skip_verified","/Users/Sean/Desktop/nouns-backup/nouns/tortoise/tortoise_2.png","nouns/tortoise/tortoise_2.png","preserve_relative_path","","1021462","32f262c20026fed765a762fe3188951427189677f47a900438e2eb893a171f7e","true","1021462","2eb9a230266f6285154f5d094915bbf0","image/png","true"
"nouns","skip_verified","/Users/Sean/Desktop/nouns-backup/nouns/toy_car/toy_car_1.png","nouns/toy_car/toy_car_1.png","preserve_relative_path","","949139","53253492e6419aa3f4eb9aaf4d3b18e519f576284e37154729a7539f945cb44a","true","949139","f22c9f36041b1e0169635634efbe1b8a","image/png","false"
"nouns","skip_verified","/Users/Sean/Desktop/nouns-backup/nouns/toy_car/toy_car_2.png","nouns/toy_car/toy_car_2.png","preserve_relative_path","","1197776","1c0299eaa05b870ecd85a159e23365d25fbb038e133d233b61b797b793b3c354","true","1197776","790ef033b83b4f054701e1fbb746e5f3","image/png","false"
"nouns","skip_verified","/Users/Sean/Desktop/nouns-backup/nouns/toy_car/toy_car_3.png","nouns/toy_car/toy_car_3.png","preserve_relative_path","","1089044","124146ce0a784cc5e623385d174440a5a5d0ef19f11daf541270adb230d3d080","true","1089044","081a7139b21e68c855551f8c8a7f9fc1","image/png","false"
"nouns","skip_verified","/Users/Sean/Desktop/nouns-backup/nouns/toy_plane/airplane_1.png","nouns/toy_plane/airplane_1.png","preserve_relative_path","","701234","4c250e4bab934430fc60ecd442c039e7a626089ba7e9f5baeb57e501bf3e9b4c","true","701234","0f872b60b8c33f2ae2686ff95b00a239","image/png","false"
"nouns","skip_verified","/Users/Sean/Desktop/nouns-backup/nouns/toy_plane/airplane_2.png","nouns/toy_plane/airplane_2.png","preserve_relative_path","","700757","e6a254c87f7013708f4802e82c54e33918ed659ae01abcedd783d8aa18b2bd5e","true","700757","3029867eb500044505ba8adabefa89d7","image/png","false"
"nouns","skip_verified","/Users/Sean/Desktop/nouns-backup/nouns/toy_plane/airplane_3.png","nouns/toy_plane/airplane_3.png","preserve_relative_path","","1882922","0a1c95626fe91aeed8d1f0f52e91a617dddaec1c0d2149036d085e25293b4982","true","1882922","51cef3896fcaa679fb9aa1517655ab8b","image/png","false"
"nouns","skip_verified","/Users/Sean/Desktop/nouns-backup/nouns/train_station/train_station_1.png","nouns/train_station/train_station_1.png","preserve_relative_path","","1550830","68808c8547e4292848954f6b668cdd40259898adddce626015cd649de8d56be1","true","1550830","bc6ae9cd173bb397c36568159091d948","image/png","false"
"nouns","skip_verified","/Users/Sean/Desktop/nouns-backup/nouns/train_station/train_station_2.png","nouns/train_station/train_station_2.png","preserve_relative_path","","1976318","3452179649f2cd51de74397bb5190c8caed1d4fac915efede8206c754f8ad53e","true","1976318","57cc2235cde62f9975ac381709bc159a","image/png","false"
"nouns","skip_verified","/Users/Sean/Desktop/nouns-backup/nouns/train_station/train_station_3.png","nouns/train_station/train_station_3.png","preserve_relative_path","","3175049","f0e39a99b2c9294cf091dd416e71762b80e8da2d8e3a40dbba63cc9e42db3277","true","3175049","ada78d28e1a9c3210cf312568742d583","image/png","false"
"nouns","skip_verified","/Users/Sean/Desktop/nouns-backup/nouns/train/train_1.png","nouns/train/train_1.png","preserve_relative_path","","1118641","eb4357f5d14e6b5de653f830854979572241d806fdd364416c13d494ef8749df","true","1118641","28d9cc93ec4952354101b6491a23c41d","image/png","false"
"nouns","skip_verified","/Users/Sean/Desktop/nouns-backup/nouns/train/train_2.png","nouns/train/train_2.png","preserve_relative_path","","1739677","b39cf313413034f9a9721b6b294a22bf42d4a16b92e4ba87f7e398548fced415","true","1739677","30c0aebf1ab2baa2a1406ce6375b1e43","image/png","false"
"nouns","skip_verified","/Users/Sean/Desktop/nouns-backup/nouns/train/train_3.png","nouns/train/train_3.png","preserve_relative_path","","2053106","c9f17fa9339b65e2eb9313685a13d938a2c24c2b2e58d520e8df6afa537d38fc","true","2053106","2abe3974f88ca993aaec9a4c90d4e38d","image/png","false"
"nouns","skip_verified","/Users/Sean/Desktop/nouns-backup/nouns/trash_can/trash_can_1.png","nouns/trash_can/trash_can_1.png","preserve_relative_path","","912391","5cb2bbed18f9447b0908f3ceca1670c116a1c13ddc479359af8994019bdb3f3f","true","912391","2aede4ea42b1508bf6dfb18f99fbed83","image/png","false"
"nouns","skip_verified","/Users/Sean/Desktop/nouns-backup/nouns/trash_can/trash_can_2.png","nouns/trash_can/trash_can_2.png","preserve_relative_path","","1336865","83fe821b7d092e341cced4190cf1619b0e760a3cbc0e5fbe011bed2de5cd8afb","true","1336865","911b8e274626d2589e82d35fb6d7303d","image/png","false"
"nouns","skip_verified","/Users/Sean/Desktop/nouns-backup/nouns/trash_can/trash_can_3.png","nouns/trash_can/trash_can_3.png","preserve_relative_path","","1306710","dd36d5ae24e14f9ec49bced687377956c8d87176ffab27a19f04c45cd7ba25d7","true","1306710","482163792f4cea4ea9fd695cf1cfa386","image/png","false"
"nouns","skip_verified","/Users/Sean/Desktop/nouns-backup/nouns/tree/tree_1.png","nouns/tree/tree_1.png","preserve_relative_path","","1235088","cca123a34724468e10d6dc5046bbd4d00d69a53786591828cfdda0c3d247bbf6","true","1235088","596a7488d26f5c03bdbe5be0e6bdc2ae","image/png","false"
"nouns","skip_verified","/Users/Sean/Desktop/nouns-backup/nouns/tree/tree_2.png","nouns/tree/tree_2.png","preserve_relative_path","","1709130","7aad3022f56fcf65098f74dda21e9bf1fccf07cd1b0e16653737ca9b6341d53c","true","1709130","275d03197d32238b8aee380d97601cc2","image/png","false"
"nouns","skip_verified","/Users/Sean/Desktop/nouns-backup/nouns/truck/truck_1.png","nouns/truck/truck_1.png","preserve_relative_path","","1237917","3e0e1dff917644b955e5fe793bc9a84a2778cd3f70f6fcd19db935226a2caef4","true","1237917","2a361cba69b2519aec9a77c7b79a8150","image/png","false"
"nouns","skip_verified","/Users/Sean/Desktop/nouns-backup/nouns/truck/truck_2.png","nouns/truck/truck_2.png","preserve_relative_path","","1113861","4575578d9c2a2ff4a2de444701a4f7817d2c7549a8a28030fc4ad3fa9da1fc10","true","1113861","c97a904416d0d9adae07c08181eb5287","image/png","false"
"nouns","skip_verified","/Users/Sean/Desktop/nouns-backup/nouns/truck/truck_3.png","nouns/truck/truck_3.png","preserve_relative_path","","2574509","7893834526a5f8a7377106d0b9c045574c7e409893c2bd415e5431c9ec404e0d","true","2574509","c812769b9d8508ebf101094fbc1a2fb2","image/png","false"
"nouns","skip_verified","/Users/Sean/Desktop/nouns-backup/nouns/tuesday/tuesday_1.png","nouns/tuesday/tuesday_1.png","preserve_relative_path","","598632","232cb65c123877d9c30fc158d88b9ac1af2400239abe9849659706bc02e88ebf","true","598632","d1313e21cf8c0ef119fcd321d8bcec87","image/png","false"
"nouns","skip_verified","/Users/Sean/Desktop/nouns-backup/nouns/tuna/tuna_1.png","nouns/tuna/tuna_1.png","preserve_relative_path","","1307925","07d7231d60a84ef3833b1da98a7d35316f0665bc2595fc2dedde63f05921923a","true","1307925","3595afebd62ab8675bd0894b3a8dbc38","image/png","false"
"nouns","skip_verified","/Users/Sean/Desktop/nouns-backup/nouns/tuna/tuna_2.png","nouns/tuna/tuna_2.png","preserve_relative_path","","1348654","b969be1230a7dcfd727d0f44e1dd101530bfa5fb79f5fd059243a066b7524141","true","1348654","1e0a77cfbaa721bf66ae634ec091d4b0","image/png","false"
"nouns","skip_verified","/Users/Sean/Desktop/nouns-backup/nouns/turkey/turkey_1.png","nouns/turkey/turkey_1.png","preserve_relative_path","","1387886","ee38428d0d10f9d75272f6e992be5b2d9b307554dd29e7b0dd579020c3496916","true","1387886","31d4931713c03ae575bcb6636d831e25","image/png","true"
"nouns","skip_verified","/Users/Sean/Desktop/nouns-backup/nouns/turkey/turkey_2.png","nouns/turkey/turkey_2.png","preserve_relative_path","","1469655","9320bf0ef309a06779b3d11475bddf92247ab167066bc5c9e7946f4ca195ec24","true","1469655","715804e64e6d163a3506c3b28435004a","image/png","true"
"nouns","skip_verified","/Users/Sean/Desktop/nouns-backup/nouns/turnip/turnip_1.png","nouns/turnip/turnip_1.png","preserve_relative_path","","967798","44a15cba748192d8231dd5480998ec88568d7a5e0229ce2606c72da30ff64875","true","967798","8769e0f99504e1bc869e69c37390c267","image/png","true"
"nouns","skip_verified","/Users/Sean/Desktop/nouns-backup/nouns/turnip/turnip_2.png","nouns/turnip/turnip_2.png","preserve_relative_path","","1180447","eec322a45374b607753bbc7ce43bc8d080aab697b34b9db32271faa347282678","true","1180447","97a20fd770d308f3a984f0c68246b964","image/png","true"
"nouns","skip_verified","/Users/Sean/Desktop/nouns-backup/nouns/turnip/turnip_3.png","nouns/turnip/turnip_3.png","preserve_relative_path","","1159347","59f0babe90b92cad1d96d7dbecbd9486c45e600ccf119df115c9dd9ed903506e","true","1159347","34ebf9cd1f7f64650181b10a3fb52af1","image/png","true"
"nouns","skip_verified","/Users/Sean/Desktop/nouns-backup/nouns/turtle/turtle_1.png","nouns/turtle/turtle_1.png","preserve_relative_path","","972627","9a8ac99b6bd59bd95b2c58224527dfd63d783218445d902f41cd4a3dbca6b32d","true","972627","9c05c7aa0d8df29ade2acfb823a3f905","image/png","false"
"nouns","skip_verified","/Users/Sean/Desktop/nouns-backup/nouns/turtle/turtle_2.png","nouns/turtle/turtle_2.png","preserve_relative_path","","1022997","c108ff3a6d30dad3fe630b96b170537036711800bf4a57296f4fccdf4130adbb","true","1022997","463234d7a396adc05dd8aae9d09f7583","image/png","false"
"nouns","skip_verified","/Users/Sean/Desktop/nouns-backup/nouns/tv/tv_1.png","nouns/tv/tv_1.png","preserve_relative_path","","755384","20987a64f0a89931d52b880bfb005ee1e56ce99c4c4318a16b153e747f3c1b55","true","755384","5699a3ff58c00efe1a40786484c391b7","image/png","false"
"nouns","skip_verified","/Users/Sean/Desktop/nouns-backup/nouns/tv/tv_2.png","nouns/tv/tv_2.png","preserve_relative_path","","662054","086872ce6520b4be9a80145464c2d422717efef95973e4b7e475af65d70574cf","true","662054","09311d8524787beae53a08f7b8ee5349","image/png","false"
"nouns","skip_verified","/Users/Sean/Desktop/nouns-backup/nouns/twelve_oclock/twelve_oclock_1.png","nouns/twelve_oclock/twelve_oclock_1.png","preserve_relative_path","","24957","56ef523989eca3999a742dffacb80fa4274b05570d2c2aa8f782c53ff9f4c29d","true","24957","de44584b151bcf4da04a5f2db5a9e4de","image/png","false"
"nouns","skip_verified","/Users/Sean/Desktop/nouns-backup/nouns/twelve_oclock/twelve_oclock_2.png","nouns/twelve_oclock/twelve_oclock_2.png","preserve_relative_path","","2456447","2a517026dd1f1482dda4afb3a5340c466f8ed948772c2c9a4aae0a223876d662","true","2456447","a24501e1eff9aa2b8cc11dd33af9e160","image/png","false"
"nouns","skip_verified","/Users/Sean/Desktop/nouns-backup/nouns/twelve_oclock/twelve_oclock_3.png","nouns/twelve_oclock/twelve_oclock_3.png","preserve_relative_path","","21113","b65cd1e04914c08fed2503312e0f845a8de26349bee8b004f5ce7cc90470458b","true","21113","e75c1f9aabb0ea18f0f015637c5fc777","image/png","false"
"nouns","skip_verified","/Users/Sean/Desktop/nouns-backup/nouns/twelve/twelve_1.png","nouns/twelve/twelve_1.png","preserve_relative_path","","735781","d52ba805158a4dc93912b307fc052a6333f4c02a35ef8292ea761a3060afe74e","true","735781","d267fa0da84de359f22a87c4260ac54f","image/png","false"
"nouns","skip_verified","/Users/Sean/Desktop/nouns-backup/nouns/twenty_eight/twenty_eight_1.png","nouns/twenty_eight/twenty_eight_1.png","preserve_relative_path","","800176","7c62737b06e9ea25e050dc5cc939da8e80c2cb5706d9bff8bd6be6afbeff2fab","true","800176","8d9a68aae9603f819de65c55587dc8cd","image/png","false"
"nouns","skip_verified","/Users/Sean/Desktop/nouns-backup/nouns/twenty_five/twenty_five_1.png","nouns/twenty_five/twenty_five_1.png","preserve_relative_path","","707234","105c92158299a73e0bf33ded0c4d00535f83e12a1dba8ffb9dd0295bb3751775","true","707234","887096d9b5afb59cb8ea73cb0772acd9","image/png","false"
"nouns","skip_verified","/Users/Sean/Desktop/nouns-backup/nouns/twenty_four/twenty_four_1.png","nouns/twenty_four/twenty_four_1.png","preserve_relative_path","","1037548","dd6eaf8cde170e8815a5ee705812ab3d88979b0aa82a2816369e387388879d88","true","1037548","9de072ff2a246a80ad59a1b61d03f49e","image/png","false"
"nouns","skip_verified","/Users/Sean/Desktop/nouns-backup/nouns/twenty_nine/twenty_nine_1.png","nouns/twenty_nine/twenty_nine_1.png","preserve_relative_path","","808194","2d9cfd9b78326832911b49e47dc251245a3ebb7321899d34a9e7ea6e32e3e746","true","808194","5746c8b2b2eb1bf447ddaba92ec9bcda","image/png","false"
"nouns","skip_verified","/Users/Sean/Desktop/nouns-backup/nouns/twenty_one/twenty_one_1.png","nouns/twenty_one/twenty_one_1.png","preserve_relative_path","","670018","b034b9ec4ff7526469fe646b439609798e0d680c03f11b3f3850bf49cbf77339","true","670018","a38d61d0f57b8c6bbda59a7eed8e567c","image/png","false"
"nouns","skip_verified","/Users/Sean/Desktop/nouns-backup/nouns/twenty_seven/twenty_seven_1.png","nouns/twenty_seven/twenty_seven_1.png","preserve_relative_path","","531205","7ec4e8047a624cfde77e0efa750c05e752cd389edde672f1329b043e097cd9b7","true","531205","1b093c975cf02dfb29d23f8c93f31274","image/png","false"
"nouns","skip_verified","/Users/Sean/Desktop/nouns-backup/nouns/twenty_six/twenty_six_1.png","nouns/twenty_six/twenty_six_1.png","preserve_relative_path","","925833","3058e39f1f4c4e3ff56f33a6fa7a003907d7352bed6e1a141c616deb6e7c2655","true","925833","351a084e9b593edd82199a17dde1f24a","image/png","false"
"nouns","skip_verified","/Users/Sean/Desktop/nouns-backup/nouns/twenty_three/twenty_three_1.png","nouns/twenty_three/twenty_three_1.png","preserve_relative_path","","756242","2c4dff626ac5b0e2136cad154ccec6e2bbe38c1807bcd3c46d0efde4ec4a3e5b","true","756242","663c6f89acc171efc2ba5e7ff52a0d25","image/png","false"
"nouns","skip_verified","/Users/Sean/Desktop/nouns-backup/nouns/twenty_two/twenty_two_1.png","nouns/twenty_two/twenty_two_1.png","preserve_relative_path","","781503","6e8639667a6af3d4d2339a1457845a41ce5e867dc31340830bf4aefaa2582f45","true","781503","ed9a394c752ce439a4ad7c8d78bbe317","image/png","false"
"nouns","skip_verified","/Users/Sean/Desktop/nouns-backup/nouns/twenty/twenty_1.png","nouns/twenty/twenty_1.png","preserve_relative_path","","726302","44a104aaa221d07cccd8672f34a8b3784032f8bb022f37f40b0997f1cbc3f678","true","726302","dda0789eadd6571a627d44a89f6f3cca","image/png","false"
"nouns","skip_verified","/Users/Sean/Desktop/nouns-backup/nouns/two_fifteen/two_fifteen_1.png","nouns/two_fifteen/two_fifteen_1.png","preserve_relative_path","","25135","7b27dfb66838cc33f8c5e66a6818aa8d935ffd1b3f919bb022597bc3351ee0a6","true","25135","bf6cb00a8f0722d75a76ff76b7637fb2","image/png","false"
"nouns","skip_verified","/Users/Sean/Desktop/nouns-backup/nouns/two_fifteen/two_fifteen_2.png","nouns/two_fifteen/two_fifteen_2.png","preserve_relative_path","","966286","79a1bbe577d25303a4afbce3496795c08166c20500f443191972ea4aeee4d75e","true","966286","18e7bd378e0ad9d35acd358d6c6cc558","image/png","false"
"nouns","skip_verified","/Users/Sean/Desktop/nouns-backup/nouns/two_fifteen/two_fifteen_3.png","nouns/two_fifteen/two_fifteen_3.png","preserve_relative_path","","24074","8bdd2079d4a91181b51515b4c88dfa3b0465fddb67eec757417220b32743f2ad","true","24074","afd588fe52436c24e7210d4e8bc071ee","image/png","false"
"nouns","skip_verified","/Users/Sean/Desktop/nouns-backup/nouns/two_forty_five/two_forty_five_1.png","nouns/two_forty_five/two_forty_five_1.png","preserve_relative_path","","24975","abe382dacdd42c4fa63413eb4a9a1aa41da237dc5dc7d8a0f4925c561c4ee31c","true","24975","b0361ac77c21f216e36abd08c8e77dd4","image/png","false"
"nouns","skip_verified","/Users/Sean/Desktop/nouns-backup/nouns/two_forty_five/two_forty_five_2.png","nouns/two_forty_five/two_forty_five_2.png","preserve_relative_path","","1247702","9f708521f912c65ce4fbc2948bbfe3ab2d3353d3567232ff412f9b010f2ad881","true","1247702","42bfc85730b2ac0fee3c824753b5ca7a","image/png","false"
"nouns","skip_verified","/Users/Sean/Desktop/nouns-backup/nouns/two_forty_five/two_forty_five_3.png","nouns/two_forty_five/two_forty_five_3.png","preserve_relative_path","","24647","c4db2f6ba3f6047d7f4f12568203207ddc6feaae3f71ff2d46889f447f330691","true","24647","08aae0d514054c4ad1fe23044e37758b","image/png","false"
"nouns","skip_verified","/Users/Sean/Desktop/nouns-backup/nouns/two_oclock/two_oclock_1.png","nouns/two_oclock/two_oclock_1.png","preserve_relative_path","","25470","2b2786e9b3812f09bcca81a82a692e34b9177ae6f6032660b8b86d4a7d69f0c9","true","25470","8b49abbd1f77a4c58357ad6f754f3fc1","image/png","false"
"nouns","skip_verified","/Users/Sean/Desktop/nouns-backup/nouns/two_oclock/two_oclock_2.png","nouns/two_oclock/two_oclock_2.png","preserve_relative_path","","710239","d9acf43a217f0b479d97a5cd571328a2cfa3d25209aa93ff1e937fb703be1c14","true","710239","62db70a8f87727beae58d4a375143579","image/png","false"
"nouns","skip_verified","/Users/Sean/Desktop/nouns-backup/nouns/two_oclock/two_oclock_3.png","nouns/two_oclock/two_oclock_3.png","preserve_relative_path","","22256","ab5fcbb3e4c2f2348d0aeaa842ff572fc439eccc33ea6e777ae7a31dd3739d72","true","22256","690d45a7be9fe694ae66122041c1e0f6","image/png","false"
"nouns","skip_verified","/Users/Sean/Desktop/nouns-backup/nouns/two_thirty/two_thirty_1.png","nouns/two_thirty/two_thirty_1.png","preserve_relative_path","","25310","67cac211b6196a6a2ce7afdfacd1c360411c3afddeb3e06c037250079b20110f","true","25310","0f138a3aeab857279f53ed50ba8d3a84","image/png","false"
"nouns","skip_verified","/Users/Sean/Desktop/nouns-backup/nouns/two_thirty/two_thirty_2.png","nouns/two_thirty/two_thirty_2.png","preserve_relative_path","","1201490","9aaa84910453ad120b6848c8bba5f58bf3bc0b33832f08d228645fab6fbbb8eb","true","1201490","dab6105bf0d2d656e1a5431ef42ba482","image/png","false"
"nouns","skip_verified","/Users/Sean/Desktop/nouns-backup/nouns/two_thirty/two_thirty_3.png","nouns/two_thirty/two_thirty_3.png","preserve_relative_path","","26681","ea857c0b50f3827c6d33bb60eb8d1c6eba22b93904587865e74029368acd48c9","true","26681","9eadf42f295b9123dedf15663d06fcc6","image/png","false"
"nouns","skip_verified","/Users/Sean/Desktop/nouns-backup/nouns/two/two_1.png","nouns/two/two_1.png","preserve_relative_path","","793332","f3de525722ce3822a5d1bef473e7b296f86b8a8f7b63f305a13d75dd096c7ae5","true","793332","eef95f222d9bface90b842f1b318ff38","image/png","false"
"nouns","skip_verified","/Users/Sean/Desktop/nouns-backup/nouns/uncle/uncle_1.png","nouns/uncle/uncle_1.png","preserve_relative_path","","744825","3f3835a11f00aac90709a0a85eb2265167eb1e12e49dd46ceb7b96f76f11a4c1","true","744825","3bfdb9171e6b27e62c683d6ff865657c","image/png","false"
"nouns","skip_verified","/Users/Sean/Desktop/nouns-backup/nouns/uncle/uncle_2.png","nouns/uncle/uncle_2.png","preserve_relative_path","","933125","92e6a3de48411d507b664c67c37ca13838440ccb46dfca469bcee82b4f5d5c6e","true","933125","6cc664dbbdb324441673f141d00d8d60","image/png","false"
"nouns","skip_verified","/Users/Sean/Desktop/nouns-backup/nouns/uncle/uncle_3.png","nouns/uncle/uncle_3.png","preserve_relative_path","","917455","de0f267c177188c84aef9b22ed2eb0a5d2c60615ae3539b9adf882eba6ee2191","true","917455","a94cfc677729e53bdeeeaa18286c9d04","image/png","false"
"nouns","skip_verified","/Users/Sean/Desktop/nouns-backup/nouns/valentines_day/valentines_day_1.png","nouns/valentines_day/valentines_day_1.png","preserve_relative_path","","1035890","d6b8ed77998c798a4d4d084117fd0d764b3a2aa60e8435dac1796d695348d062","true","1035890","a8166a03cc903592f191cc8ca765b897","image/png","false"
"nouns","skip_verified","/Users/Sean/Desktop/nouns-backup/nouns/valentines_day/valentines_day_2.png","nouns/valentines_day/valentines_day_2.png","preserve_relative_path","","1662752","414013a14ca0f46e8057d8ea5359c0bb57592f3f039127b01a00920f8945a110","true","1662752","e7724574e2835cb6d10ff3cda7bfb729","image/png","false"
"nouns","skip_verified","/Users/Sean/Desktop/nouns-backup/nouns/van/van_1.png","nouns/van/van_1.png","preserve_relative_path","","1254619","7a262324552c37adac2857181e8815fe27af949b6150d27c683af46bba36466a","true","1254619","db5165a4d00fa11092ee26db057541b8","image/png","false"
"nouns","skip_verified","/Users/Sean/Desktop/nouns-backup/nouns/van/van_2.png","nouns/van/van_2.png","preserve_relative_path","","1113555","e3df6cc0b2f9fa2319c5665a4dd34526734f2ac8c59fdbd773fa6e66131cdd5e","true","1113555","fc437fbd8118d2991c768ff9f78f0c72","image/png","false"
"nouns","skip_verified","/Users/Sean/Desktop/nouns-backup/nouns/van/van_3.png","nouns/van/van_3.png","preserve_relative_path","","1332181","54cc134c9a60200c8b140dab1389c300130e03bce83614354f0b61aee2e36094","true","1332181","0301499b6397c3d6833e00354439d55a","image/png","false"
"nouns","skip_verified","/Users/Sean/Desktop/nouns-backup/nouns/vest/vest_1.png","nouns/vest/vest_1.png","preserve_relative_path","","1033749","c05527937ded29346a208a6b25b2b3728f6029584320c2aea5909e8712e08cbc","true","1033749","0b46ab46b42e4063dddfb511631cd8e7","image/png","false"
"nouns","skip_verified","/Users/Sean/Desktop/nouns-backup/nouns/vest/vest_2.png","nouns/vest/vest_2.png","preserve_relative_path","","1413569","e5da382e5c850d61095ebb9a2d53ee6f98b3ba5d6cbac9491bf11415e39d5a0d","true","1413569","1e7597138401d41aca7f43419098df0a","image/png","false"
"nouns","skip_verified","/Users/Sean/Desktop/nouns-backup/nouns/vet/vet_1.png","nouns/vet/vet_1.png","preserve_relative_path","","624947","f20344593253565e046bdb017a70070a3eb8fe219d201b1ca1e0d5eaf8c6e58d","true","624947","ade8a82d6f71b855931099056a0bd9e5","image/png","false"
"nouns","skip_verified","/Users/Sean/Desktop/nouns-backup/nouns/vet/vet_2.png","nouns/vet/vet_2.png","preserve_relative_path","","1372106","73626a8f0f38be441115c526dc379ea635ee6311eef4c0f4eea9977f1ada9e54","true","1372106","d233e1a15605adb4fab7b187608c74d4","image/png","false"
"nouns","skip_verified","/Users/Sean/Desktop/nouns-backup/nouns/veterinary_clinic/veterinary_clinic_1.png","nouns/veterinary_clinic/veterinary_clinic_1.png","preserve_relative_path","","1717519","2c9742b2780b6969f4bc0518c373292dceb6dfdc69deed3fffd5456666fa59e1","true","1717519","9434f6dbb8c40656d1fc0a1c1a1f88e1","image/png","false"
"nouns","skip_verified","/Users/Sean/Desktop/nouns-backup/nouns/veterinary_clinic/veterinary_clinic_2.png","nouns/veterinary_clinic/veterinary_clinic_2.png","preserve_relative_path","","1267651","02a90d9d2652c72208102ee63e3c64facbfefdaffee3a3fceb3b75bdca0a1d77","true","1267651","fd2212f41aa189f56785d398375f19ee","image/png","false"
"nouns","skip_verified","/Users/Sean/Desktop/nouns-backup/nouns/veterinary_clinic/vetinerary_clinic_3.png","nouns/veterinary_clinic/vetinerary_clinic_3.png","preserve_relative_path","","2968490","3243bd6ea5e240333b1207d1153ea7cabe4afb82989e4615f34bb3fe723ca437","true","2968490","b029afd6b7f79b885f38bc91926bde77","image/png","false"
"nouns","skip_verified","/Users/Sean/Desktop/nouns-backup/nouns/waffle/waffle_1.png","nouns/waffle/waffle_1.png","preserve_relative_path","","1292286","3370a582302e335e9d6f3f262e92730499c59237bf51cea97db20292e2122cc3","true","1292286","b8ab47cbd0e16f75ad15c8a75f413640","image/png","false"
"nouns","skip_verified","/Users/Sean/Desktop/nouns-backup/nouns/waffle/waffle_2.png","nouns/waffle/waffle_2.png","preserve_relative_path","","1689938","ae910ab7677ef057f44c26d3ec390767a8a5f9606cf93a1a502eb3a3419fe5d6","true","1689938","4455e297283c1026362a57362c681dd2","image/png","false"
"nouns","skip_verified","/Users/Sean/Desktop/nouns-backup/nouns/waiter/waiter_1.png","nouns/waiter/waiter_1.png","preserve_relative_path","","528972","03c4cb021e29ec0546aca7b0b52bacae78b62a6422011be5e478af20cb53e1b7","true","528972","d4c25b3144f7b53a876806ccdab7d5f4","image/png","false"
"nouns","skip_verified","/Users/Sean/Desktop/nouns-backup/nouns/waiter/waiter_2.png","nouns/waiter/waiter_2.png","preserve_relative_path","","1383108","ef9f12a677239508f4fd412f4d78843caf0bebcbc5f8c5cb3f0ab850c918c580","true","1383108","e25c53a597a45c00e4283789b932c0ba","image/png","false"
"nouns","skip_verified","/Users/Sean/Desktop/nouns-backup/nouns/wardrobe/wardrobe_1.png","nouns/wardrobe/wardrobe_1.png","preserve_relative_path","","691907","ae982ed2a9cfe7472e216b5fb6f71585a0f60838a274d257646504e60a7224bc","true","691907","0b89e389c4ade510e5572b8c7edf772d","image/png","false"
"nouns","skip_verified","/Users/Sean/Desktop/nouns-backup/nouns/wardrobe/wardrobe_2.png","nouns/wardrobe/wardrobe_2.png","preserve_relative_path","","1194052","03372183f18be1dcc1e79ce686cccf5e09675e3f4ad4b84b9f70cd175d95afdd","true","1194052","01c358d9e1c041f0e14bb2d2ac7198fa","image/png","false"
"nouns","skip_verified","/Users/Sean/Desktop/nouns-backup/nouns/warm/warm_1.png","nouns/warm/warm_1.png","preserve_relative_path","","937114","feffd097483e34b033cf226c416fbae3a4185bfcecbc94e1eb5ef022ef402a6a","true","937114","d822eb0f0bac0286fa89afba747a51b5","image/png","false"
"nouns","skip_verified","/Users/Sean/Desktop/nouns-backup/nouns/warm/warm_2.png","nouns/warm/warm_2.png","preserve_relative_path","","1967260","b40b0acb30693fc8e2bd5c8da10da4ffc79c0e9513ea85a28e622bdf47182695","true","1967260","57557310dacbaa3dc8d4a0d39fdc7101","image/png","false"
"nouns","skip_verified","/Users/Sean/Desktop/nouns-backup/nouns/washing_machine/washing_machine_1.png","nouns/washing_machine/washing_machine_1.png","preserve_relative_path","","991896","a04a399dda05132b4479da70728e850a19cbd8a96c06589ad6ac5d86120e974e","true","991896","ca76131a88b8c78652f64017e7ec4664","image/png","false"
"nouns","skip_verified","/Users/Sean/Desktop/nouns-backup/nouns/washing_machine/washing_machine_2.png","nouns/washing_machine/washing_machine_2.png","preserve_relative_path","","947204","3e8e6e948337924cbbfda79335536a6cf8f6d38bd7176d8e02e703bad8c84d7f","true","947204","bf236544a34b03c4d4777f0f28d01cc3","image/png","false"
"nouns","skip_verified","/Users/Sean/Desktop/nouns-backup/nouns/watch/watch_1.png","nouns/watch/watch_1.png","preserve_relative_path","","838023","dda9ecb6f920b2c1a27f12e0ae6805f360c6ba97f630ebcef9b90f0c55b24196","true","838023","c5619ea3fe139dca5d423f6b8fd38906","image/png","false"
"nouns","skip_verified","/Users/Sean/Desktop/nouns-backup/nouns/watch/watch_2.png","nouns/watch/watch_2.png","preserve_relative_path","","1261937","fd580c6368848c0dd3b1749c07bbce3a41162d67313f135a863b4d78e55925d1","true","1261937","9b8208578f813af710688d04edfeb47f","image/png","false"
"nouns","skip_verified","/Users/Sean/Desktop/nouns-backup/nouns/water/water_1.png","nouns/water/water_1.png","preserve_relative_path","","1149357","7843bc66cc63b9ceb9914f11e81bc0e7b7ca317cb735cdce2afc4f95bb5e83f9","true","1149357","19d9c3be0db99b6838815009e7b3038b","image/png","false"
"nouns","skip_verified","/Users/Sean/Desktop/nouns-backup/nouns/water/water_2.png","nouns/water/water_2.png","preserve_relative_path","","989063","f5110eb9cbc961d68c98814a4eacc5c44d17ba304b1f38aa1b4f56647bcdaa41","true","989063","be5d4de24096bb70637a105b1fd125af","image/png","false"
"nouns","skip_verified","/Users/Sean/Desktop/nouns-backup/nouns/water/water_3.png","nouns/water/water_3.png","preserve_relative_path","","1124640","c58422d5d5d36576e27c2488a92a9380adc54eb22eee8597bb24625e0ba90f73","true","1124640","d7575474370fd8493b89a481d76a318b","image/png","false"
"nouns","skip_verified","/Users/Sean/Desktop/nouns-backup/nouns/watermelon/watermelon_1.png","nouns/watermelon/watermelon_1.png","preserve_relative_path","","1031605","f930cb3c63840d25be9379e5937cd72df8d90b8eba42ab4cd9730fb13a97db84","true","1031605","feabcf137f190c0015e560ca61518156","image/png","true"
"nouns","skip_verified","/Users/Sean/Desktop/nouns-backup/nouns/watermelon/watermelon_2.png","nouns/watermelon/watermelon_2.png","preserve_relative_path","","1143002","db2ed6d8f75f60c890e66a8f961625129b4ab8f7a37131279dc3501dd23ef747","true","1143002","c29695df7656caf7718e1ae688ba05e8","image/png","true"
"nouns","skip_verified","/Users/Sean/Desktop/nouns-backup/nouns/watermelon/watermelon_3.png","nouns/watermelon/watermelon_3.png","preserve_relative_path","","2103983","63d480f5069e61c622de3dab2c9a0e30e26f3c7939d2cf17bf49e3c85144e951","true","2103983","248685e433a4ee2d57f235a4786203f7","image/png","true"
"nouns","skip_verified","/Users/Sean/Desktop/nouns-backup/nouns/wednesday/wednesday_1.png","nouns/wednesday/wednesday_1.png","preserve_relative_path","","729921","9892b34b7f761a78d71fa8e040a012a3a795d6b7b6ba765b7dfdbd1061478ff4","true","729921","7c9f6a94c5dc7d83548e5d7ace121e16","image/png","false"
"nouns","skip_verified","/Users/Sean/Desktop/nouns-backup/nouns/whale/whale_1.png","nouns/whale/whale_1.png","preserve_relative_path","","919695","bda1debe31c2f4188a795e785bae154b4b86b246eecb10348c2b5f6c9c13d696","true","919695","169f4841fb71db920db4ea4eccea012d","image/png","false"
"nouns","skip_verified","/Users/Sean/Desktop/nouns-backup/nouns/whale/whale_2.png","nouns/whale/whale_2.png","preserve_relative_path","","788826","f91e8e0d0fbf8fb139ad4b30e33abfb50a48d9111f78a069bde6dd21d5148c54","true","788826","16116ebdfdb9e09ba5856b6a17973d31","image/png","false"
"nouns","skip_verified","/Users/Sean/Desktop/nouns-backup/nouns/white_board/white_board_1.png","nouns/white_board/white_board_1.png","preserve_relative_path","","655610","01f5d5f768f7603bbde38c696ea6db6bcd04cb9eee07cca65dd61feeefd9e4f8","true","655610","faa1f8fc120a47c10f35c860594d5e71","image/png","false"
"nouns","skip_verified","/Users/Sean/Desktop/nouns-backup/nouns/white_board/white_board_2.png","nouns/white_board/white_board_2.png","preserve_relative_path","","560004","cbb09c78e8fe9fa1435b0af793740b67331f347d0c61e6b7aff87dab7682633a","true","560004","b0b453ac66eb652bebde8689e7b85db3","image/png","false"
"nouns","skip_verified","/Users/Sean/Desktop/nouns-backup/nouns/white_board/white_board_3.png","nouns/white_board/white_board_3.png","preserve_relative_path","","808309","8fba56dafc48c12242721ef8c97fbe28e63755cefc00bf41a91d454d8f469cb3","true","808309","7305de13b4d3402f3c6fb6b7e124d695","image/png","false"
"nouns","skip_verified","/Users/Sean/Desktop/nouns-backup/nouns/window/window_1.png","nouns/window/window_1.png","preserve_relative_path","","880351","651f4b0df8ac9d3dcea1f44bec4a6b570107c09c6ea6c973536d38ee76334f7c","true","880351","0ccd026fbf2930b14c14515db4e43c09","image/png","false"
"nouns","skip_verified","/Users/Sean/Desktop/nouns-backup/nouns/window/window_2.png","nouns/window/window_2.png","preserve_relative_path","","1159040","f37ee41756244faaa33ddf790fb72498c3f340b4158eaf37006dadb91f339b25","true","1159040","b98d161b1961d1c1ea353606d5947e45","image/png","false"
"nouns","skip_verified","/Users/Sean/Desktop/nouns-backup/nouns/windy/windy_1.png","nouns/windy/windy_1.png","preserve_relative_path","","1132206","69a8d681539d3bfc4ef33efe62ad2d7d0c21b99dc5e6b059892667238a811877","true","1132206","abc12d9a0240e14f94733f5f9aa84362","image/png","false"
"nouns","skip_verified","/Users/Sean/Desktop/nouns-backup/nouns/windy/windy_2.png","nouns/windy/windy_2.png","preserve_relative_path","","1209116","6e1ad6df9b64edfb6b24937cc675f8d28f55276895208f7a872f952c64a9fe0b","true","1209116","7fdc6bacf9865e2ad636015accad3f2b","image/png","false"
"nouns","skip_verified","/Users/Sean/Desktop/nouns-backup/nouns/wok/wok_1.png","nouns/wok/wok_1.png","preserve_relative_path","","752065","f0130affec4f328a43d8eaecd82e3724fbfa96ca56541dbeb8fa5de05a02f6a3","true","752065","a994257586d45650a07b04c986f1452b","image/png","false"
"nouns","skip_verified","/Users/Sean/Desktop/nouns-backup/nouns/wok/wok_2.png","nouns/wok/wok_2.png","preserve_relative_path","","824856","7f38037d5afb1e22259c0e6b28731ffd78b9c4a1e9066b50658f0dfde49d5f81","true","824856","417bbd36938d489936a1d4b12e8dd518","image/png","false"
"nouns","skip_verified","/Users/Sean/Desktop/nouns-backup/nouns/wok/wok_3.png","nouns/wok/wok_3.png","preserve_relative_path","","1536755","80bd6a6cb98a3a6e4a77e2e1de3b0f71b5fe80c7d6d399db8858dc9d6eaedd6a","true","1536755","1765934da1519cc8983de0b52a725158","image/png","false"
"nouns","skip_verified","/Users/Sean/Desktop/nouns-backup/nouns/wolf/wolf_1.png","nouns/wolf/wolf_1.png","preserve_relative_path","","970674","889dc3ffd4f01cd3eb3ade9f0140000f16e82b2c53992cab34cba0f413d068e8","true","970674","71546c1b6ae19ace849b6066e666d9dd","image/png","true"
"nouns","skip_verified","/Users/Sean/Desktop/nouns-backup/nouns/wolf/wolf_2.png","nouns/wolf/wolf_2.png","preserve_relative_path","","1745742","590601aac1c83eb6e1a9ec897c68200e44ff550273e93a23328f76965bcdee41","true","1745742","76411952f862a0a3c74772df17f3f541","image/png","true"
"nouns","skip_verified","/Users/Sean/Desktop/nouns-backup/nouns/woman/woman_1.png","nouns/woman/woman_1.png","preserve_relative_path","","734430","eda62a3ae564e1435cb13e96eea014b1a64720de4b4a1b9756c0e539aa5d7c2f","true","734430","2686e1d552c8c50b3c0c138a16049331","image/png","false"
"nouns","skip_verified","/Users/Sean/Desktop/nouns-backup/nouns/woman/woman_2.png","nouns/woman/woman_2.png","preserve_relative_path","","1386943","40dc38a5b82357e05fa7ce3028f2794722107a7dec05402707d6db1efd1f8b55","true","1386943","6b9dc0559fb1d436b86241a2c907b57d","image/png","false"
"nouns","skip_verified","/Users/Sean/Desktop/nouns-backup/nouns/workbook/workbook_1.png","nouns/workbook/workbook_1.png","preserve_relative_path","","1145106","931429ff6fbed4299b57971b73513c58e0c9abce562d299018237329e941abba","true","1145106","ea6e2006c605f60024fa8af98432769c","image/png","false"
"nouns","skip_verified","/Users/Sean/Desktop/nouns-backup/nouns/workbook/workbook_2.png","nouns/workbook/workbook_2.png","preserve_relative_path","","1297643","96a96ceb314bcaebcfce58ba10046ea68718620ae44af532b8dc94601702b54c","true","1297643","351604284aed9b2a0a9eef804a0930e5","image/png","false"
"nouns","skip_verified","/Users/Sean/Desktop/nouns-backup/nouns/workbook/workbook_3.png","nouns/workbook/workbook_3.png","preserve_relative_path","","1207708","a75ada8f0827aeba1b77502692f651d92e8c0dcb75a63ab496f3e69b4b57c989","true","1207708","bd7a0ce8e1d67ea138344a3fbcdd49a8","image/png","false"
"nouns","skip_verified","/Users/Sean/Desktop/nouns-backup/nouns/worm/worm_1.png","nouns/worm/worm_1.png","preserve_relative_path","","659384","127c4b71c53d2b73304d8e55ad7e73ab33c3470337dbf31e85f0f5b1936e40b1","true","659384","aff04e6b28ff4bf1ea382b81554ee24c","image/png","false"
"nouns","skip_verified","/Users/Sean/Desktop/nouns-backup/nouns/worm/worm_2.png","nouns/worm/worm_2.png","preserve_relative_path","","1914333","1e91fae2afcdb18b5f614a891b0e89fdfab034120b10cbbf5d32171d3fcec381","true","1914333","1bcb52c5c0755e1b7a066c87b798c9f5","image/png","false"
"nouns","skip_verified","/Users/Sean/Desktop/nouns-backup/nouns/writer/writer_1.png","nouns/writer/writer_1.png","preserve_relative_path","","546161","a11195f2d6324992021a85c3f6b350b15a79edd06e4f47786213090c4bc6b40e","true","546161","e0ff214ad2b636124b5e90e52b6bc76a","image/png","false"
"nouns","skip_verified","/Users/Sean/Desktop/nouns-backup/nouns/writer/writer_2.png","nouns/writer/writer_2.png","preserve_relative_path","","1433779","9786e95097f85815777498bc8c0cea120e84362d9d138e38c5c5dd19cbdf18d2","true","1433779","b00c10326d6cbf57df82991b78dd5772","image/png","false"
"nouns","skip_verified","/Users/Sean/Desktop/nouns-backup/nouns/yesterday/yesterday_1.png","nouns/yesterday/yesterday_1.png","preserve_relative_path","","376988","376c533eea38dfdf27630646f23aec64512c2a9878c605759ce01d3e3e85c90b","true","376988","8cc9fe1a8c5dae4bba6d0daeab4bb39a","image/png","false"
"nouns","skip_verified","/Users/Sean/Desktop/nouns-backup/nouns/yesterday/yesterday_2.png","nouns/yesterday/yesterday_2.png","preserve_relative_path","","1310887","59b7da29ff23962b28ee52d2dc3bd9d0503c7faff4b4495f153c3f44422ecfc0","true","1310887","0b4bbd5da080674dd9e55a43a6c12b1e","image/png","false"
"nouns","skip_verified","/Users/Sean/Desktop/nouns-backup/nouns/yoghurt/yoghurt_1.png","nouns/yoghurt/yoghurt_1.png","preserve_relative_path","","1000639","5ed420238a55dcab07e713ece85edadee380376ee9c91fe3c4ca9dccd01aaa26","true","1000639","6647acd4836a9ce97b1eff0023ee0142","image/png","false"
"nouns","skip_verified","/Users/Sean/Desktop/nouns-backup/nouns/yoghurt/yoghurt_2.png","nouns/yoghurt/yoghurt_2.png","preserve_relative_path","","1369783","f35000501f687917db3c3f65e69b8052d170a0250033ca18a701b28a397864e1","true","1369783","79551d4ee4ddf4257299cec0ffee1681","image/png","false"
"nouns","skip_verified","/Users/Sean/Desktop/nouns-backup/nouns/youtuber/youtuber_1.png","nouns/youtuber/youtuber_1.png","preserve_relative_path","","841348","55dca599f40dfd3f53224fa508a82653e2a4c0aa0fe078edbcdbcbd0b069051c","true","841348","8fb932903bb3fd5ca559fd0ba548ef05","image/png","false"
"nouns","skip_verified","/Users/Sean/Desktop/nouns-backup/nouns/youtuber/youtuber_2.png","nouns/youtuber/youtuber_2.png","preserve_relative_path","","1203166","2b9dcc2ae2bc8e419b77d9ee047bdf51771a196321a738e008d68ada80b155f0","true","1203166","f13541de809935efe148cbe717d704cf","image/png","false"
"nouns","skip_verified","/Users/Sean/Desktop/nouns-backup/nouns/yoyo/yoyo_1.png","nouns/yoyo/yoyo_1.png","preserve_relative_path","","656119","d8d7fb32dcbbac2eb97c79679e497753d6c5ade8b52a26cebe3aa0540181be70","true","656119","841e6f4a631ad44a81931261682a6420","image/png","false"
"nouns","skip_verified","/Users/Sean/Desktop/nouns-backup/nouns/yoyo/yoyo_2.png","nouns/yoyo/yoyo_2.png","preserve_relative_path","","759872","13707da94df35f3457502229975ef67d90896406cab1f1e8c55f33dccbc41ad0","true","759872","3f93f9edd39e11f6c4daa953acc48659","image/png","false"
"nouns","skip_verified","/Users/Sean/Desktop/nouns-backup/nouns/yoyo/yoyo_3.png","nouns/yoyo/yoyo_3.png","preserve_relative_path","","2322147","e565314dfe4d8707a82886823d4a780c717867dcbb25bf5a1fa8429271a1160a","true","2322147","b7ae20242d48cbe85509fbf9fd09aec0","image/png","false"
"nouns","skip_verified","/Users/Sean/Desktop/nouns-backup/nouns/zebra/zebra_1.png","nouns/zebra/zebra_1.png","preserve_relative_path","","921132","7ab61ee3874ccb2f06f2a36ab52f07bcaa86431845971f831bd8a336021a773b","true","921132","f5212f636a00a4eeb2d7377649529124","image/png","true"
"nouns","skip_verified","/Users/Sean/Desktop/nouns-backup/nouns/zebra/zebra_2.png","nouns/zebra/zebra_2.png","preserve_relative_path","","1554754","1dbe3695e91575b449416a5d122e8b9ad7f47952edd6086cde11d34273527820","true","1554754","736b079685a02ff42ce079ca2531d7db","image/png","true"
"nouns","skip_verified","/Users/Sean/Desktop/nouns-backup/nouns/zoo/zoo_2.png","nouns/zoo/zoo_2.png","preserve_relative_path","","1837614","6576216039689ce2d7c1decebdb495aea8c9369b5945d9ab6c6e20f0067e061e","true","1837614","af03a33cef99b106fd533da6aa3f1d46","image/png","false"
"nouns","skip_verified","/Users/Sean/Desktop/nouns-backup/nouns/zoo/zoo_3.png","nouns/zoo/zoo_3.png","preserve_relative_path","","2991914","b06cba12f72aa768cc29a1aae7c13d510f52f63146b385082e76bf4ffc94c1cd","true","2991914","462f01bc76e3a4cb5210d0dd89105fda","image/png","false"
"nouns","skip_verified","/Users/Sean/Desktop/nouns-backup/nouns/zucchini/zucchini_1.png","nouns/zucchini/zucchini_1.png","preserve_relative_path","","867486","b3455c5b4a6a10d168f6077250a7af581968cc3c803112de2cfe59928572f451","true","867486","f7c58e169451b06c2c0923ae9321f04f","image/png","true"
"nouns","skip_verified","/Users/Sean/Desktop/nouns-backup/nouns/zucchini/zucchini_2.png","nouns/zucchini/zucchini_2.png","preserve_relative_path","","1211875","aca40ce720a55e9e9a714764029d4b69bcf41ae516827e76d230a048fa661ef7","true","1211875","92f99d1227692cc15bad1ba71c9ec8aa","image/png","true"
"nouns","skip_verified","/Users/Sean/Desktop/nouns-backup/nouns/zucchini/zucchini_3.png","nouns/zucchini/zucchini_3.png","preserve_relative_path","","1184950","4a580e0234d2a44c023e7b9e8d5dd0c690358e87f3ac7550359a7e241301959f","true","1184950","b31fd9dd3748b3bbb479aed878a0da2f","image/png","true"
"phonics","skip_verified","/Users/Sean/Desktop/phonics/Aa/Aa_1.png","phonics/a/a_1.png","phonics_letter_folder","","10572","0d6921ca4040e6511b39b4a5943993b03c8d0a9b1dea8d639ee39ebace0bd5a5","true","10572","559683c040469042730c94c18498d453","image/png","false"
"phonics","skip_verified","/Users/Sean/Desktop/phonics/sight_words/all/all_1.png","phonics/all/all_1.png","flatten_to_lemma","","12643","2a3b3868a5bcfde1d0a3c40229255b02dc91e932f7787e29d023023fc171500d","true","12643","f3f71855c24015db65c167106b45d9ee","image/png","false"
"phonics","skip_verified","/Users/Sean/Desktop/phonics/sight_words/are/are_1.png","phonics/are/are_1.png","flatten_to_lemma","","16690","9b8593fc2a3c7501677b4638c565d7f645ad1fb933632b3e4340fd10f62c25db","true","16690","f7c04543134989ce125c6481c0dbbef0","image/png","false"
"phonics","skip_verified","/Users/Sean/Desktop/phonics/Bb/Bb_1.png","phonics/b/b_1.png","phonics_letter_folder","","8926","470b7a7ad8857b4d48f537ddd6d688dfdde2a9bce01026ba362533ad07d01b48","true","8926","a93faec4a62150e71bb24a8d43228a1d","image/png","false"
"phonics","skip_verified","/Users/Sean/Desktop/phonics/long_a/bake/bake_1.png","phonics/bake/bake_1.png","flatten_to_lemma","","721376","e4d66675bb2ccf48a59327a8e8d4ac6b8dc13849bef84763c804e220f4a362e2","true","721376","be5a5f5d95c41cffeb39f353d0c521d4","image/png","false"
"phonics","skip_verified","/Users/Sean/Desktop/phonics/double_vowel/barn/barn_1.png","phonics/barn/barn_1.png","flatten_to_lemma","","842044","d9971dfc547eb0fce78a47160e84b259d04ebde668e7cad4020d5b9fbe1a6e7c","true","842044","e48c71a6642b4e386de252ec74e2a3f2","image/png","false"
"phonics","skip_verified","/Users/Sean/Desktop/phonics/short_e/bed/bed_1.png","phonics/bed/bed_1.png","flatten_to_lemma","","813436","8fd2bd1aadeb509d0a5ac20045deeaf8a0d66b226821e3065a7ddb2ba149c69f","true","813436","b0782b1999a6cd71bd3ab25d2f149162","image/png","false"
"phonics","skip_verified","/Users/Sean/Desktop/phonics/double_consonants/bench/bench_1.png","phonics/bench/bench_1.png","flatten_to_lemma","","727438","187d246600382b9a005f80c95e96d34d6ebb675b733c53616dabbf4bf513716b","true","727438","71ceefa88565ded6552afaf68610d621","image/png","false"
"phonics","skip_verified","/Users/Sean/Desktop/phonics/long_i/bite/bite_1.png","phonics/bite/bite_1.png","flatten_to_lemma","","724286","bc9bab7d239ac1f76bcf21e45b28a03bddaf7187bbc6face171295205b56754f","true","724286","ff780b5927590a84b98652cae81fe9b7","image/png","false"
"phonics","skip_verified","/Users/Sean/Desktop/phonics/double_consonants/black/black_1.png","phonics/black/black_1.png","flatten_to_lemma","","505584","14b39b1255ce5bd1d07a71e81d286b6835c92835dee09691e99b8fa6b769cfe1","true","505584","3a29454ed5e370412843dca530b14e9d","image/png","false"
"phonics","skip_verified","/Users/Sean/Desktop/phonics/double_consonants/block/block_1.png","phonics/block/block_1.png","flatten_to_lemma","","991794","583210c1ce60eadaaf513580c86f52691dd997dc84285619c04ebccb903e6409","true","991794","47b0b2514f55cbfe8ba2f0b30cc6b76c","image/png","false"
"phonics","skip_verified","/Users/Sean/Desktop/phonics/double_vowel/boil/boil_1.png","phonics/boil/boil_1.png","flatten_to_lemma","","990504","a6a7f009e0c6264046e6b178f7e742b9d5bbfa631453b5498e0a052a2b3cbe12","true","990504","b55cae4edc77c48cdd36356e2ee70663","image/png","false"
"phonics","skip_verified","/Users/Sean/Desktop/phonics/long_o/bone/bone_1.png","phonics/bone/bone_1.png","flatten_to_lemma","","349346","8252f9dfe5d6396a69864a6ccead852515facdbc1f865e9a886f3ef97f3794c9","true","349346","ab0829aa932cfeb5fb76509f89c5ae1e","image/png","false"
"phonics","skip_verified","/Users/Sean/Desktop/phonics/double_vowel/book/book_1.png","phonics/book/book_1.png","flatten_to_lemma","","584130","3e339e3ebafa481df2e0080737bad8f8f80e97f805540bb802d53d84a6a6580f","true","584130","a6220d6ec128c3125a5bfab49836796b","image/png","false"
"phonics","skip_verified","/Users/Sean/Desktop/phonics/double_vowel/boots/boots_1.png","phonics/boots/boots_1.png","flatten_to_lemma","","1093270","137499df6d76ae19217ffbbb751da4d2736637f290d6f04dc056416800c78049","true","1093270","534311249ec4df314b9b85fb3d9d626a","image/png","false"
"phonics","skip_verified","/Users/Sean/Desktop/phonics/double_vowel/bowl/bowl_1.png","phonics/bowl/bowl_1.png","flatten_to_lemma","","762875","6b94e1ab2dc9bed8003c9362ddd9f25d94b1e826e2cf61d945362c15b9ca7c76","true","762875","457a6b95d7d7f03836e3bf71082f0d6b","image/png","false"
"phonics","skip_verified","/Users/Sean/Desktop/phonics/short_o/box/box_1.png","phonics/box/box_1.png","flatten_to_lemma","","1306795","7273102b22e7d4d25c88ebd28534219e73ff2f8050af8a4e4dc8dcee6fe92a48","true","1306795","9e52618ce9460c1807ea6df7f2f9aabb","image/png","false"
"phonics","skip_verified","/Users/Sean/Desktop/phonics/double_consonants/brick/brick_1.png","phonics/brick/brick_1.png","flatten_to_lemma","","792433","852a92549ae0b9baf5fe1a3e36ed9e422c6d82860dc2b18aba507a719ef78b9d","true","792433","5779baeb86f581cad893ae8fb943781c","image/png","false"
"phonics","skip_verified","/Users/Sean/Desktop/phonics/double_consonants/bride/bride_1.png","phonics/bride/bride_1.png","flatten_to_lemma","","632294","d66d275f14342eac070a4bb8fbe83482b9d656673fa0f428617cb4ae500879bb","true","632294","3b13ee3f6eedf92364954017781a9862","image/png","false"
"phonics","skip_verified","/Users/Sean/Desktop/phonics/short_u/bug/bug_1.png","phonics/bug/bug_1.png","flatten_to_lemma","","664477","77225110ac9435956f08eb4d9e9a6af6ca83fd3fd665f500d22454373b0748ed","true","664477","ff8697d40196566a81c14e1890ed3919","image/png","false"
"phonics","skip_verified","/Users/Sean/Desktop/phonics/short_u/bun/bun_1.png","phonics/bun/bun_1.png","flatten_to_lemma","","900566","a7d9acdc37f81460f659c767f7e3e9223ccc636e6418669d5180ed0798cb2130","true","900566","ffc509d42cbde572e051e3d807a65fad","image/png","false"
"phonics","skip_verified","/Users/Sean/Desktop/phonics/sight_words/by/by_1.png","phonics/by/by_1.png","flatten_to_lemma","","15509","8b3194b80709581bb7a478b3e6afeb7b86c4e28cfe03f68d7929add722d53efa","true","15509","299ec8a307abf0d9401bbf3d2c4c4d35","image/png","false"
"phonics","skip_verified","/Users/Sean/Desktop/phonics/Cc/Cc_1.png","phonics/c/c_1.png","phonics_letter_folder","","10693","e04647734de89651de9ca2e874544d57d2b478a2bd9f4aed08dd78c236016296","true","10693","4a94a057e25201643312119e3e52d41d","image/png","false"
"phonics","skip_verified","/Users/Sean/Desktop/phonics/long_a/cake/cake_1.png","phonics/cake/cake_1.png","flatten_to_lemma","","795071","c8a1fcd9d68f3cfa8d3f786edd06f0f3ef975c93103655c041e50ea2f3008431","true","795071","f243a5c323013979e196961d99ebfec4","image/png","false"
"phonics","skip_verified","/Users/Sean/Desktop/phonics/short_a/can/can_1.png","phonics/can/can_1.png","flatten_to_lemma","","1089219","474a2864bc7ce66f725a8e966d142e3dcb29d4b25106da4a0fee97bd14023b87","true","1089219","4e2f315c8d89a021ec30e41bbae51db9","image/png","false"
"phonics","skip_verified","/Users/Sean/Desktop/phonics/short_a/cap/cap_1.png","phonics/cap/cap_1.png","flatten_to_lemma","","694316","0e6a8417ee868a20330b90cbe38c151419b6c23b001aa03c74762a33abf373c1","true","694316","ffa22673e0e2ca8b18e0bee98a955613","image/png","false"
"phonics","skip_verified","/Users/Sean/Desktop/phonics/long_a/cape/cape_1.png","phonics/cape/cape_1.png","flatten_to_lemma","","1122458","9d29c236b801ece69b048856029cade01e2ce5cb33b2f06ce306f99763f953f6","true","1122458","ad701e8e80613bd678913238e4794092","image/png","false"
"phonics","skip_verified","/Users/Sean/Desktop/phonics/double_vowel/cart/cart_1.png","phonics/cart/cart_1.png","flatten_to_lemma","","667873","ed6e6198bc01d442d5cc5d9f109324cfdc87d0b4fa3f2d8f6793536d0995e1cf","true","667873","243515eff00f30b6d0d1263cb2769466","image/png","false"
"phonics","skip_verified","/Users/Sean/Desktop/phonics/long_a/cave/cave_1.png","phonics/cave/cave_1.png","flatten_to_lemma","","992384","17798408ca3f7fe16460f3cf46e3ca3c29c75ea3a4f2bcf8dad1d774008b15c2","true","992384","5d10ab6d7d09527f8a62045a52327ba1","image/png","false"
"phonics","skip_verified","/Users/Sean/Desktop/phonics/double_consonants/chin/chin_1.png","phonics/chin/chin_1.png","flatten_to_lemma","","781906","226fe844cfcd029806cce343585e165dded4f7e7c9fe319dac0b72070e77f239","true","781906","83deee45068e0e1d9b482f979149a3c2","image/png","false"
"phonics","skip_verified","/Users/Sean/Desktop/phonics/double_consonants/clap/clap_1.png","phonics/clap/clap_1.png","flatten_to_lemma","","606963","c5ebc398985bd50b2a9707dd63923e1e1e6a8f95acc58744071244ac1a87529d","true","606963","0ad2383b6f21349b9de7f7cc4bd37574","image/png","false"
"phonics","skip_verified","/Users/Sean/Desktop/phonics/double_vowel/coat/coat_1.png","phonics/coat/coat_1.png","flatten_to_lemma","","822761","abd383a092a570b0aeb28cadfe63b873b3269d669a26d27efb4d679466b6bfa1","true","822761","c3967aa0500a8f3613a55980323b602e","image/png","false"
"phonics","skip_verified","/Users/Sean/Desktop/phonics/double_vowel/corner/corner_1.png","phonics/corner/corner_1.png","flatten_to_lemma","","987220","c8a33c0e7bf92029182568ce95271bfa882d8954ba9af16891b3b866e22a1b3e","true","987220","dc789476edc804c53733be2eacef1edc","image/png","false"
"phonics","skip_verified","/Users/Sean/Desktop/phonics/double_consonants/cross/cross_1.png","phonics/cross/cross_1.png","flatten_to_lemma","","571630","aa65eaaa7ce211d32cb756107e532716ee8954b0de365d078a4a3417dea792fd","true","571630","25ca6bf643249c2b7647c342a352090f","image/png","false"
"phonics","skip_verified","/Users/Sean/Desktop/phonics/double_vowel/crow/crow_1.png","phonics/crow/crow_1.png","flatten_to_lemma","","623283","f55ff97a189b232e1d255869881887e4b3ad88f1d309dc1cb444d7bd7cecafeb","true","623283","f135486f0968f974ce94594f3fdfa183","image/png","false"
"phonics","skip_verified","/Users/Sean/Desktop/phonics/short_u/cub/cub_1.png","phonics/cub/cub_1.png","flatten_to_lemma","","1041928","7cf2ef395ae64605805e8562503648f68cea67012a43e879fb3ce6526ad016cd","true","1041928","61ed85af3f78de5f50174480655156cb","image/png","false"
"phonics","skip_verified","/Users/Sean/Desktop/phonics/long_u/cube/cube_1.png","phonics/cube/cube_1.png","flatten_to_lemma","","1336991","0c2114bdc09d0a2127562c10e6ba97bad0c3ea6bf57068595761dbf4c6c446ce","true","1336991","8de7269313a60a87224d5e79f09bf974","image/png","false"
"phonics","skip_verified","/Users/Sean/Desktop/phonics/short_u/cup/cup_1.png","phonics/cup/cup_1.png","flatten_to_lemma","","843932","ba2966a0a791546ccf98078f4f16c4087ce6341791d9b35cb8c568bc21882db8","true","843932","4c63e306085db00a7698848de7f172f0","image/png","false"
"phonics","skip_verified","/Users/Sean/Desktop/phonics/Dd/Dd_1.png","phonics/d/d_1.png","phonics_letter_folder","","9524","bd417fcf391e7ba5fb8c2d51eabc0f1fe57a721ad0cd8edfbf5d48d2318c45f9","true","9524","c8f795a2fd3393d3e3deab824ec77592","image/png","false"
"phonics","skip_verified","/Users/Sean/Desktop/phonics/double_vowel/day/day_1.png","phonics/day/day_1.png","flatten_to_lemma","","623906","f3842ddbc3baad87506c9b4f94cc227e1e7d43bd3fc940fd98112c1a9d9324a4","true","623906","95296592052e3a4b6430afe886f94198","image/png","false"
"phonics","skip_verified","/Users/Sean/Desktop/phonics/long_i/dice/dice_1.png","phonics/dice/dice_1.png","flatten_to_lemma","","862734","2732990c98471cf4f3e4ca9ea872663a2674d356de2515ca7664a08f0312951e","true","862734","d7e740f5f5438c8bb4e7c2aaf7bdf332","image/png","false"
"phonics","skip_verified","/Users/Sean/Desktop/phonics/double_consonants/dish/dish_1.png","phonics/dish/dish_1.png","flatten_to_lemma","","1045043","be384f18c94ca2e540a0a470f55b91d62b34e4983358e137dc629e82e2e134b2","true","1045043","21c381ce35517227f47261f3c8a95078","image/png","false"
"phonics","skip_verified","/Users/Sean/Desktop/phonics/long_i/dive/dive_1.png","phonics/dive/dive_1.png","flatten_to_lemma","","644610","169a730a105cca38097195b034b5cdaf9cae87fdb5ad5fc4978329841fb3a2fa","true","644610","d3f5513ecdfa099d9ce203d96d3190de","image/png","false"
"phonics","skip_verified","/Users/Sean/Desktop/phonics/short_o/dog/dog_1.png","phonics/dog/dog_1.png","flatten_to_lemma","","923786","0ed73b59621b45d91e805df9982076c6cd947cbbfcc60bbfd1e36294aa6424c8","true","923786","e12e1bf454c9f875718b1148e0bb2c1c","image/png","false"
"phonics","skip_verified","/Users/Sean/Desktop/phonics/double_consonants/drop/drop_1.png","phonics/drop/drop_1.png","flatten_to_lemma","","565844","4a0a944409a65c4bc4f1fcca3694393dd8e584cf7b9e9883c9982d49e8d556c6","true","565844","a3df8e08c80266005d797d00c2742515","image/png","false"
"phonics","skip_verified","/Users/Sean/Desktop/phonics/double_consonants/drum/drum_1.png","phonics/drum/drum_1.png","flatten_to_lemma","","1338875","61aa7d1901b93635360507b96611b2a355002f1b9c739c9268a31b4f44dc205c","true","1338875","c1fc38d9f6c003d3cb9b1bf8a1d18b53","image/png","false"
"phonics","skip_verified","/Users/Sean/Desktop/phonics/long_u/dune/dune_1.png","phonics/dune/dune_1.png","flatten_to_lemma","","547686","963a7090b81cb8e6db381afb4391235234a9f6dd92ee98570926d269f4b28c9b","true","547686","5bb401ea2ccd09f619a57f9b6c38215d","image/png","false"
"phonics","skip_verified","/Users/Sean/Desktop/phonics/Ee/Ee_1.png","phonics/e/e_1.png","phonics_letter_folder","","6840","93667e11e8b385c759d11bd04593e62d7fcf74ab527b1c58be5a65a89d628849","true","6840","05dfdd4a7c646529c0576bd21222c2da","image/png","false"
"phonics","skip_verified","/Users/Sean/Desktop/phonics/double_consonants/elephant/elephant_1.png","phonics/elephant/elephant_1.png","flatten_to_lemma","","917527","57eb73379d5c46706eb6c514b79e9eaab1670b6d1882c18ee8224c788ef609b5","true","917527","c39c2a1af85c156db678908162d413c1","image/png","false"
"phonics","skip_verified","/Users/Sean/Desktop/phonics/Ff/Ff_1.png","phonics/f/f_1.png","phonics_letter_folder","","6630","2c5b3e06a6601618c19664b5e26bfd055ee22932ba5dbb0af6359c2ee1dd28f4","true","6630","442e6959d51f21c155aed772ac00cb30","image/png","false"
"phonics","skip_verified","/Users/Sean/Desktop/phonics/long_a/face/face_1.png","phonics/face/face_1.png","flatten_to_lemma","","943143","d2fd3903f90b45b4124f29401b50ac649304d346b497c1c5e555484c87f84e88","true","943143","4001eb2f8aad2f0b92b689d5dc1afc09","image/png","false"
"phonics","skip_verified","/Users/Sean/Desktop/phonics/double_vowel/feet/feet_1.png","phonics/feet/feet_1.png","flatten_to_lemma","","821533","3d138bde62c5c244aeeaf1591b8b2f8b091eba14c01e84000d8dc933cfdac6c9","true","821533","e4c997aa43158c6bdb1744e28b47d06c","image/png","false"
"phonics","skip_verified","/Users/Sean/Desktop/phonics/short_i/fin/fin_1.png","phonics/fin/fin_1.png","flatten_to_lemma","","613778","791d4df087298e2590df070d03f0420703cf766bb312ba8b024bd8dc616d117d","true","613778","3590e3a9afc10247f089389167d7a69e","image/png","false"
"phonics","skip_verified","/Users/Sean/Desktop/phonics/double_consonants/flag/flag_1.png","phonics/flag/flag_1.png","flatten_to_lemma","","589021","426d6e6726640667b3a8eec62dcb4a945f7e4b3721981b509fc3a1b835121ccf","true","589021","1774f2dfe29736c9f71d369e88305693","image/png","false"
"phonics","skip_verified","/Users/Sean/Desktop/phonics/long_u/flute/flute_1.png","phonics/flute/flute_1.png","flatten_to_lemma","","407507","986ae9b5667728e68146d74970232ffe847519e8ccd408ce146bcc4084159f3c","true","407507","9f55a434337742c6e7f0b0a2a97a501f","image/png","false"
"phonics","skip_verified","/Users/Sean/Desktop/phonics/sight_words/for/for_1.png","phonics/for/for_1.png","flatten_to_lemma","","14438","b1556f84782f16a1a999bfb5bdc24e3971b4c436363ef4572c74e0df3db91232","true","14438","0c6196120879dc9df659229db80be5a6","image/png","false"
"phonics","skip_verified","/Users/Sean/Desktop/phonics/short_o/fox/fox_1.png","phonics/fox/fox_1.png","flatten_to_lemma","","880689","882c1f3f8642b0507465aa0cb33772ab5015309c02914641047afbbbb53784d0","true","880689","b538a257ce7eebabdeef86d9303bbbda","image/png","false"
"phonics","skip_verified","/Users/Sean/Desktop/phonics/double_vowel/fur/fur_1.png","phonics/fur/fur_1.png","flatten_to_lemma","","1322504","cccf461a3f34f93df1b0442453f917e5376753c09e37d9320585464b7742bc6b","true","1322504","984a52d453bfef00ae0f5839197a604a","image/png","false"
"phonics","skip_verified","/Users/Sean/Desktop/phonics/Gg/Gg_1.png","phonics/g/g_1.png","phonics_letter_folder","","12073","3dd8b37084389f954c955ba7902b2e0dc456c438ef5c5e0e34d99e5dcb3c22f3","true","12073","a1359757c6384a3a6b7d4449c5cfa8cc","image/png","false"
"phonics","skip_verified","/Users/Sean/Desktop/phonics/long_a/game/game_1.png","phonics/game/game_1.png","flatten_to_lemma","","626337","1ac1117b21367ad4f4420bc98c2c7d6a877634c2bcae568b2812aee530c6c989","true","626337","ed24513eef7468bfc1668facf5eedb6a","image/png","false"
"phonics","skip_verified","/Users/Sean/Desktop/phonics/long_a/gate/gate_1.png","phonics/gate/gate_1.png","flatten_to_lemma","","1191794","d89548b01ab0b746caa0c1c3bbb39efa80701dbda5c8dd09b769c211b6c61949","true","1191794","de92b9c17e665d7d8a11ae465c85c315","image/png","false"
"phonics","skip_verified","/Users/Sean/Desktop/phonics/double_vowel/girl/girl_1.png","phonics/girl/girl_1.png","flatten_to_lemma","","588336","0c6c85cc1a78e90ed2d5d412455da2bdecba7095f1e5d352b925b38302303e3d","true","588336","5a132f2081e4f14430d75c6e5aa9d20b","image/png","false"
"phonics","skip_verified","/Users/Sean/Desktop/phonics/double_consonants/glad/glad_1.png","phonics/glad/glad_1.png","flatten_to_lemma","","943352","7f00f7047a4c15790727ac391617bf384734fe758afcb91c82c347d72aa63ec3","true","943352","d0cc7bb9539811ecd9048e84d46e81ed","image/png","false"
"phonics","skip_verified","/Users/Sean/Desktop/phonics/double_vowel/green/green_1.png","phonics/green/green_1.png","flatten_to_lemma","","524903","0210dd10a00e009abe1e70229c39dbfabc10a08a65d47d68366605ef2e250359","true","524903","33865f37dacefed2c0d8c6f58a39378f","image/png","false"
"phonics","skip_verified","/Users/Sean/Desktop/phonics/Hh/Hh_1.png","phonics/h/h_1.png","phonics_letter_folder","","6972","615923010ad3f235eb0b2a946e04a3cfbf5ed526d92b99a65517e2e141b55d34","true","6972","5c8d481d9e14024f0145c0c97700d9ff","image/png","false"
"phonics","skip_verified","/Users/Sean/Desktop/phonics/short_a/ham/ham_1.png","phonics/ham/ham_1.png","flatten_to_lemma","","1202295","c67d6e871b026a33b2d2c233adae0623f7071deb7a793d5d5cc4b29f84861ba4","true","1202295","e6429d538981066424d8072fcd1f710f","image/png","false"
"phonics","skip_verified","/Users/Sean/Desktop/phonics/double_consonants/hand/hand_1.png","phonics/hand/hand_1.png","flatten_to_lemma","","523760","90a3b2e1fe5e6a7ab1e140599b62b64705ee716617ac82d95fb1b58b878dc1f1","true","523760","a492bcf81b8e1dd86c043393156cf896","image/png","false"
"phonics","skip_verified","/Users/Sean/Desktop/phonics/short_a/hat/hat_1.png","phonics/hat/hat_1.png","flatten_to_lemma","","625356","557c5a78f49afdb28f509b0a20d4c02f3fe48bb4f643d7c509e54fc0c410a19e","true","625356","61483824549887f3bb5aa0627f0f7379","image/png","false"
"phonics","skip_verified","/Users/Sean/Desktop/phonics/short_e/hen/hen_1.png","phonics/hen/hen_1.png","flatten_to_lemma","","1113355","f8e2025f23074422b29c5c844d1773bfcdb13d5e18f90784b037b246c25d47ef","true","1113355","1d822f4711bfe4053a500e539829d465","image/png","false"
"phonics","skip_verified","/Users/Sean/Desktop/phonics/sight_words/her/her_1.png","phonics/her/her_1.png","flatten_to_lemma","","15123","72f96f5e8a262b7ad05f9dbdd9c94ac51fa2d30454dbdf769ea0de07839a857c","true","15123","4f265d6e56b0b9d0156780ab374f6890","image/png","false"
"phonics","skip_verified","/Users/Sean/Desktop/phonics/long_i/hike/hike_1.png","phonics/hike/hike_1.png","flatten_to_lemma","","831205","af9720ea5d3efa26c33314a460e99bb591af78a40fa62c73600d423332677b23","true","831205","0328f5243d6a5981b1316198beab94f3","image/png","false"
"phonics","skip_verified","/Users/Sean/Desktop/phonics/sight_words/his/his_1.png","phonics/his/his_1.png","flatten_to_lemma","","15206","74052d239cc6bfeebf4988e35d6d6aee4d52ecc694eaa69077fc33b2fd51dab9","true","15206","0f26e2435ea29ec4a451ffc5b8fcbd83","image/png","false"
"phonics","skip_verified","/Users/Sean/Desktop/phonics/short_i/hit/hit_1.png","phonics/hit/hit_1.png","flatten_to_lemma","","533193","eec06a9a13ba7971d643589b16c5f4f41322b93d093e0052778fb9a6c8a2488d","true","533193","2bb31b735ec13bc92aa85c41a84c1521","image/png","false"
"phonics","skip_verified","/Users/Sean/Desktop/phonics/long_o/hole/hole_1.png","phonics/hole/hole_1.png","flatten_to_lemma","","790668","ca5df1e437e00def83387bbb78260be78331f8ce7295acea4a6c4ecfef560adb","true","790668","35ec36a695ffa9517ff326885ce5f232","image/png","false"
"phonics","skip_verified","/Users/Sean/Desktop/phonics/double_vowel/hook/hook_1.png","phonics/hook/hook_1.png","flatten_to_lemma","","852463","7a90a77c80759a38252240752f96a9baf1c2e833702493cc2a93e50005b9d985","true","852463","5a69548773108f3e6e5776742e1749ec","image/png","false"
"phonics","skip_verified","/Users/Sean/Desktop/phonics/short_o/hop/hop_1.png","phonics/hop/hop_1.png","flatten_to_lemma","","728208","51493eed82a5405a442db07f5f32d2846b7c2cc9710292ae61c7a5f4db640ca7","true","728208","5f40150184e9bcb74b9dc590c457539b","image/png","false"
"phonics","skip_verified","/Users/Sean/Desktop/phonics/double_vowel/horn/horn_1.png","phonics/horn/horn_1.png","flatten_to_lemma","","730201","d5a8dcc3a19b38f90780bbcb3cad5164ca31bc0fd3b5cdba32a0afa57f6fef5f","true","730201","b166cc4ea1b828667c074f604770907f","image/png","false"
"phonics","skip_verified","/Users/Sean/Desktop/phonics/short_o/hot/hot_1.png","phonics/hot/hot_1.png","flatten_to_lemma","","720949","02f6154679b315b4789f5012683f2d36cc620ccafe0ee2d13700ffdbd56df82a","true","720949","de27a87137544c50631d29449775092b","image/png","false"
"phonics","skip_verified","/Users/Sean/Desktop/phonics/double_vowel/house/house_1.png","phonics/house/house_1.png","flatten_to_lemma","","1011898","95224013b585e06bc7740c6b6a8f0e52e451ecd82fbe20fa44bec43e12ac5403","true","1011898","2e317fa70cb77660c3062eaecd0b9a45","image/png","false"
"phonics","skip_verified","/Users/Sean/Desktop/phonics/short_u/hug/hug_1.png","phonics/hug/hug_1.png","flatten_to_lemma","","955309","acf6f443db6fce87c094e4e9ebcfffa0cdf8b5a5e0e032232cf87b5f1bffd463","true","955309","67e66b7806e3b9d1f428c5642553184e","image/png","false"
"phonics","skip_verified","/Users/Sean/Desktop/phonics/long_u/huge/huge_1.png","phonics/huge/huge_1.png","flatten_to_lemma","","1188988","57b90362e1e4748f956f612b5ee20745488eafa1a643f038a339988ab5c1c03e","true","1188988","dc458858cdbaf605a8c3584e46e95a64","image/png","false"
"phonics","skip_verified","/Users/Sean/Desktop/phonics/sight_words/i/i_1.png","phonics/i/i_1.png","flatten_to_lemma","","6384","591b1a9a6e3daf3e183911e5cbdd22bc12c40515dbc998ebd2a564c0919b6a93","true","6384","57c5d8c71394db06d135b52a693325bc","image/png","false"
"phonics","skip_verified","/Users/Sean/Desktop/phonics/long_i/ice/ice_1.png","phonics/ice/ice_1.png","flatten_to_lemma","","1126668","f251c4216bad3ef946f10e2e98651d487898f4cd010af944bf329ef8de942f79","true","1126668","81116c39ad003b1a49e3c21aa52bdd51","image/png","false"
"phonics","skip_verified","/Users/Sean/Desktop/phonics/sight_words/if/if_1.png","phonics/if/if_1.png","flatten_to_lemma","","8986","10f4d2c6e8fd6acf4beb4f812ec01fb20d288f35d7ea51041e94bebad14a3354","true","8986","9e7e2b474bd10649aa3cabd27d385647","image/png","false"
"phonics","skip_verified","/Users/Sean/Desktop/phonics/Ii/Ii_1.png","phonics/Ii/Ii_1.png","phonics_letter_folder","","6128","544d6aaafd48ecad7ad98247138c0e206aabf44765136441911cabcd81bb932b","true","6128","8ea3d799ee2e8e9475909f6431e87df2","image/png","false"
"phonics","skip_verified","/Users/Sean/Desktop/phonics/sight_words/in/in_1.png","phonics/in/in_1.png","flatten_to_lemma","","10219","78b9b1c7441a9e349daa47a54b19517857ad881de7e624839c1aed2496f51c16","true","10219","df04fd9fc63e65fa25b95f58c358bc55","image/png","false"
"phonics","skip_verified","/Users/Sean/Desktop/phonics/sight_words/is/is_1.png","phonics/is/is_1.png","flatten_to_lemma","","11477","7f65ba42a50eda0af3cdb787e1d735fffb3cc7de6347354dd778466fd71de246","true","11477","25e4566bec3b99e571a77d0b0c374ba4","image/png","false"
"phonics","skip_verified","/Users/Sean/Desktop/phonics/sight_words/it/it_1.png","phonics/it/it_1.png","flatten_to_lemma","","9178","a9a485a59475cd2d374e41e79eb1cacdb132643742f3d61b805aab42c7b18a68","true","9178","a71e194a2815d7d9c6bf7a33e2733988","image/png","false"
"phonics","skip_verified","/Users/Sean/Desktop/phonics/Jj/Jj_1.png","phonics/j/j_1.png","phonics_letter_folder","","8006","9ff84b6303513ed4d09b7580dd884c5abb2dc59b2c2456f04a9ac73455758785","true","8006","3e974db9335c43d2d673287491f93465","image/png","false"
"phonics","skip_verified","/Users/Sean/Desktop/phonics/short_a/jam/jam_1.png","phonics/jam/jam_1.png","flatten_to_lemma","","1141627","95ed795e743eac6ef3dc460a472e18ad91485becff7044b31fb5ae2a8b33ba66","true","1141627","f993091a76f5bfbc80540320f51ca26b","image/png","false"
"phonics","skip_verified","/Users/Sean/Desktop/phonics/short_e/jet/jet_1.png","phonics/jet/jet_1.png","flatten_to_lemma","","616409","08d16a09c1ae6bfc4393bc1fe7b1f4137c5d4a65fac3491c77428e2cb3e76a55","true","616409","3786077b023390ad886c0724c880159e","image/png","false"
"phonics","skip_verified","/Users/Sean/Desktop/phonics/long_o/joke/joke_1.png","phonics/joke/joke_1.png","flatten_to_lemma","","868998","abc5032514f6f3874c4810cccad7a2395d3dc82ed0c56e82d92bca14fcd2aaab","true","868998","91d7d58f925a9ba20131cc32ca8c59fc","image/png","false"
"phonics","skip_verified","/Users/Sean/Desktop/phonics/double_vowel/joy/joy_1.png","phonics/joy/joy_1.png","flatten_to_lemma","","771807","9b0a7dcb3af172f388e499390f620c4425c486b42f86b86817b348ae34cbaae4","true","771807","f61039d7e6a699e91c5d1a3b5820bfa8","image/png","false"
"phonics","skip_verified","/Users/Sean/Desktop/phonics/Kk/Kk_1.png","phonics/k/k_1.png","phonics_letter_folder","","8907","787c62170cddff0c314a1c17e7259c7f673e8ff0e45b2f1d65214f68068ec426","true","8907","67f27871601cceaa0089ac8acaac77a1","image/png","false"
"phonics","skip_verified","/Users/Sean/Desktop/phonics/short_i/kid/kid_1.png","phonics/kid/kid_1.png","flatten_to_lemma","","830503","d3a58f149ba1787b218842e669686cdeb580d4b7c78da429304dd56127f7c5f6","true","830503","1f26bcea7e2aae58c5febac0dd095fe1","image/png","false"
"phonics","skip_verified","/Users/Sean/Desktop/phonics/double_consonants/king/king_1.png","phonics/king/king_1.png","flatten_to_lemma","","984334","d816032081dde6a36790741eaf82c7849fe55d3d7994e438de4219341698ce59","true","984334","30bb4263e28b2d98b2b2f16c5ecc2a69","image/png","false"
"phonics","skip_verified","/Users/Sean/Desktop/phonics/long_i/kite/kite_1.png","phonics/kite/kite_1.png","flatten_to_lemma","","417220","18c008cb0c855406155b5246a14235dc1ecda39160da40ceb91810f1eef796d0","true","417220","941c2b3ad064a22b1edb0e2a69d84714","image/png","false"
"phonics","skip_verified","/Users/Sean/Desktop/phonics/Ll/Ll_1.png","phonics/l/l_1.png","phonics_letter_folder","","4246","65cd0f4d02fe6c7717b06c1d992054193ab5cb88aae2e2c3ebf92685dc23bc08","true","4246","229e7dd6263ddccafcc53cd5f91b51f7","image/png","false"
"phonics","skip_verified","/Users/Sean/Desktop/phonics/short_o/log/log_1.png","phonics/log/log_1.png","flatten_to_lemma","","817775","55dbf949905c373ec886bb9aafbd5df217bc58305562757a1f85ab492b816949","true","817775","245fd4a306dd413783d6a79ad4e4b84c","image/png","false"
"phonics","skip_verified","/Users/Sean/Desktop/phonics/double_consonants/lunch/lunch_1.png","phonics/lunch/lunch_1.png","flatten_to_lemma","","1215800","9c40462ccfa229e1f90889ad9372a710bd54c670f423e9045179e72436456355","true","1215800","7212e962efd67d795a191c2332ea0e7e","image/png","false"
"phonics","skip_verified","/Users/Sean/Desktop/phonics/Mm/Mm_1.png","phonics/m/m_1.png","phonics_letter_folder","","10610","60e6828119eb694b1532ec26086f70c3ce0843c40982caa6625d135e858ca470","true","10610","b6fdcd8c8456a9f17d2286f3fce74c67","image/png","false"
"phonics","skip_verified","/Users/Sean/Desktop/phonics/short_a/mat/mat_1.png","phonics/mat/mat_1.png","flatten_to_lemma","","661849","fe506a7e1eff6d5ffad2af6f91689af05ffb6ce208333d136bebfb25f402f842","true","661849","0e60bd7041b1e72f72a34e86e2387421","image/png","false"
"phonics","skip_verified","/Users/Sean/Desktop/phonics/double_vowel/meet/meet_1.png","phonics/meet/meet_1.png","flatten_to_lemma","","1152046","21711f92f5594d8238b421208961d9534d2082f77091259656a144c87a4bec93","true","1152046","e5ea3364361897100daa03da6ef44578","image/png","false"
"phonics","skip_verified","/Users/Sean/Desktop/phonics/double_vowel/moon/moon_1.png","phonics/moon/moon_1.png","flatten_to_lemma","","1019669","df813c8bdd5e19e2af08db6c1282c978dfc8a01671e4715611b0a9c95450e125","true","1019669","29016868f9ddc1c3a1d52dfc424a676b","image/png","false"
"phonics","skip_verified","/Users/Sean/Desktop/phonics/short_o/mop/mop_1.png","phonics/mop/mop_1.png","flatten_to_lemma","","501181","6156e2720f020e32e4dbddf7b78eaad5e2db9a8188911185120c34f869b30053","true","501181","5a66b6f7c4922d922004ae904384c0bb","image/png","false"
"phonics","skip_verified","/Users/Sean/Desktop/phonics/long_u/mute/mute_1.png","phonics/mute/mute_1.png","flatten_to_lemma","","1021411","52c60cb986a8c24e16f869b5693e7d94f05bba04da0826b24fc967749920ca79","true","1021411","b27f6f87280a2e259dd3a8e93803f186","image/png","false"
"phonics","skip_verified","/Users/Sean/Desktop/phonics/sight_words/my/my_1.png","phonics/my/my_1.png","flatten_to_lemma","","15702","de5729c2fd6bc9ba72680cea539ceb641f3db0abb2ad3b8b3c60451779ab69a1","true","15702","eaebbc55e8ca9bc26252415e626f85b9","image/png","false"
"phonics","skip_verified","/Users/Sean/Desktop/phonics/Nn/Nn_1.png","phonics/n/n_1.png","phonics_letter_folder","","8174","c49534c2c33ee6c4b5306e26f26caa219bd425ca524e49aaa465c2d8d6971e52","true","8174","08e29745820f5602e9cc3b59fad50732","image/png","false"
"phonics","skip_verified","/Users/Sean/Desktop/phonics/long_i/nine/nine_1.png","phonics/nine/nine_1.png","flatten_to_lemma","","1544766","bb41525ed9ca95bc2e441b1a3f75093143f847941739fa2854d23b955986422f","true","1544766","cdbcb33b88440510504689ad7be9ec72","image/png","false"
"phonics","skip_verified","/Users/Sean/Desktop/phonics/long_o/nose/nose_1.png","phonics/nose/nose_1.png","flatten_to_lemma","","1003555","c78ea45655f655090937007701f56df8cff58858b7c4bfcc90573b3936e88af3","true","1003555","1b77e73cecd65734f317f5d1aa788954","image/png","false"
"phonics","skip_verified","/Users/Sean/Desktop/phonics/long_o/note/note_1.png","phonics/note/note_1.png","flatten_to_lemma","","933911","32585b7b9be8bd884dbeafc7a68a8aabfc6def29df85569b8f23ed71460369a4","true","933911","f70f60a35af2f8fbd2993682186df842","image/png","false"
"phonics","skip_verified","/Users/Sean/Desktop/phonics/short_u/nut/nut_1.png","phonics/nut/nut_1.png","flatten_to_lemma","","1010493","2ad18f31353dd6b1c95fbd0c8d286581c18c3413d6a58790075ed4784f3d6790","true","1010493","5b329be9c1b61fd9ade508e0277512a7","image/png","false"
"phonics","skip_verified","/Users/Sean/Desktop/phonics/Oo/Oo_1.png","phonics/o/o_1.png","phonics_letter_folder","","11948","c16d69b546642e485adfd2519c9eb8970cf7a3597f9a2bfb45e26dad6ef68a84","true","11948","efc941f8763cf69c7ad3127da6aa2612","image/png","false"
"phonics","skip_verified","/Users/Sean/Desktop/phonics/sight_words/of/of_1.png","phonics/of/of_1.png","flatten_to_lemma","","11988","58e187a0ef0a8de2617a00fc4e3553c70891d355da7c3815e83059ec6406bb76","true","11988","94311c91530cef1382268d19abb33fdb","image/png","false"
"phonics","skip_verified","/Users/Sean/Desktop/phonics/sight_words/out/out_1.png","phonics/out/out_1.png","flatten_to_lemma","","15754","94de09cad80989f3d7539053534e660f2b5afcced76de3efb9eafb983abd46ca","true","15754","606e0eb9a5175b405d797582ccc53856","image/png","false"
"phonics","skip_verified","/Users/Sean/Desktop/phonics/sight_words/over/over_1.png","phonics/over/over_1.png","flatten_to_lemma","","17784","cb076b6a8243d1085d0dc9f16785eb740edc8718600215f121fe91abb0c678b7","true","17784","227e18873f8f8eb59fbfa8a05b4688c0","image/png","false"
"phonics","skip_verified","/Users/Sean/Desktop/phonics/double_vowel/owl/owl_1.png","phonics/owl/owl_1.png","flatten_to_lemma","","971596","2000ae4ec6f4de053d73534099d6695c82c5a222f60c25cba1f15abc4c50474b","true","971596","de0b0e0538c42a151ade8679d055940e","image/png","false"
"phonics","skip_verified","/Users/Sean/Desktop/phonics/Pp/Pp_1.png","phonics/p/p_1.png","phonics_letter_folder","","8377","b8e2dd0a75b1b5f444375117898f9a4ba7812c33d7b1fd9d32a1ee2c41b4cc60","true","8377","256a960af244460d50b12bfbc3378c27","image/png","false"
"phonics","skip_verified","/Users/Sean/Desktop/phonics/short_a/pan/pan_1.png","phonics/pan/pan_1.png","flatten_to_lemma","","588484","4f2943e2f18b587b08fc0879620b7560212305f629c563d62d6005d794dfbcb8","true","588484","c899de3767bc21e545784abb59479e23","image/png","false"
"phonics","skip_verified","/Users/Sean/Desktop/phonics/short_e/pet/pet_1.png","phonics/pet/pet_1.png","flatten_to_lemma","","840073","1857c55b0f317a34ab75d27387de5ded6660d22c551315abc46cbdd09ca373cb","true","840073","b2254652503b6f90a526bc3c03c06f63","image/png","false"
"phonics","skip_verified","/Users/Sean/Desktop/phonics/double_consonants/phone/phone_1.png","phonics/phone/phone_1.png","flatten_to_lemma","","664945","09553bfef116679faed8670fa8d9d8833b5581cab314feebcca223266871a58a","true","664945","79ca0ee0b872c9477b000863db5a78b9","image/png","false"
"phonics","skip_verified","/Users/Sean/Desktop/phonics/short_i/pig/pig_1.png","phonics/pig/pig_1.png","flatten_to_lemma","","976208","ee4275f3b647265b26df1b864062723355935ba9743fcce8f1629d23649bbb93","true","976208","cebcc1377e3e590885ce5952a3b40ce7","image/png","false"
"phonics","skip_verified","/Users/Sean/Desktop/phonics/double_consonants/pink/pink_1.png","phonics/pink/pink_1.png","flatten_to_lemma","","465487","3d7265a3dcd11fb926b396bb609ec6deac169bc19dda9a3604ef1767334e60ae","true","465487","cb8889ba84638611ccb716f413c523c8","image/png","false"
"phonics","skip_verified","/Users/Sean/Desktop/phonics/double_vowel/point/point_1.png","phonics/point/point_1.png","flatten_to_lemma","","480793","c503ebac0d443d5868bc7f7b7fb608435adc7330dc1c1a7c46ee666a828cba94","true","480793","11add3d79a7fb1cd9a0f2a77e9847ab6","image/png","false"
"phonics","skip_verified","/Users/Sean/Desktop/phonics/long_o/poke/poke_1.png","phonics/poke/poke_1.png","flatten_to_lemma","","550342","646fc90dcf746c4f7d896401c365bbbfb9371c0923d623aa0eed37c41b1f2961","true","550342","ecca5c5364fd19638bc46f4235eebe43","image/png","false"
"phonics","skip_verified","/Users/Sean/Desktop/phonics/short_o/pot/pot_1.png","phonics/pot/pot_1.png","flatten_to_lemma","","736449","28ea0984f0cf594b50dfdf45883d24d39966ef42420adf638079c2827117da0f","true","736449","137a0e07750e5c74d129fec57c669b2f","image/png","false"
"phonics","skip_verified","/Users/Sean/Desktop/phonics/double_vowel/pouch/pouch_1.png","phonics/pouch/pouch_1.png","flatten_to_lemma","","597819","b110518f9adb9a18290ebf8b402f12061403672a9c7f003143d676bc05901de8","true","597819","0fb2918c566f2eca93b290e0135d9a56","image/png","false"
"phonics","skip_verified","/Users/Sean/Desktop/phonics/double_consonants/price/price_1.png","phonics/price/price_1.png","flatten_to_lemma","","464829","087129855977cb5d16e1cfa85ed4ed104ee3eab3a736e52a375f34c36cd66557","true","464829","6932519dbee616b30791394f4fb946b4","image/png","false"
"phonics","skip_verified","/Users/Sean/Desktop/phonics/Qq/Qq_1.png","phonics/q/q_1.png","phonics_letter_folder","","11033","ea0c701603cbe602e598c35c7f62978a53d5f77ff75a9339007f1586c1832bd2","true","11033","1fdb935e7eab1decccac4f3a38f18a45","image/png","false"
"phonics","skip_verified","/Users/Sean/Desktop/phonics/Rr/Rr_1.png","phonics/r/r_1.png","phonics_letter_folder","","7416","28798900b18f32d4c2d06f6c39040d4693696d5fa425725a7be3adcfc65b47a4","true","7416","232f0ba553414292e9b314f1914d90b3","image/png","false"
"phonics","skip_verified","/Users/Sean/Desktop/phonics/long_a/race/race_1.png","phonics/race/race_1.png","flatten_to_lemma","","976685","26a7bf97477f53fb4bc88fadc0956800b78f37036dc4402012753903aebb9139","true","976685","f250799a16babe35e8ead78ad59c48f0","image/png","false"
"phonics","skip_verified","/Users/Sean/Desktop/phonics/double_vowel/rain/rain_1.png","phonics/rain/rain_1.png","flatten_to_lemma","","482668","37effe73fc7680a17210926929f80b3f88ac12e7714bc4172471b16d4f516215","true","482668","c3ad18ddf705b092f50f68f147f136de","image/png","false"
"phonics","skip_verified","/Users/Sean/Desktop/phonics/short_e/red/red_1.png","phonics/red/red_1.png","flatten_to_lemma","","486246","15db12b7cef93664b890eaf9171aac2db0570e723a759955121c7ac74f75b7a0","true","486246","a46ac489a06dcbacfb890e329a1a8b9e","image/png","false"
"phonics","skip_verified","/Users/Sean/Desktop/phonics/double_consonants/ring/ring_1.png","phonics/ring/ring_1.png","flatten_to_lemma","","580070","a61f6948654bf18c7ba423037c5b97861d4335f18a6d9b4247aafee3c30082b3","true","580070","ada07516c23e542f14b3ed31832f3f18","image/png","false"
"phonics","skip_verified","/Users/Sean/Desktop/phonics/double_vowel/road/road_1.png","phonics/road/road_1.png","flatten_to_lemma","","801340","763040b932f28a25b20e8c095ed0866ab6efdef950144d9e5913681ab678c55e","true","801340","3bba6f0a70684ddc18e48bdd7db242bf","image/png","false"
"phonics","skip_verified","/Users/Sean/Desktop/phonics/long_o/rope/rope_1.png","phonics/rope/rope_1.png","flatten_to_lemma","","736191","65d045ec3cf40ee3bcd660bdf7027380dcb16043178fb3fbcc96fe5391373e82","true","736191","cf19d0fdb0432326725df955b71b09ed","image/png","false"
"phonics","skip_verified","/Users/Sean/Desktop/phonics/long_o/rose/rose_1.png","phonics/rose/rose_1.png","flatten_to_lemma","","609673","d09c15d8089544d145ce2e82e273431617629cae6652b912cf9f7a46830e415c","true","609673","f24817eb48af61da7d3d39d2c896f250","image/png","false"
"phonics","skip_verified","/Users/Sean/Desktop/phonics/Ss/Ss_1.png","phonics/s/s_1.png","phonics_letter_folder","","11458","9f142f82e3a31746e1f5df42dbcfada7b49af1837eec9b3ca91f9aae7b69d416","true","11458","7edc23104b644c5dd4aaf0c3949aea75","image/png","false"
"phonics","skip_verified","/Users/Sean/Desktop/phonics/double_vowel/sea/sea_1.png","phonics/sea/sea_1.png","flatten_to_lemma","","1048411","4c0bfd6bccae98b42a2e07bd48d254a6bf62dd8ba84bf1cd110ffc293a01b357","true","1048411","84ce5feb8a69c992e2338017d8e4b183","image/png","false"
"phonics","skip_verified","/Users/Sean/Desktop/phonics/double_vowel/seal/seal_1.png","phonics/seal/seal_1.png","flatten_to_lemma","","817436","59b4d1a959c06a53ac2c7f357d5bc5e4b0229a4f295fbe0f456558d8a3d9249d","true","817436","96d90a24f46b000acd5f6c52a4b62a5c","image/png","false"
"phonics","skip_verified","/Users/Sean/Desktop/phonics/double_consonants/ship/ship_1.png","phonics/ship/ship_1.png","flatten_to_lemma","","740590","b790787dfe13ccffa4a8c5be17979f7ef906edfc097aaf03f463fe118d76656a","true","740590","54aad5f64b4fb68e5b0090ca13a68326","image/png","false"
"phonics","skip_verified","/Users/Sean/Desktop/phonics/double_vowel/shout/shout_1.png","phonics/shout/shout_1.png","flatten_to_lemma","","875848","c7354abe3d22b2c139e34c1a9c9a968bd2ae253698ddea7e73c0cdd1bcc1e5f6","true","875848","c3ba7fca691f80bff506ac6051fcff01","image/png","false"
"phonics","skip_verified","/Users/Sean/Desktop/phonics/long_i/side/side_1.png","phonics/side/side_1.png","flatten_to_lemma","","1056309","5eb14d09f472c431b5e8e93050d93529efa51d96ba4320f7cf97874d43696b0a","true","1056309","1e37a84d7978d223f3b171414629978e","image/png","false"
"phonics","skip_verified","/Users/Sean/Desktop/phonics/double_consonants/sing/sing_1.png","phonics/sing/sing_1.png","flatten_to_lemma","","669896","102524b5184fdc7aefb6aeb286b365d0bde1990f6cd24e37c8f4a255f79b4d93","true","669896","ce7f109ca923388c9124e454414726aa","image/png","false"
"phonics","skip_verified","/Users/Sean/Desktop/phonics/short_i/sit/sit_1.png","phonics/sit/sit_1.png","flatten_to_lemma","","798670","b417faddf993379b28db8ad32f057b07bf1bdb3eed58fda86cf4d468fc799fdd","true","798670","97a92ddea6dbf6dde280c31dd2566aaa","image/png","false"
"phonics","skip_verified","/Users/Sean/Desktop/phonics/short_i/six/six_1.png","phonics/six/six_1.png","flatten_to_lemma","","581536","409d1475fe9704a4752d110ec65dfca8d126828dfcef0ed0d8b648176f070ff2","true","581536","e4f6a751826665f8d5d4fdcf52b8f035","image/png","false"
"phonics","skip_verified","/Users/Sean/Desktop/phonics/double_vowel/skirt/skirt_1.png","phonics/skirt/skirt_1.png","flatten_to_lemma","","812904","6416303c336771780b25afba77609420c30226af0ce3da7ec4f8b4c7bca10cd5","true","812904","f86953b45c107ea34e632e1400c93773","image/png","false"
"phonics","skip_verified","/Users/Sean/Desktop/phonics/double_consonants/sled/sled_1.png","phonics/sled/sled_1.png","flatten_to_lemma","","737634","140f5321b8e5bda95586693161ac201a5fb9264c21c1f867216fb35f9081e451","true","737634","0d9374da1d9167789c3d05bafcf707ef","image/png","false"
"phonics","skip_verified","/Users/Sean/Desktop/phonics/double_consonants/slice/slice_1.png","phonics/slice/slice_1.png","flatten_to_lemma","","994069","c54a62ddca68da5953a2e0a0dbaae19b8ad2d18de507057842386424d2fae149","true","994069","03f860d132ee862c2391ca5fcac94374","image/png","false"
"phonics","skip_verified","/Users/Sean/Desktop/phonics/double_consonants/slide/slide_1.png","phonics/slide/slide_1.png","flatten_to_lemma","","701845","f5a1cc2c3e4d043ec07c0d01ecbe8dfd5fc24c264a270fc1103b12db80e9af84","true","701845","4d958439850bce460a6d01e8d7d08f8d","image/png","false"
"phonics","skip_verified","/Users/Sean/Desktop/phonics/double_consonants/smell/smell_1.png","phonics/smell/smell_1.png","flatten_to_lemma","","954166","34796c3e211356d861a111144832a1c7762cd90addd4ae99d867af921bcc2d0d","true","954166","b09b747a2d346b87a347dd66c1627626","image/png","false"
"phonics","skip_verified","/Users/Sean/Desktop/phonics/double_consonants/smoke/smoke_1.png","phonics/smoke/smoke_1.png","flatten_to_lemma","","778052","673472a285e1ae09702ad3f5c4cc873248592a7442311e91d00b3d51b26fda41","true","778052","b249177eaa4996542b04f91aca2f925f","image/png","false"
"phonics","skip_verified","/Users/Sean/Desktop/phonics/double_vowel/soil/soil_1.png","phonics/soil/soil_1.png","flatten_to_lemma","","527899","2bc47df18b602420e96b44e7f677f323b05545a292ad366c4b75da538e446030","true","527899","40e6e30c2b8b0b164792d1f2c78bcf3e","image/png","false"
"phonics","skip_verified","/Users/Sean/Desktop/phonics/double_vowel/star/star_1.png","phonics/star/star_1.png","flatten_to_lemma","","604200","bc945f63dda8a8d6c8e2af78e55dd7573697f095f87478e1d52b91145e088960","true","604200","37cbba2a66dc2db99744ab0852ab5e2b","image/png","false"
"phonics","skip_verified","/Users/Sean/Desktop/phonics/double_consonants/stop/stop_1.png","phonics/stop/stop_1.png","flatten_to_lemma","","719890","5d7280ff978ee286a8bc7addce96082d56abcc2eaa7a417a28b316bcdbc7ecbc","true","719890","556ca2bef9b24e5a5b4a2cf2c977bf05","image/png","false"
"phonics","skip_verified","/Users/Sean/Desktop/phonics/short_u/sun/sun_1.png","phonics/sun/sun_1.png","flatten_to_lemma","","418752","8a07d3aa916baaa140ada17aa0543b18587b3efad1e107985af04cca4465bf9b","true","418752","d659346169a8777e458ae70f6b2b7419","image/png","false"
"phonics","skip_verified","/Users/Sean/Desktop/phonics/double_consonants/swan/swan_1.png","phonics/swan/swan_1.png","flatten_to_lemma","","689035","24b98b5c8dc695a6bf1c81bf8fec2ae244dc8a33558cf4b3416fe53be84e961b","true","689035","f2d294f47199f59750bf9ef5927ecd6a","image/png","false"
"phonics","skip_verified","/Users/Sean/Desktop/phonics/double_consonants/sweep/sweep_1.png","phonics/sweep/sweep_1.png","flatten_to_lemma","","490951","c9546e44679a90a4ee721ce2c2735f00d8531c9eb874d48c468d94fef9d80f65","true","490951","491efda3f989be1409a7cbe78ffc3ad8","image/png","false"
"phonics","skip_verified","/Users/Sean/Desktop/phonics/Tt/Tt_1.png","phonics/t/t_1.png","phonics_letter_folder","","5577","571e6dd0d71e563a53a329584a0b8dd993bcbc8bc6b443270bf51c3ec9c05d58","true","5577","58cb17c54c6435898fe8b017faac1cd6","image/png","false"
"phonics","skip_verified","/Users/Sean/Desktop/phonics/double_vowel/tail/tail_1.png","phonics/tail/tail_1.png","flatten_to_lemma","","589749","18b8e26b435de6d9f185c075b49994971614e9a270003c6bb89acb4c2fa4acf1","true","589749","1480ce34d63f2f10b2c47434c48d9785","image/png","false"
"phonics","skip_verified","/Users/Sean/Desktop/phonics/short_a/tap/tap_1.png","phonics/tap/tap_1.png","flatten_to_lemma","","519987","02cfaaac42a6d3168e5497fb953046f4d2bcf58618f3e1ae78095e7595fbd578","true","519987","99d497a71f71db547cede0f78931181c","image/png","false"
"phonics","skip_verified","/Users/Sean/Desktop/phonics/double_vowel/tea/tea_1.png","phonics/tea/tea_1.png","flatten_to_lemma","","1032872","5cc568d5c87abf0fa2a80dbec0a9e1acb112a6d3bb6c24b2038f53c606b3136e","true","1032872","4d412f2b136051d5fe725d2c3ec68c94","image/png","false"
"phonics","skip_verified","/Users/Sean/Desktop/phonics/double_consonants/teeth/teeth_1.png","phonics/teeth/teeth_1.png","flatten_to_lemma","","510144","d99e0147f3b7ec14904cedb276df69c69541690ff2b31d243418816294a9b14b","true","510144","2e9310bf934a9178fde91846da29a084","image/png","false"
"phonics","skip_verified","/Users/Sean/Desktop/phonics/short_e/ten/ten_1.png","phonics/ten/ten_1.png","flatten_to_lemma","","562618","82f00565cb31a3f9d5adaeb6a83364a413259d18d742369ac5b519537cdceaf1","true","562618","4a9e2f3ffe279302daaeecc0763737c0","image/png","false"
"phonics","skip_verified","/Users/Sean/Desktop/phonics/sight_words/the/the_1.png","phonics/the/the_1.png","flatten_to_lemma","","15659","cf3ec4b3a8f637b9f89136bd7140be2eada7907a32c307d344e187c9301edf83","true","15659","49aa1b03880b4800c0c7e19381bb2b39","image/png","false"
"phonics","skip_verified","/Users/Sean/Desktop/phonics/sight_words/they/they_1.png","phonics/they/they_1.png","flatten_to_lemma","","18698","d4ad5760019de5f938748603b37dd67aac84946a3655d4c0414a6698abe6ffbf","true","18698","f4b7aef1358dedce21e993a1360fec02","image/png","false"
"phonics","skip_verified","/Users/Sean/Desktop/phonics/double_consonants/think/think_1.png","phonics/think/think_1.png","flatten_to_lemma","","652838","c33ca5c67a8074e8204fe2bfde378715414f4ae4ea63d543caa37796364cdd80","true","652838","83de38bf3d0542d3b23519e8d2a83867","image/png","false"
"phonics","skip_verified","/Users/Sean/Desktop/phonics/sight_words/to/to_1.png","phonics/to/to_1.png","flatten_to_lemma","","12184","4497622500db363d7dbf737b33b1975847160657cdbf8b6bbacbc5ab710293f1","true","12184","19b5518e2c8a6c527a70c4f02507eb61","image/png","false"
"phonics","skip_verified","/Users/Sean/Desktop/phonics/double_vowel/town/town_1.png","phonics/town/town_1.png","flatten_to_lemma","","990859","45813d0ef7a69562368240e0a33af0412fca4e32f7242c303b165a272858ddcb","true","990859","4c85ef66421795db9a4838f4c29f2621","image/png","false"
"phonics","skip_verified","/Users/Sean/Desktop/phonics/double_vowel/toy/toy_1.png","phonics/toy/toy_1.png","flatten_to_lemma","","980739","804d9e48329c6f5edbea327fded0bfcd4a47aa1002b5550f12f46052e689ac0d","true","980739","7e67f6a4ac0fed36658700b380c45ec3","image/png","false"
"phonics","skip_verified","/Users/Sean/Desktop/phonics/double_vowel/tray/tray_1.png","phonics/tray/tray_1.png","flatten_to_lemma","","835753","03666c99c7fc71bf7ab8843ee739967588169bef83f38e34fed48d7dd544c4e9","true","835753","f8c05c4def32ef03dbe0912f05433aa8","image/png","false"
"phonics","skip_verified","/Users/Sean/Desktop/phonics/double_consonants/trip/trip_1.png","phonics/trip/trip_1.png","flatten_to_lemma","","753506","b1583e4089fcb0edef21a305710b26d0e4af6456c889fac6440368c8ec23fcf9","true","753506","cf6d3eb8e910c3c8601f9fe07c526c73","image/png","false"
"phonics","skip_verified","/Users/Sean/Desktop/phonics/double_consonants/trumpet/trumpet_1.png","phonics/trumpet/trumpet_1.png","flatten_to_lemma","","570352","b5991c39bc2d2075a41223572e369bc67badf418ed5c435e3786a23e89e30269","true","570352","78112d135d90771b655a9053b765711c","image/png","false"
"phonics","skip_verified","/Users/Sean/Desktop/phonics/short_u/tub/tub_1.png","phonics/tub/tub_1.png","flatten_to_lemma","","898131","973eb72cf2f3ebb6020a3801e7613d73e6b5dff4439a6d4689379c1b2d7605cb","true","898131","2faa6d910e082936ff2b2e07396806cb","image/png","false"
"phonics","skip_verified","/Users/Sean/Desktop/phonics/long_u/tube/tube_1.png","phonics/tube/tube_1.png","flatten_to_lemma","","1182619","9f0bb415330b4f827a4afa0de8d4fa21330a33f4303aa3457b4afeecf2e7284f","true","1182619","fccd31d39c70f2408f1765092593db36","image/png","false"
"phonics","skip_verified","/Users/Sean/Desktop/phonics/long_u/tune/tune_1.png","phonics/tune/tune_1.png","flatten_to_lemma","","748888","13578052417c277fe99e9c5f669a0872823dc3489b9b4926566da282adc96936","true","748888","741261dc2e0c042cd6c77c6d0844a82f","image/png","false"
"phonics","skip_verified","/Users/Sean/Desktop/phonics/Uu/Uu_1.png","phonics/u/u_1.png","phonics_letter_folder","","7366","b0dc544551a586d98f2dab6f45168998069c2a251b29c6c0e1832a3981db87d0","true","7366","c79b0230047f413c5f39d8e7d5c918eb","image/png","false"
"phonics","skip_verified","/Users/Sean/Desktop/phonics/long_u/use/use_1.png","phonics/use/use_1.png","flatten_to_lemma","","857267","59e4cbc9bd1ca4b9f702ce73831ae2985c35a388b957d5c9b61c1c4bb0d917dd","true","857267","038d37eca35313ac0706591e21cf06d7","image/png","false"
"phonics","skip_verified","/Users/Sean/Desktop/phonics/Vv/Vv_1.png","phonics/v/v_1.png","phonics_letter_folder","","10779","0af26d15aa01b8f826ee401c85287c16d670960e51c60d8c0235dd3207e75f08","true","10779","cdb90219c48612a9348b3fec1dd8d6b6","image/png","false"
"phonics","skip_verified","/Users/Sean/Desktop/phonics/short_e/vet/vet_1.png","phonics/vet/vet_1.png","flatten_to_lemma","","829644","ac9dae6fb0bcd1543dcab56046b9f5391ffb31793e06e9d16495425d1790f3c2","true","829644","11be3cfaef2692bc94e89ed0f8afc67e","image/png","false"
"phonics","skip_verified","/Users/Sean/Desktop/phonics/double_vowel/violin/violin_1.png","phonics/violin/violin_1.png","flatten_to_lemma","","642238","80adf4bd7d105645b02ebee8ebe4217f6d4b3e34d358d93291d48c6ad49d77b9","true","642238","f9f1d0cd1b50d4811590dbd4c49bb2cd","image/png","false"
"phonics","skip_verified","/Users/Sean/Desktop/phonics/Ww/Ww_1.png","phonics/w/w_1.png","phonics_letter_folder","","15502","605257970ec8c8e7396e43f2b8300ec081534f2b7a5a15f8be7484738b2d3207","true","15502","af30e366e45eb6706dabf896c584e2ca","image/png","false"
"phonics","skip_verified","/Users/Sean/Desktop/phonics/double_vowel/wait/wait_1.png","phonics/wait/wait_1.png","flatten_to_lemma","","754628","870b15faffa1b92fe3e158d5a10402b968721bb80bdd366617667104332f040d","true","754628","44989a32dbb42c90ec5084c5d46baed1","image/png","false"
"phonics","skip_verified","/Users/Sean/Desktop/phonics/sight_words/was/was_1.png","phonics/was/was_1.png","flatten_to_lemma","","20715","609d87798aa15e4c61b98ef6020dbc9bfb2dab8bef008e48b07b3336aa4c5e72","true","20715","486130152647ebc0f2352e1b93f0aa24","image/png","false"
"phonics","skip_verified","/Users/Sean/Desktop/phonics/sight_words/we/we_1.png","phonics/we/we_1.png","flatten_to_lemma","","16030","10dfac4affeb3d615a5bcdaab836930706c4975327273a66601cd0c6b8e1681d","true","16030","00104eedafc1d1b4dc472cb0d2ffbcd0","image/png","false"
"phonics","skip_verified","/Users/Sean/Desktop/phonics/short_e/wet/wet_1.png","phonics/wet/wet_1.png","flatten_to_lemma","","905651","463c7aef2a719b2a51751659d84f5e9ab20b69e805fc073a70bbc7a6ba3622a6","true","905651","18e366c0f6ec1cac9d53da623488781e","image/png","false"
"phonics","skip_verified","/Users/Sean/Desktop/phonics/double_consonants/whale/whale_1.png","phonics/whale/whale_1.png","flatten_to_lemma","","667789","80a750ca26d93980ae24f0a886c5c61a9c1e08ef4d5fb90da989c4f05724a2e5","true","667789","8fbfd17a477f4a45a4c03288fe264009","image/png","false"
"phonics","skip_verified","/Users/Sean/Desktop/phonics/double_consonants/whisker/whisker_1.png","phonics/whisker/whisker_1.png","flatten_to_lemma","","852719","66df71f67c47e395b94651d3fc80fd360a27f2bbc76dc154014c2036b0c7c7e8","true","852719","f508e209e3fd381f15f7e45cc7b3ff66","image/png","false"
"phonics","skip_verified","/Users/Sean/Desktop/phonics/double_consonants/whisper/whisper_1.png","phonics/whisper/whisper_1.png","flatten_to_lemma","","1115966","09a22f2b7fedc0f91d6246672551bdcad069456fb5c88b66b5172b4aded3bacf","true","1115966","05e302b8ea71fe4ac5fbf1f717cebd38","image/png","false"
"phonics","skip_verified","/Users/Sean/Desktop/phonics/double_consonants/white/white_1.png","phonics/white/white_1.png","flatten_to_lemma","","433930","7dc0e9d79af6a865dddd85ca45ad4b241592adc44fca3f49f4c2dac71951d50e","true","433930","00272dd1ebeec05a1ed798c752f554a3","image/png","false"
"phonics","skip_verified","/Users/Sean/Desktop/phonics/short_i/wig/wig_1.png","phonics/wig/wig_1.png","flatten_to_lemma","","1342300","485f88c4ee8d03754ecc38a62a220d374814a39fd3bcb1feb9881e7669a34534","true","1342300","6c4d57b918ec44c91f4fbe21b70a38c2","image/png","false"
"phonics","skip_verified","/Users/Sean/Desktop/phonics/short_i/win/win_1.png","phonics/win/win_1.png","flatten_to_lemma","","801228","c3322d71155a9594e457bed5342a502ad4f9aa26377c23c2b1a8f2ef53bf8ea6","true","801228","10527289a5ef6cad3e8ef564b8931d4d","image/png","false"
"phonics","skip_verified","/Users/Sean/Desktop/phonics/double_consonants/wind/wind_1.png","phonics/wind/wind_1.png","flatten_to_lemma","","438642","f71ae7917b6203fc81641ec7221b40fd1f838aa847f893a581187569c9a1d9f6","true","438642","977707ddfce72a3d72de570dc743d0b1","image/png","false"
"phonics","skip_verified","/Users/Sean/Desktop/phonics/sight_words/with/with_1.png","phonics/with/with_1.png","flatten_to_lemma","","17484","dd668cea515b2f246ff48cf76322af03d0da468e899793311c165658acca0b73","true","17484","6130536569c146bdb3a7c90a3a14f6da","image/png","false"
"phonics","skip_verified","/Users/Sean/Desktop/phonics/double_vowel/wood/wood_1.png","phonics/wood/wood_1.png","flatten_to_lemma","","917465","9dee673a12707cd3614642db8e22b81ade51a104357f42b8b115bfa68cb747ed","true","917465","4068b143b4b9f9a1d6d2cd3f5de25d4d","image/png","false"
"phonics","skip_verified","/Users/Sean/Desktop/phonics/Xx/Xx_1.png","phonics/x/x_1.png","phonics_letter_folder","","11298","b1b5462b944543ca24cc5fd202ff62403901f10402d973c580ddab701d5c0c59","true","11298","d5ef3996df6103b6e1c3e72671f0a190","image/png","false"
"phonics","skip_verified","/Users/Sean/Desktop/phonics/Yy/Yy_1.png","phonics/y/y_1.png","phonics_letter_folder","","10299","5aad7b3c58bb53993dfd07a32f78087978c6e4b3714b853d6c4783c81c87d70b","true","10299","8e94696cd2b2392604168cf861e120f7","image/png","false"
"phonics","skip_verified","/Users/Sean/Desktop/phonics/sight_words/you/you_1.png","phonics/you/you_1.png","flatten_to_lemma","","18390","54d072ef2447a398dc641737df46ee66428d6f264d6246ab727a325e83757fab","true","18390","1ddbe1eaa2991c40dc91a749bd29d03f","image/png","false"
"phonics","skip_verified","/Users/Sean/Desktop/phonics/Zz/Zz_1.png","phonics/z/z_1.png","phonics_letter_folder","","5488","306a0009de849a39936c9be9ce886e9205d678528280906b7afc8eed07ad567b","true","5488","9a5418b61365d17e41299fe0556b0454","image/png","false"
"prepositions","skip_verified","/Users/Sean/Desktop/prepositions/place/above/above_1.png","prepositions/above/above_1.png","flatten_to_lemma","","610158","9c50c91b966659d4a9c93131149aa0be84c119870f408edb63ba238980994750","true","610158","9fa2582bc1b107456bd8e9d9f0745152","image/png","false"
"prepositions","skip_verified","/Users/Sean/Desktop/prepositions/place/above/above_2.png","prepositions/above/above_2.png","flatten_to_lemma","","248447","6af265c44bad9d12cfb8dd3250a07e3e106f136b3a8d687a684777e04fb99cbd","true","248447","f6c160c7eefc05c7354b1487ca4cc487","image/png","false"
"prepositions","skip_verified","/Users/Sean/Desktop/prepositions/movement/across/across_1.png","prepositions/across/across_1.png","flatten_to_lemma","","588708","fa813adce3725d245dde3c47efcfd7ef3488e75e40fad23599098f5a445b9897","true","588708","cd816bba695b46850b0d9b05c5167f62","image/png","false"
"prepositions","skip_verified","/Users/Sean/Desktop/prepositions/movement/across/across_2.png","prepositions/across/across_2.png","flatten_to_lemma","","499005","c3c2b879eca231d25c48ad8510a638a504eaf709a8294b24462b778027b39178","true","499005","30ac8e535d936b75c74464d7e6eca945","image/png","false"
"prepositions","skip_verified","/Users/Sean/Desktop/prepositions/place/among/among_1.png","prepositions/among/among_1.png","flatten_to_lemma","","868529","ce86e0bb1ddc3ed9eb7f6d29adb94ccec6c27ae11893e6fe72a86643beeaf305","true","868529","047f4889114bf4437afbbfe27b4af26f","image/png","false"
"prepositions","skip_verified","/Users/Sean/Desktop/prepositions/place/among/among_2.png","prepositions/among/among_2.png","flatten_to_lemma","","556696","2123512d705ece99e98df2b600a62771820c314faaff22ebf0744957a43a483a","true","556696","cdef473e5f55c798fa5a001ad078095e","image/png","false"
"prepositions","skip_verified","/Users/Sean/Desktop/prepositions/movement/around/around_1.png","prepositions/around/around_1.png","flatten_to_lemma","","780823","e02b5ff5826ebc14795b97e8792c4400cbfa8375c367e084bea034a099208a9b","true","780823","ff475f15963760e5b85a21fa7c8ca71a","image/png","false"
"prepositions","skip_verified","/Users/Sean/Desktop/prepositions/movement/around/around_2.png","prepositions/around/around_2.png","flatten_to_lemma","","438884","baa1dea65a1385957a43ef060c389b88968fa433d418b18f277f0b7fd439bfc1","true","438884","a0f7fb4b426a7d2ea4f079d8cfcd241d","image/png","false"
"prepositions","skip_verified","/Users/Sean/Desktop/prepositions/movement/away from/away_from_1.png","prepositions/away_from/away_from_1.png","canonical_existing_folder","","569526","7ea4b2912a9999c97b45c1d247e7e9bb5f6b502fa2df6c7e52a8832a4967c6bd","true","569526","308ac01b0f17ac5985921a3f44e89c5a","image/png","false"
"prepositions","skip_verified","/Users/Sean/Desktop/prepositions/movement/away from/away_from_2.png","prepositions/away_from/away_from_2.png","canonical_existing_folder","","334684","6fe302da65be83db17e25d3eb4562d59a1c3bf5bbb7f5a3bd04613184e08725a","true","334684","7588c325435c39525bc50820d02e901b","image/png","false"
"prepositions","skip_verified","/Users/Sean/Desktop/prepositions/place/behind/behind_1.png","prepositions/behind/behind_1.png","flatten_to_lemma","","997379","5752127bd81bfb25492cfef05ca4eb78d1ec5e08cc0f3c1f6bddfdf743af7097","true","997379","a2cd6ca0819481c4aa18e1421abb0e44","image/png","false"
"prepositions","skip_verified","/Users/Sean/Desktop/prepositions/place/behind/behind_2.png","prepositions/behind/behind_2.png","flatten_to_lemma","","525011","95ce479ef3aca713261c4898c57c9132c37ce1498b9646f19eecdf3279795122","true","525011","e8d829bfde745c2fccfa176cc27e01ad","image/png","false"
"prepositions","skip_verified","/Users/Sean/Desktop/prepositions/place/below/below_1.png","prepositions/below/below_1.png","flatten_to_lemma","","628897","a5c1de91e54d0ec3526db75a21a2eeb7dd4552a9a886e4343c8a02f2c1d30fab","true","628897","6763a63edfc052949fc746400b3e58e6","image/png","false"
"prepositions","skip_verified","/Users/Sean/Desktop/prepositions/place/below/below_2.png","prepositions/below/below_2.png","flatten_to_lemma","","311902","a39e7af91f860810c5c9df4b9f7ca2a21b643d345c313b81544916d6a9f35106","true","311902","a378498fb4c09077abbf383d041e6dd6","image/png","false"
"prepositions","skip_verified","/Users/Sean/Desktop/prepositions/place/between/between_1.png","prepositions/between/between_1.png","flatten_to_lemma","","735618","a2964bd43570e6183f11886814afec5d87478fcb17e90b549650619b593e1741","true","735618","5d2c5c7d42985a8fa7b4802b7c795d9b","image/png","false"
"prepositions","skip_verified","/Users/Sean/Desktop/prepositions/place/between/between_2.png","prepositions/between/between_2.png","flatten_to_lemma","","304753","dbd0699f96dc2d4e3aa68967e8f5d7c60acc5d2a5cf3fdeff7db2536499e6ab3","true","304753","8d774b14ec07270394782cab846e534c","image/png","false"
"prepositions","skip_verified","/Users/Sean/Desktop/prepositions/directions/cross/cross_1.png","prepositions/cross/cross_1.png","flatten_to_lemma","","785639","9cc58658f0cc13ee98bed21e973b7ac4790516d1fd9eeb45a4a330ff168a46d8","true","785639","301e47ef6cc0f4a2a93f156993454fb0","image/png","false"
"prepositions","skip_verified","/Users/Sean/Desktop/prepositions/directions/cross/cross_2.png","prepositions/cross/cross_2.png","flatten_to_lemma","","417685","e24ff4629a054bb1d829f658e9cf2eb5c4a51eba9f35b2083b46bf414fa4652a","true","417685","4c3fff4528497a2e4a7d4c403d628f2d","image/png","false"
"prepositions","skip_verified","/Users/Sean/Desktop/prepositions/place/down/down_1.png","prepositions/down/down_1.png","flatten_to_lemma","","848581","e28e12e3858daa12b79ebcf591ee91951f24be6555f9d7bdf2e877d279757b52","true","848581","d87b71654d46d1dbd8daf0fb19aa64b4","image/png","false"
"prepositions","skip_verified","/Users/Sean/Desktop/prepositions/place/down/down_2.png","prepositions/down/down_2.png","flatten_to_lemma","","523653","65ad9c6a4bfc0bbef015e24fe624348fb41876b7ee15cff592e8ea4b4d8028b2","true","523653","635357999fe8645f3bb4ab16a5df9441","image/png","false"
"prepositions","skip_verified","/Users/Sean/Desktop/prepositions/place/far from/far_from_1.png","prepositions/far_from/far_from_1.png","canonical_existing_folder","","458241","063b9217a5338f436779a326e81aa5795fee2ab9a08999658c9012ce58751d8d","true","458241","410aec81772c589bf79d15a865c85f90","image/png","false"
"prepositions","skip_verified","/Users/Sean/Desktop/prepositions/place/far from/far_from_2.png","prepositions/far_from/far_from_2.png","canonical_existing_folder","","317456","f51e03560d8b3420e6a84488e693b525e811ee38e6070eb58e74131fdb013e08","true","317456","ac2993755b81fbe96b298bc12134c37d","image/png","false"
"prepositions","skip_verified","/Users/Sean/Desktop/prepositions/movement/from/from_1.png","prepositions/from/from_1.png","flatten_to_lemma","","688993","7162388cda5f199c3883d1cb7e1416a1136cfcef69146fa0fd5dc6337978951e","true","688993","f59edf6a29515b8385e7ccceef64cd94","image/png","false"
"prepositions","skip_verified","/Users/Sean/Desktop/prepositions/movement/from/from_2.png","prepositions/from/from_2.png","flatten_to_lemma","","644994","b5d330ff44fcd80d9bbaaac9ab6675b6f1c9ccff161f716d597dd60ed047057e","true","644994","78c8d2b53bec3990a54b2df458f7b663","image/png","false"
"prepositions","skip_verified","/Users/Sean/Desktop/prepositions/directions/go around/go_around_1.png","prepositions/go_around/go_around_1.png","canonical_existing_folder","","930584","f6afe8dedc729a8743cc940489271785b0f2933da05efcc17a66c558cffa0a38","true","930584","1d75ab0953f9ae9c402c096715c0811f","image/png","false"
"prepositions","skip_verified","/Users/Sean/Desktop/prepositions/directions/go around/go_around_2.png","prepositions/go_around/go_around_2.png","canonical_existing_folder","","432368","4eb5a9b71660c0c642acbb3507d8da34b1d70c1e349eb638562ee090bde102d3","true","432368","b17058d80a0eaa3ac208d96983ce63ed","image/png","false"
"prepositions","skip_verified","/Users/Sean/Desktop/prepositions/directions/go past/go_past_1.png","prepositions/go_past/go_past_1.png","canonical_existing_folder","","554933","0b19d020e96ca987e134d7d896c2a5e02ffe8f7c8d5760591cf0babb470611c7","true","554933","ca13e2f448d2920ba5a8cf16faeb8ea5","image/png","false"
"prepositions","skip_verified","/Users/Sean/Desktop/prepositions/directions/go past/go_past_2.png","prepositions/go_past/go_past_2.png","canonical_existing_folder","","491345","1605e9fba95590c9038018248b760ab5315b67ddc111deb4e380ac426261379c","true","491345","2af39d20085edc15a029690c193d02a5","image/png","false"
"prepositions","skip_verified","/Users/Sean/Desktop/prepositions/directions/go straight/go_straight_1.png","prepositions/go_straight/go_straight_1.png","canonical_existing_folder","","723277","a86543fda548871a7572aa36cdc2b11773f3d0b6e55571af941b00e767b33b39","true","723277","404cfd79f10a18ce0239969f5b08a7b8","image/png","false"
"prepositions","skip_verified","/Users/Sean/Desktop/prepositions/directions/go straight/go_straight_2.png","prepositions/go_straight/go_straight_2.png","canonical_existing_folder","","526788","82e69b7bf206773f2c8f0008218ba75c40d97710cfd4d59ac40c7a9296e83820","true","526788","3c796674108c3ee04e68676a76062e6e","image/png","false"
"prepositions","skip_verified","/Users/Sean/Desktop/prepositions/directions/go through/go_through_1.png","prepositions/go_through/go_through_1.png","canonical_existing_folder","","1349685","18da02e050a9e6356771577d2b0d8120751bc4f84a15a7b69fd7e7ab9d97bb28","true","1349685","3da27c7f50389a36eb74a5a28f0d2d14","image/png","false"
"prepositions","skip_verified","/Users/Sean/Desktop/prepositions/directions/go through/go_through_2.png","prepositions/go_through/go_through_2.png","canonical_existing_folder","","643092","2c4bd1b8cb4158d6f0b72d369e5269fd1f338ab8ac75d59a534fe8c4383cc4fa","true","643092","72b7f9ead8331173c33d3c6a651ce448","image/png","false"
"prepositions","skip_verified","/Users/Sean/Desktop/prepositions/movement/go to/go_to_1.png","prepositions/go_to/go_to_1.png","canonical_existing_folder","","619344","dd7bde993c0ebff7a232e818a509b08d004534efa9212e72ce8f97ae94d20e95","true","619344","f8e0cd09b169135c233b7ea540918a72","image/png","false"
"prepositions","skip_verified","/Users/Sean/Desktop/prepositions/movement/go to/go_to_2.png","prepositions/go_to/go_to_2.png","canonical_existing_folder","","470537","05051817e5e12685fae8e5798bd2ffdf9f138ac32725cdd3d67b67c4a59c1bd6","true","470537","f51bb36854d7b06655c2c7c476ea09e5","image/png","false"
"prepositions","skip_verified","/Users/Sean/Desktop/prepositions/directions/head toward/head_toward_1.png","prepositions/head_toward/head_toward_1.png","canonical_existing_folder","","543647","4d5e942972725fbe21481d0488402e8582f052223b22b02d363ed2e6daed2993","true","543647","937eb7cb02513a5bfebd282e4b9d603f","image/png","false"
"prepositions","skip_verified","/Users/Sean/Desktop/prepositions/directions/head toward/head_toward_2.png","prepositions/head_toward/head_toward_2.png","canonical_existing_folder","","603075","871652f00cade86f67216005a4d1f9c790903554371d8d131ee899ee30d8ec16","true","603075","98ab19f9b9f4fcc8b5a4cbf36845f49e","image/png","false"
"prepositions","skip_verified","/Users/Sean/Desktop/prepositions/place/in front of/in_front_of_1.png","prepositions/in_front_of/in_front_of_1.png","canonical_existing_folder","","1147578","b202e65bc9f9af65cd669268f0c891aa4092a38f761a61ba4197c8312a521151","true","1147578","859edd06b0b7df8e9c4f93c39ae153c4","image/png","false"
"prepositions","skip_verified","/Users/Sean/Desktop/prepositions/place/in front of/in_front_of_2.png","prepositions/in_front_of/in_front_of_2.png","canonical_existing_folder","","544228","c24c9434b5eb6fad8e995dfd59bd0bdeb81472c2efbc2fb7a2257f9e4767c4a7","true","544228","b959538e8cf2e3aedb7da2573ddd7f3a","image/png","false"
"prepositions","skip_verified","/Users/Sean/Desktop/prepositions/place/in/in_1.png","prepositions/in/in_1.png","flatten_to_lemma","","1122566","09a1cbbd2d416a1b817e1187180b1faff1394caa82fa2bf5ab1b38fe68a47004","true","1122566","4e3bf5a26ff7bcd3ae7847077e3fc728","image/png","false"
"prepositions","skip_verified","/Users/Sean/Desktop/prepositions/place/in/in_2.png","prepositions/in/in_2.png","flatten_to_lemma","","605330","071d3d9fbbb8ed078f6fe9d62ca638cde4bcf76f6c92d91439f025bb75fbbc78","true","605330","1b64227a3be2bfd4394c10f409851d31","image/png","false"
"prepositions","skip_verified","/Users/Sean/Desktop/prepositions/movement/into/into_1.png","prepositions/into/into_1.png","flatten_to_lemma","","843642","94ad252cab8b1a7d5506b7711b5cd6a455a94bb63e5246340ceacc8b3efc1caa","true","843642","b0fdc62837d7736c827394430d7acfca","image/png","false"
"prepositions","skip_verified","/Users/Sean/Desktop/prepositions/movement/into/into_2.png","prepositions/into/into_2.png","flatten_to_lemma","","506235","c85affe6c9b638102fc386de1e573eecd2cdb3a5a6e76e06af5d15cad0ccf31e","true","506235","ab1e947c3533e756b074697ac582b494","image/png","false"
"prepositions","skip_verified","/Users/Sean/Desktop/prepositions/place/near/near_1.png","prepositions/near/near_1.png","flatten_to_lemma","","841006","3148347797a48b46bd4650e250aaae7ee589e2b4f49935d76b8a607d23e4d469","true","841006","b477866d4600738e2b4811a0e69bf726","image/png","false"
"prepositions","skip_verified","/Users/Sean/Desktop/prepositions/place/near/near_2.png","prepositions/near/near_2.png","flatten_to_lemma","","392530","58c4cc31d0dc380764dfa30e19f0ee71a1f858496eb4ecdb00620155be70146e","true","392530","980419942f188fe6610e201bdec9aaf1","image/png","false"
"prepositions","skip_verified","/Users/Sean/Desktop/prepositions/place/next to/next_to_1.png","prepositions/next_to/next_to_1.png","canonical_existing_folder","","835398","f1fbef6240c823bed682662786fe815466f680c4befe64d1f8c21505eee3a36e","true","835398","b75e5993025fbadc09aa949455fe8cee","image/png","false"
"prepositions","skip_verified","/Users/Sean/Desktop/prepositions/place/next to/next_to_2.png","prepositions/next_to/next_to_2.png","canonical_existing_folder","","337438","355846172f9175cf190092e2deaf0dd5149ce6e5da7f7845cbf4b03462702c9f","true","337438","1c3e5bef46f996e16ebf7c867da32e21","image/png","false"
"prepositions","skip_verified","/Users/Sean/Desktop/prepositions/place/on/on_1.png","prepositions/on/on_1.png","flatten_to_lemma","","974395","72551baabb3f060fc885b7f0cba1f86c028a6003febcbc51d63097b9cbdbb68c","true","974395","b28fe2cae6b95b89d3a73f7819b14862","image/png","false"
"prepositions","skip_verified","/Users/Sean/Desktop/prepositions/place/on/on_2.png","prepositions/on/on_2.png","flatten_to_lemma","","257353","b56329b1e2c6c5639abff3e5b78a805bb6b9be6c12a88bc52acf0dfcbc3b7baa","true","257353","dd403933ab5678386520306b526e653a","image/png","false"
"prepositions","skip_verified","/Users/Sean/Desktop/prepositions/movement/onto/onto_1.png","prepositions/onto/onto_1.png","flatten_to_lemma","","807481","d729221bb5cfd518cec0a80338ff67deb1ae8db4109b0a6b3533183be257e1ef","true","807481","960efbfe94fcdb2e251ef7f49057316d","image/png","false"
"prepositions","skip_verified","/Users/Sean/Desktop/prepositions/movement/onto/onto_2.png","prepositions/onto/onto_2.png","flatten_to_lemma","","230584","fd827479ae2dd20268dec6d91466a85522e19ad7d8ed1c14351c664ef3660b59","true","230584","8bc530369d938bfe4e7332b286fdfc69","image/png","false"
"prepositions","skip_verified","/Users/Sean/Desktop/prepositions/place/over/over_1.png","prepositions/over/over_1.png","flatten_to_lemma","","900733","27a73090b3c91be4a6e9a775ba2f32e6628c4d039d259655b87fa817864dc76c","true","900733","f2c536bb2807bb19e326f0ea98bf5672","image/png","false"
"prepositions","skip_verified","/Users/Sean/Desktop/prepositions/place/over/over_2.png","prepositions/over/over_2.png","flatten_to_lemma","","408213","08204ca82a948d4268437ff8447e1e8ae5dc0462193ff8757824f1bf65f5c618","true","408213","f72ff7e6bedd13302c0849b190cca78c","image/png","false"
"prepositions","skip_verified","/Users/Sean/Desktop/prepositions/movement/through/through_1.png","prepositions/through/through_1.png","flatten_to_lemma","","1123543","728999cdca1243c9addcbc73fe7beedb4342c1653307b0590bc9c1644b3f044f","true","1123543","f8d3f9b3ec7808cea754b8f3c96cba2a","image/png","false"
"prepositions","skip_verified","/Users/Sean/Desktop/prepositions/movement/through/through_2.png","prepositions/through/through_2.png","flatten_to_lemma","","505521","528d13bcfa339f409637503e1f5b1616b246c6e2ced20c7a60f6043138c45656","true","505521","053324932d13bbbc01b89378a40e9391","image/png","false"
"prepositions","skip_verified","/Users/Sean/Desktop/prepositions/movement/toward/toward_1.png","prepositions/toward/toward_1.png","flatten_to_lemma","","689831","a6beefca7bad98135976aed009083a32d553f800602ff1ce452d7674e3090d1a","true","689831","5cb848bb7f7f5f13b917d2bdfe872dcd","image/png","false"
"prepositions","skip_verified","/Users/Sean/Desktop/prepositions/movement/toward/toward_2.png","prepositions/toward/toward_2.png","flatten_to_lemma","","562490","88745d3b537c27ae77e6bd147595994a6d60c6877242800f78ed8a3788a64e32","true","562490","dc1dd1374d5c5e1a7322acf1efed8b6f","image/png","false"
"prepositions","skip_verified","/Users/Sean/Desktop/prepositions/directions/turn left/turn_left_1.png","prepositions/turn_left/turn_left_1.png","canonical_existing_folder","","819082","30fae1a94c36b4f62d6fddcc8e6ceefbd3731bcf2e084fa07748148c56932ad1","true","819082","1fb7bfa3c9c94e52641aa5c41ef2dff7","image/png","false"
"prepositions","skip_verified","/Users/Sean/Desktop/prepositions/directions/turn left/turn_left_2.png","prepositions/turn_left/turn_left_2.png","canonical_existing_folder","","289889","4ffc9f448a424bc220818030a580a47c63c265f322b3bd6692c4417fecf6ef7c","true","289889","13938ea95e56081762a30db6200a3cb7","image/png","false"
"prepositions","skip_verified","/Users/Sean/Desktop/prepositions/directions/turn right/turn_right_1.png","prepositions/turn_right/turn_right_1.png","canonical_existing_folder","","915488","43e22af2e97e23d4fc44a51dbf6e8f977ce8abbe3e72a5b7bfc126f34483e009","true","915488","f22317a2a93fe2bb6ade6e2264833957","image/png","false"
"prepositions","skip_verified","/Users/Sean/Desktop/prepositions/directions/turn right/turn_right_2.png","prepositions/turn_right/turn_right_2.png","canonical_existing_folder","","355616","c1b26c6e00e3140e101dda94d5b1dbd9781e561537e3ee325220fcb895e794cc","true","355616","7761aa3916f2607ff9d180993a1f4bd4","image/png","false"
"prepositions","skip_verified","/Users/Sean/Desktop/prepositions/place/under/under_1.png","prepositions/under/under_1.png","flatten_to_lemma","","1146954","bf05dbcd61b4c3af67bc3f67e1ead36f6426d97650931c1a9c9d9e0527dc6ee6","true","1146954","21b38c454d1214ee484841b5f1386272","image/png","false"
"prepositions","skip_verified","/Users/Sean/Desktop/prepositions/place/under/under_2.png","prepositions/under/under_2.png","flatten_to_lemma","","428774","e36d63463ad1cfe871708b78b457433ffa5ff8e56d900dc6b49891186b2951a5","true","428774","b59fa69a3787baec07c764411371c0ba","image/png","false"
"prepositions","skip_verified","/Users/Sean/Desktop/prepositions/movement/up/up_1.png","prepositions/up/up_1.png","flatten_to_lemma","","978775","fab97161fd09a012f51d468090650a8831aa344b8edf8beb93fc084573e565dc","true","978775","bcdc5b4e1fad5676ed3b914bc722cdee","image/png","false"
"prepositions","skip_verified","/Users/Sean/Desktop/prepositions/movement/up/up_2.png","prepositions/up/up_2.png","flatten_to_lemma","","522404","64980a29a70b990409d09c58ad72302ac62f35505c19fab2091e99c54626dc6d","true","522404","a65986d6879e7fb80c79b761098bbf62","image/png","false"
"prepositions","skip_verified","/Users/Sean/Desktop/prepositions/directions/walk along/walk_along_1.png","prepositions/walk_along/walk_along_1.png","canonical_existing_folder","","597788","71797f775e868eb2871c84d199d313c86d798988b5e7646fd4de3b0143c177f2","true","597788","eab962961bc02667e56da902b55c09af","image/png","false"
"prepositions","skip_verified","/Users/Sean/Desktop/prepositions/directions/walk along/walk_along_2.png","prepositions/walk_along/walk_along_2.png","canonical_existing_folder","","718352","eb492cb9cf421a968574613c2c5820079ff9c304fbd679af4ec9cfa4293d440c","true","718352","95ee88052b585c6714c93e6cd9e376c0","image/png","false"
"verbs","skip_verified","/Users/Sean/Desktop/verbs-backup/verbs/answer/answer_1.png","verbs/answer/answer_1.png","preserve_relative_path","","2288028","c8530e94938d52ef7b0793b98d6066b297f62e843a8ab6693c87f6433bc5b854","true","2288028","d6e2d6060005660828c4d75a68e622e1","image/png","true"
"verbs","skip_verified","/Users/Sean/Desktop/verbs-backup/verbs/answer/answer_2.png","verbs/answer/answer_2.png","preserve_relative_path","","2363713","0f05b993ee6c1748590c1af854b86265199aa5878093fd70476737e5fbe2f239","true","2363713","b7dc410434410092a6efb2343bd28956","image/png","true"
"verbs","skip_verified","/Users/Sean/Desktop/verbs-backup/verbs/answer/answer_3.png","verbs/answer/answer_3.png","preserve_relative_path","","2524763","1c31e6fb196ae4c9daedff32187d2ba89021d3a3af11671103b32a1471977f76","true","2524763","23db61bf82e0790e4ab05055b2240c64","image/png","true"
"verbs","skip_verified","/Users/Sean/Desktop/verbs-backup/verbs/ask_a_question/ask_a_question_1.png","verbs/ask_a_question/ask_a_question_1.png","preserve_relative_path","","1781788","df086fa554d66f5577a9690e85eeb267e5778e6ec3dbe472a19523c7df93b7b5","true","1781788","7e9670a90429bd7dbdba3c13759eedc1","image/png","true"
"verbs","skip_verified","/Users/Sean/Desktop/verbs-backup/verbs/ask_a_question/ask_a_question_2.png","verbs/ask_a_question/ask_a_question_2.png","preserve_relative_path","","1613582","48c01f973dd32cf8295034ef0f0678dc4692c97d4d827ddf1559d50eb6a99301","true","1613582","3694f8720dfcb90ffb11b1782e3d4115","image/png","true"
"verbs","skip_verified","/Users/Sean/Desktop/verbs-backup/verbs/ask_a_question/ask_a_question_3.png","verbs/ask_a_question/ask_a_question_3.png","preserve_relative_path","","1850829","e30373d4f57b33f9d91a56eaa867a0595b57a24dc0a0a8953642dd7dac7faab7","true","1850829","346973d4c0cbb0060aaf425d43dfb470","image/png","true"
"verbs","skip_verified","/Users/Sean/Desktop/verbs-backup/verbs/ask_for_help/ask_for_help_1.png","verbs/ask_for_help/ask_for_help_1.png","preserve_relative_path","","2026731","a2ae337f34a5609dc50e5ca81c22a3e7d7eb56a137e8dbe3253a2cf83e8cd6da","true","2026731","932230b0d4e0ad281a2d9b2419001823","image/png","true"
"verbs","skip_verified","/Users/Sean/Desktop/verbs-backup/verbs/ask_for_help/ask_for_help_2.png","verbs/ask_for_help/ask_for_help_2.png","preserve_relative_path","","2007866","6e8c2b8eedc2f37cde7329146ce6e3bcd1b95cc0acc50fdfb27ec1d64e323be4","true","2007866","c28ff9601792be7ce6dcc32e63b9e3b9","image/png","true"
"verbs","skip_verified","/Users/Sean/Desktop/verbs-backup/verbs/ask_for_help/ask_for_help_3.png","verbs/ask_for_help/ask_for_help_3.png","preserve_relative_path","","2044493","895bfc102cfdab1c8cfedf629d23a5987ae523d2e6f8c17ed584cba30c4e5e1c","true","2044493","56dcda1f8825316e2ace90837ae04d6f","image/png","true"
"verbs","skip_verified","/Users/Sean/Desktop/verbs-backup/verbs/ask/ask_1.png","verbs/ask/ask_1.png","preserve_relative_path","","2372427","df92daf4c8fedec167f2492c4fd89b00349b8364749b746ef33f194df002c3a6","true","2372427","9f2f3244baef2e3bd1c6c2bab201622f","image/png","true"
"verbs","skip_verified","/Users/Sean/Desktop/verbs-backup/verbs/ask/ask_2.png","verbs/ask/ask_2.png","preserve_relative_path","","2384441","71d5a5a7ea0a6171f5a187fb1f0d3b7df0322e42781092ad5da7ae9849a2909d","true","2384441","0e13a1ced2f58fe2a0e5f355a5e3a0c6","image/png","true"
"verbs","skip_verified","/Users/Sean/Desktop/verbs-backup/verbs/ask/ask_3.png","verbs/ask/ask_3.png","preserve_relative_path","","2648544","082bbbc83a2296ef792e1d02896b07160823333f182aa5544c8f293ab0476583","true","2648544","90d1d72aee527d5fe3e162b6d2d2ebd6","image/png","true"
"verbs","skip_verified","/Users/Sean/Desktop/verbs-backup/verbs/believe/believe_1.png","verbs/believe/believe_1.png","preserve_relative_path","","3045853","9dd4af787dc0e272542061a2357b216b552fba4a0e9b8b06405b036c38e61175","true","3045853","71b2015cb185e3b618fc349a386ca792","image/png","false"
"verbs","skip_verified","/Users/Sean/Desktop/verbs-backup/verbs/believe/believe_2.png","verbs/believe/believe_2.png","preserve_relative_path","","2814533","0191300e5e50ccaff4ba492edbd760dd70f70545f82d693e7a3eb48cf6c51c5c","true","2814533","abdef2a3629f818d3e39a6005e85c64d","image/png","false"
"verbs","skip_verified","/Users/Sean/Desktop/verbs-backup/verbs/believe/believe_3.png","verbs/believe/believe_3.png","preserve_relative_path","","3342502","bb7b9d407bd6fa39e49acd0b4a1c80de6c715926f1dc8727b8f1bb12e150d341","true","3342502","d62c3b88d83d68410b86f134eb376d10","image/png","false"
"verbs","skip_verified","/Users/Sean/Desktop/verbs-backup/verbs/break/break_1.png","verbs/break/break_1.png","preserve_relative_path","","2493128","11c398ea2f2c286014e8176e782db99eccac445748ef4ab64a48e24645aad75a","true","2493128","fef99850cfcdcff0e58daad490c1d2da-1","image/png","true"
"verbs","skip_verified","/Users/Sean/Desktop/verbs-backup/verbs/break/break_2.png","verbs/break/break_2.png","preserve_relative_path","","2378191","274a5044f266b1cb199a4d6355e0f3dabd70cfe933feded7e847581783290967","true","2378191","3e2a2671a59214f3edb439b603d5e1e3-1","image/png","true"
"verbs","skip_verified","/Users/Sean/Desktop/verbs-backup/verbs/break/break_3.png","verbs/break/break_3.png","preserve_relative_path","","2815325","c9b102bd10b8523272ad6678b553b63bbe84b0e9665555b2fce6f49a1f1a6fb6","true","2815325","fab982795636a441c8c0b017acfdc662-1","image/png","true"
"verbs","skip_verified","/Users/Sean/Desktop/verbs-backup/verbs/bring/bring_1.png","verbs/bring/bring_1.png","preserve_relative_path","","2477529","8a7977b8bd205c777893c2a7253432fd46df31be8892a8f809a32fbd1d13d333","true","2477529","c0770eb4b4f2e2c7038168a1e67c43a7-1","image/png","true"
"verbs","skip_verified","/Users/Sean/Desktop/verbs-backup/verbs/bring/bring_2.png","verbs/bring/bring_2.png","preserve_relative_path","","2568292","69a1e0f2f55bf2e3855aec0968d1645367d74c42fdbb1fb093cd9579fc4d691e","true","2568292","e482823a62b38e80d58ef91571d88086-1","image/png","true"
"verbs","skip_verified","/Users/Sean/Desktop/verbs-backup/verbs/bring/bring_3.png","verbs/bring/bring_3.png","preserve_relative_path","","1934150","eab4a89b27f57b60adfa572686a9ac4ac81a79bacf7cac9ad63d9aab7848ed23","true","1934150","8e2c0febc247ac76dcf6d8acc9940fed-1","image/png","true"
"verbs","skip_verified","/Users/Sean/Desktop/verbs-backup/verbs/brush_your_hair/brush_your_hair_1.png","verbs/brush_your_hair/brush_your_hair_1.png","preserve_relative_path","","1970023","40b285356c707605331feda002514b6dbc1a8a9c2e65eac00b9674c6d34b51d4","true","1970023","cefe5a403a47141aae47a23617ea2f38","image/png","true"
"verbs","skip_verified","/Users/Sean/Desktop/verbs-backup/verbs/brush_your_hair/brush_your_hair_2.png","verbs/brush_your_hair/brush_your_hair_2.png","preserve_relative_path","","1691737","2c52656e8945e8a216dbcb1cadee856e05d97cca3359ebdeb7847ad850e997b7","true","1691737","0ddd2b206f19fcb29b4713ced4a4e8ce","image/png","true"
"verbs","skip_verified","/Users/Sean/Desktop/verbs-backup/verbs/brush_your_hair/brush_your_hair_3.png","verbs/brush_your_hair/brush_your_hair_3.png","preserve_relative_path","","1034629","3b541de71b81822d4b92d49b74e1ceba4c6d2a161d4d7df6838ef53dad38fbe8","true","1034629","d71e7ec4c186a07854cdd1d85174daa2","image/png","true"
"verbs","skip_verified","/Users/Sean/Desktop/verbs-backup/verbs/brush_your_teeth/brush_your_teeth_1.png","verbs/brush_your_teeth/brush_your_teeth_1.png","preserve_relative_path","","1657473","94a4f87a85bf3873a083cd25333cff61db0a3551974d740fb6faaeeabf64b386","true","1657473","6b9136732be56ad9965f8c9eb2125f45","image/png","true"
"verbs","skip_verified","/Users/Sean/Desktop/verbs-backup/verbs/brush_your_teeth/brush_your_teeth_2.png","verbs/brush_your_teeth/brush_your_teeth_2.png","preserve_relative_path","","1715540","a5d6e7bc8e3b61c18033ef63bef2b601f3a7f7c6f58c24926ddf7a40eba54844","true","1715540","e4a4854fa33cdb96769d4ba41e999eeb","image/png","true"
"verbs","skip_verified","/Users/Sean/Desktop/verbs-backup/verbs/brush_your_teeth/brush_your_teeth_3.png","verbs/brush_your_teeth/brush_your_teeth_3.png","preserve_relative_path","","1991352","4fd89c71df3a103a64acbb72c564981957f976adf3db102696bbab5dd8f86570","true","1991352","7c5722bacf84e541023764330a6c76ef","image/png","true"
"verbs","skip_verified","/Users/Sean/Desktop/verbs-backup/verbs/build/build_1.png","verbs/build/build_1.png","preserve_relative_path","","2383143","449417232e4adad1c1af394e83233501609967514ff4135ddc1e87a2571a8310","true","2383143","474b5190fd5c40d1036b23bad2e4606a-1","image/png","true"
"verbs","skip_verified","/Users/Sean/Desktop/verbs-backup/verbs/build/build_2.png","verbs/build/build_2.png","preserve_relative_path","","2361816","d9d18737bd3b44d2d7924fea3af033169a30cb123d0b18b5b6ded6e6bea29245","true","2361816","61aa8cd3e046f2841150f8e6420e3c39-1","image/png","true"
"verbs","skip_verified","/Users/Sean/Desktop/verbs-backup/verbs/build/build_3.png","verbs/build/build_3.png","preserve_relative_path","","2580146","d128886b820efebb6fe62b379d55fc77883a2fd5c580fe1bf91dff585fb320d0","true","2580146","bff4087bee0ca2ec44a73a93168ea529-1","image/png","true"
"verbs","skip_verified","/Users/Sean/Desktop/verbs-backup/verbs/buy_groceries/buy_groceries_1.png","verbs/buy_groceries/buy_groceries_1.png","preserve_relative_path","","1785035","7de22fcd8f832aec428a878b8809b374865e44630d405bb4a1a92684121fe619","true","1785035","5317de0d9e2513aa4fb56214d95d894a","image/png","true"
"verbs","skip_verified","/Users/Sean/Desktop/verbs-backup/verbs/buy_groceries/buy_groceries_2.png","verbs/buy_groceries/buy_groceries_2.png","preserve_relative_path","","1745514","179df92895d29ccd9fa72c2f8d54398641ab91bb50edec0ca9ca7808e0456a5f","true","1745514","a3cc9ea48043e307879acdcc469be581","image/png","true"
"verbs","skip_verified","/Users/Sean/Desktop/verbs-backup/verbs/buy_groceries/buy_groceries_3.png","verbs/buy_groceries/buy_groceries_3.png","preserve_relative_path","","2068953","09dd9446b48d21cbc8806389194eb512d970c1714cc87f9cbff7509434fe2075","true","2068953","f44aadfe90644c084a9548c910707b1f","image/png","true"
"verbs","skip_verified","/Users/Sean/Desktop/verbs-backup/verbs/buy_snacks/buy_snacks_1.png","verbs/buy_snacks/buy_snacks_1.png","preserve_relative_path","","1805892","00ec44728872d602d08fe231fddb4071ebc723739370ee9272b93d9a8fa6cadd","true","1805892","223002743eff47cbcbc71ae032cb7b0f","image/png","true"
"verbs","skip_verified","/Users/Sean/Desktop/verbs-backup/verbs/buy_snacks/buy_snacks_2.png","verbs/buy_snacks/buy_snacks_2.png","preserve_relative_path","","1872705","17eba04ca722b686f6656cea8e34d2323d2dda9e23a96d64995e85b2ed8ec5b8","true","1872705","ec9f0ef5bde1ecc692615989332ec25a","image/png","true"
"verbs","skip_verified","/Users/Sean/Desktop/verbs-backup/verbs/buy_snacks/buy_snacks_3.png","verbs/buy_snacks/buy_snacks_3.png","preserve_relative_path","","2083173","e456194951fd9d7c1a3edec6a9fa7e58c6d36a99febcae14235cd9c5929b0581","true","2083173","95138c6b13caf576ababcc668b95eb4a","image/png","true"
"verbs","skip_verified","/Users/Sean/Desktop/verbs-backup/verbs/buy/buy_1.png","verbs/buy/buy_1.png","preserve_relative_path","","2853962","791b8250440bf323809062d6050548acd49515062633007331280549b5dd67ca","true","2853962","8da25818f71f8d98808443e952a340ca","image/png","true"
"verbs","skip_verified","/Users/Sean/Desktop/verbs-backup/verbs/buy/buy_2.png","verbs/buy/buy_2.png","preserve_relative_path","","2802612","2d7c8999a0d04a4a68d6279f64b8008ecc8a90d3718eca3402da89fb40c694e4","true","2802612","d16a8db0fdcbcfddb9430d59dd20c485","image/png","true"
"verbs","skip_verified","/Users/Sean/Desktop/verbs-backup/verbs/buy/buy_3.png","verbs/buy/buy_3.png","preserve_relative_path","","2907024","c667ed09853d5d2d94f4dca8620c9f23c2bd13b247243255dfdd0c9ef5a5a54b","true","2907024","15d3aeee3b849aac77e1e2173d841b44","image/png","true"
"verbs","skip_verified","/Users/Sean/Desktop/verbs-backup/verbs/call/call_1.png","verbs/call/call_1.png","preserve_relative_path","","2502296","32807cad8b8c71fe80d9084e3948f8ad109982d8139f9f34d270e98f861c6426","true","2502296","00de78bd9ef15cb0c7fb8a335b930bfe","image/png","false"
"verbs","skip_verified","/Users/Sean/Desktop/verbs-backup/verbs/call/call_2.png","verbs/call/call_2.png","preserve_relative_path","","1874813","6a19af319074047de0b5a4449ff3c90785e350ab61ff9e71b30a8ca1bc0a8060","true","1874813","39f92d35827f222c486fc70ed8c859ea","image/png","false"
"verbs","skip_verified","/Users/Sean/Desktop/verbs-backup/verbs/call/call_3.png","verbs/call/call_3.png","preserve_relative_path","","2825013","f6f87674d03ab8951c97932097b92b8b8a4dbe55010e43fc788c2cb3ef186f33","true","2825013","28c0a6c0dbb4d564147453e673e17ed2","image/png","false"
"verbs","skip_verified","/Users/Sean/Desktop/verbs-backup/verbs/carry/carry_1.png","verbs/carry/carry_1.png","preserve_relative_path","","1714647","dfc1ba353ea2da5a35be862489671dd93f5dd396a9b0ed8471809731d7bf51aa","true","1714647","a44b05e179def04340ec97dc2f611d7b","image/png","false"
"verbs","skip_verified","/Users/Sean/Desktop/verbs-backup/verbs/carry/carry_2.png","verbs/carry/carry_2.png","preserve_relative_path","","1692293","26935153544cc9da2852e30abc70e56d5bee3af8016ceb9a323c8613be5eae66","true","1692293","44427d2a2d89882ab4e6efd8bd4ac9a3","image/png","false"
"verbs","skip_verified","/Users/Sean/Desktop/verbs-backup/verbs/carry/carry_3.png","verbs/carry/carry_3.png","preserve_relative_path","","1894371","19c0428dbe6a9d0854bd2dad80548fad924038daeae89aceffff85261c309dd7","true","1894371","9c3166013da54ac303e7ec5d46ff3ef9","image/png","false"
"verbs","skip_verified","/Users/Sean/Desktop/verbs-backup/verbs/catch_a_ball/catch_a_ball_1.png","verbs/catch_a_ball/catch_a_ball_1.png","preserve_relative_path","","1746488","071d497418251e61afdb9ee13a20465b31b7db894a48ad03f8311ae0e9131900","true","1746488","c9cd54780924594771297b2fe96bf509","image/png","true"
"verbs","skip_verified","/Users/Sean/Desktop/verbs-backup/verbs/catch_a_ball/catch_a_ball_2.png","verbs/catch_a_ball/catch_a_ball_2.png","preserve_relative_path","","1686913","087cec28724e64404d329fc604d2f885d4cedff940af9d916fe5dce5744d2cd9","true","1686913","53e43f61ba86a9ffcf91e8dadc936729","image/png","true"
"verbs","skip_verified","/Users/Sean/Desktop/verbs-backup/verbs/catch_a_ball/catch_a_ball_3.png","verbs/catch_a_ball/catch_a_ball_3.png","preserve_relative_path","","1898334","4a5a994794212ce09e1ed76f4d611821058f16d1890c2abc7b5b5d2c7aafbea8","true","1898334","6ef208d411b97e0b223b96a94f74538c","image/png","true"
"verbs","skip_verified","/Users/Sean/Desktop/verbs-backup/verbs/catch/catch_1.png","verbs/catch/catch_1.png","preserve_relative_path","","2306585","8b651d4979341c79f04c6c422251d642a97517a10f0fed41eb367e2b2e700c4c","true","2306585","6221fe4a266ebfed02ca7ce5c5803e66-1","image/png","true"
"verbs","skip_verified","/Users/Sean/Desktop/verbs-backup/verbs/catch/catch_2.png","verbs/catch/catch_2.png","preserve_relative_path","","1807233","717d1e3293b71403aff097319eb9ff3f62a36c11eca7c0b306d82adf329510a0","true","1807233","4b1430cc7cf5753d2c6830e4f89d7aae-1","image/png","true"
"verbs","skip_verified","/Users/Sean/Desktop/verbs-backup/verbs/catch/catch_3.png","verbs/catch/catch_3.png","preserve_relative_path","","2496358","8e224afbdab01cdff056d4a8ea5bb101ba8779ad2ad65de99b35bcfebc2b3515","true","2496358","742cc56a3c7fe90896a216d981dc13ac-1","image/png","true"
"verbs","skip_verified","/Users/Sean/Desktop/verbs-backup/verbs/change/change_1.png","verbs/change/change_1.png","preserve_relative_path","","2743588","0b38054781b3e1ebef9959778b1aee684515e1c4012042c29284dbadb91acb26","true","2743588","96ae23785e3bf8ec8728724007662e52-1","image/png","true"
"verbs","skip_verified","/Users/Sean/Desktop/verbs-backup/verbs/change/change_2.png","verbs/change/change_2.png","preserve_relative_path","","2755427","88107f5d8bdadc70c92d448b13b6fb22cad7c7b63d02b4803deeca58db7d4080","true","2755427","76f0b76b750a7fb6d249d2ffc65fdadd-1","image/png","true"
"verbs","skip_verified","/Users/Sean/Desktop/verbs-backup/verbs/change/change_3.png","verbs/change/change_3.png","preserve_relative_path","","3047855","19cd656c4109afde7019e1e94aea3ddf1856c250efed1ab05db3be9996131b0a","true","3047855","69b6145782c69a41a4355706f737dea3-1","image/png","true"
"verbs","skip_verified","/Users/Sean/Desktop/verbs-backup/verbs/check_your_answers/check_your_answers_1.png","verbs/check_your_answers/check_your_answers_1.png","preserve_relative_path","","1804049","5745914dde74c093f6fc10ed04af6eb21784cafbc8bfa6ddcd08e318867c3fa9","true","1804049","c69652bd08c9582971145bd6ea34ed33","image/png","true"
"verbs","skip_verified","/Users/Sean/Desktop/verbs-backup/verbs/check_your_answers/check_your_answers_2.png","verbs/check_your_answers/check_your_answers_2.png","preserve_relative_path","","1875612","d3953bb8464d22e455c8eda1398f17afd86fee88fbde12769c1259e02afa09db","true","1875612","24d59685d191f8974277262aef90d27c","image/png","true"
"verbs","skip_verified","/Users/Sean/Desktop/verbs-backup/verbs/check_your_answers/check_your_answers_3.png","verbs/check_your_answers/check_your_answers_3.png","preserve_relative_path","","2046535","43000a7bfc7939fde540f257d744ade5cd3239e3bd9c29f3aea4a0cfe33a4f93","true","2046535","ef276a719e656d1b474e45281926751e","image/png","true"
"verbs","skip_verified","/Users/Sean/Desktop/verbs-backup/verbs/clap/clap_1.png","verbs/clap/clap_1.png","preserve_relative_path","","2278986","065fc1671586a665c69306806dce63d0dfc5e4c5a3a454db8494ea32df650921","true","2278986","b559aa5ce4b8b13a6efeb3c8b63eeb57-1","image/png","true"
"verbs","skip_verified","/Users/Sean/Desktop/verbs-backup/verbs/clap/clap_2.png","verbs/clap/clap_2.png","preserve_relative_path","","2332052","bf5c9a26ead943b576ffa379496b91bc5d3e688b9bbb605c500567ce6c8a33c9","true","2332052","b8673a1d69b3aee34a98dce0e006f021-1","image/png","true"
"verbs","skip_verified","/Users/Sean/Desktop/verbs-backup/verbs/clap/clap_3.png","verbs/clap/clap_3.png","preserve_relative_path","","2559514","5fd2da6557a0fa6ceff746376483cd9369c6ee391920cf3aacb87c11f36793ac","true","2559514","1e367a7f4077df7f39302fcd277e719b-1","image/png","true"
"verbs","skip_verified","/Users/Sean/Desktop/verbs-backup/verbs/clean_up/clean_up_1.png","verbs/clean_up/clean_up_1.png","preserve_relative_path","","1898723","d895d45bd3717c311232d0c69ac2756e6d2eac97a0dc74429d6c04046985878f","true","1898723","ddb14ad888b5a9c3284c3abce97524a0","image/png","true"
"verbs","skip_verified","/Users/Sean/Desktop/verbs-backup/verbs/clean_up/clean_up_2.png","verbs/clean_up/clean_up_2.png","preserve_relative_path","","1847265","99ef29b1b78c011860a4dae95da184a0a58b9367a3b4015fe815a32a01e5cc78","true","1847265","e045febfbc367647cbc22f2a4dc3fe6d","image/png","true"
"verbs","skip_verified","/Users/Sean/Desktop/verbs-backup/verbs/clean_up/clean_up_3.png","verbs/clean_up/clean_up_3.png","preserve_relative_path","","1954811","de1da24a4e75c4b3cae039b40dbf94d17f568e616899c3da0cb5d39f325b26fb","true","1954811","082c3bd14f1f961df8b390b7d760a785","image/png","true"
"verbs","skip_verified","/Users/Sean/Desktop/verbs-backup/verbs/clean/clean_1.png","verbs/clean/clean_1.png","preserve_relative_path","","2498956","db4a1dd05803a92c5eeeb0ade5be0a7b6401faa6ee51c6178500839a6097169c","true","2498956","5d1f2f6497db6f83d8daa70c39c91119-1","image/png","true"
"verbs","skip_verified","/Users/Sean/Desktop/verbs-backup/verbs/clean/clean_2.png","verbs/clean/clean_2.png","preserve_relative_path","","2708541","c256a89d12ce865e52bd778b8d2731fd7a2bdda11753988407877d43874152aa","true","2708541","775875f29a86eee63ed332a92d8a8598-1","image/png","true"
"verbs","skip_verified","/Users/Sean/Desktop/verbs-backup/verbs/clean/clean_3.png","verbs/clean/clean_3.png","preserve_relative_path","","2807167","7aabd58dbaa586e6778690153d28c4c3097d0e03f5cfd540be000a1c53779312","true","2807167","2e3241af4565edcdcdbdfbe031488d1d-1","image/png","true"
"verbs","skip_verified","/Users/Sean/Desktop/verbs-backup/verbs/climb/climb_1.png","verbs/climb/climb_1.png","preserve_relative_path","","2826338","9805f294d0b52faebf31b7bf09bf9774f7e11a738d4ebad006b45f53a57b6fd0","true","2826338","5a99075027e80b4fd2edd0965c142908-1","image/png","true"
"verbs","skip_verified","/Users/Sean/Desktop/verbs-backup/verbs/climb/climb_2.png","verbs/climb/climb_2.png","preserve_relative_path","","2835846","0b8c291043e56dc352bb10b46eb02700c13ca375c258c2ce9ee6d864a8b34ce3","true","2835846","3e8d92e90962b14f436da98b79687058-1","image/png","true"
"verbs","skip_verified","/Users/Sean/Desktop/verbs-backup/verbs/climb/climb_3.png","verbs/climb/climb_3.png","preserve_relative_path","","2938785","27b5d7e32276b736564c2154798aa99072a78b4ce470d0a734394d4ac5ad429c","true","2938785","c20505d8123cdad5f8ac4d58ec0032aa-1","image/png","true"
"verbs","skip_verified","/Users/Sean/Desktop/verbs-backup/verbs/close_your_book/close_your_book_1.png","verbs/close_your_book/close_your_book_1.png","preserve_relative_path","","1776086","e460c98358728db3866d1d5a78facde754ab921ffeaeeb93ea66861c5e06e1d9","true","1776086","2f825f844c2ea81c6d98522f739fa8e0","image/png","true"
"verbs","skip_verified","/Users/Sean/Desktop/verbs-backup/verbs/close_your_book/close_your_book_2.png","verbs/close_your_book/close_your_book_2.png","preserve_relative_path","","578251","c3fb09d0f688e25d56834279775bdd9a7c3c641e2efafc343f88e77c77e7153b","true","578251","775345a9d3c54ee087a9a88be84a686a","image/png","true"
"verbs","skip_verified","/Users/Sean/Desktop/verbs-backup/verbs/close_your_book/close_your_book_3.png","verbs/close_your_book/close_your_book_3.png","preserve_relative_path","","1918982","c5f292150b6dbf26b07b82c07f4d8616dfc5358a0d8d8ead17ae3312380dea8c","true","1918982","10d658896c3a9bec5a1e8d77b48945ae","image/png","true"
"verbs","skip_verified","/Users/Sean/Desktop/verbs-backup/verbs/collect/collect_1.png","verbs/collect/collect_1.png","preserve_relative_path","","1679999","7594da6a31029adbf9bc93048c3fd896f79461bc60231044e36f8ab9aece0ef1","true","1679999","2db1638c742d7561ae13a8d721cb0cba","image/png","false"
"verbs","skip_verified","/Users/Sean/Desktop/verbs-backup/verbs/collect/collect_2.png","verbs/collect/collect_2.png","preserve_relative_path","","3152835","8fed9dd4da7cb6df4a820efbb6d9447524f98d8dfdf963d32ce7fb0797b8a9fd","true","3152835","a43481aeb4703862fc0540fa801627ea","image/png","false"
"verbs","skip_verified","/Users/Sean/Desktop/verbs-backup/verbs/collect/collect_3.png","verbs/collect/collect_3.png","preserve_relative_path","","3359358","b19697d1bfd5a3d76e38702871b223ac5bb8916ec826e87091ed506309177c9c","true","3359358","a87b3eefa3b4c9d491fb1bf450c45d7d","image/png","false"
"verbs","skip_verified","/Users/Sean/Desktop/verbs-backup/verbs/color/color_1.png","verbs/color/color_1.png","preserve_relative_path","","2565448","98cf5245756748f33cd67c6f61f5dc5520233be9fbb11cfaef7a9b994b6bc509","true","2565448","1d393121437ef765ef79717b767ebd4b-1","image/png","true"
"verbs","skip_verified","/Users/Sean/Desktop/verbs-backup/verbs/color/color_2.png","verbs/color/color_2.png","preserve_relative_path","","2571876","febc922c017948b956ac8e362a2f5943f9a65719c0a6f130d5faff075aca684e","true","2571876","83fc3973fde839545f965c930419ebaf-1","image/png","true"
"verbs","skip_verified","/Users/Sean/Desktop/verbs-backup/verbs/color/color_3.png","verbs/color/color_3.png","preserve_relative_path","","2176282","172cbe5dec0851d57b199f9525a83bd1781ba549957e45e5377f2266dee777c8","true","2176282","f47b37fa4c394eb820a428313912995c-1","image/png","true"
"verbs","skip_verified","/Users/Sean/Desktop/verbs-backup/verbs/come_home/come_home_1.png","verbs/come_home/come_home_1.png","preserve_relative_path","","1825241","1ae3141af27719a6b207c7686a8f627e0fbf28be0126031cd42d8cea1d8a338c","true","1825241","40eeb66af88cbf989e9974390363e424","image/png","true"
"verbs","skip_verified","/Users/Sean/Desktop/verbs-backup/verbs/come_home/come_home_2.png","verbs/come_home/come_home_2.png","preserve_relative_path","","1804863","78bbf8047d656022fb5339c1222ec5941dcb7602465fc6c586d080800dbe0748","true","1804863","1057cbc3a266d13dbe8c93ba92abe738","image/png","true"
"verbs","skip_verified","/Users/Sean/Desktop/verbs-backup/verbs/come_home/come_home_3.png","verbs/come_home/come_home_3.png","preserve_relative_path","","1998849","f33d84758bf166382588d602b7acd970df368ea24bd724bda731093ad2a3ff2f","true","1998849","e472b2601ef7f782a1df098b0d623b14","image/png","true"
"verbs","skip_verified","/Users/Sean/Desktop/verbs-backup/verbs/cook_dinner/cook_dinner_1.png","verbs/cook_dinner/cook_dinner_1.png","preserve_relative_path","","1796790","3c28b73c7d6b53ada51ac0d028be5083954fc1c34dcd6d73df34982cae4505f6","true","1796790","816c5e499321dfdc6f2313803e6b84a2","image/png","true"
"verbs","skip_verified","/Users/Sean/Desktop/verbs-backup/verbs/cook_dinner/cook_dinner_2.png","verbs/cook_dinner/cook_dinner_2.png","preserve_relative_path","","1926600","91f267c254ad384e779ff6dde366821db5baf7e250c1beae7a23a84d295ad7c8","true","1926600","02a62664d09f08cbae4ef927e21e44d4","image/png","true"
"verbs","skip_verified","/Users/Sean/Desktop/verbs-backup/verbs/cook_dinner/cook_dinner_3.png","verbs/cook_dinner/cook_dinner_3.png","preserve_relative_path","","2034953","05412c1eaa2c694c07316fea165649290231dc8989c97f44f98b3d851a0486e8","true","2034953","50cecbcbf7ef31ab445961a97bca4067","image/png","true"
"verbs","skip_verified","/Users/Sean/Desktop/verbs-backup/verbs/cook/cook_1.png","verbs/cook/cook_1.png","preserve_relative_path","","2744820","f088f42ccf470823412ae8e41f3d251a23162ebb5483f544b38b1df5039d1012","true","2744820","467297fbe85934e5fb0e98f820b6956b-1","image/png","true"
"verbs","skip_verified","/Users/Sean/Desktop/verbs-backup/verbs/cook/cook_2.png","verbs/cook/cook_2.png","preserve_relative_path","","2734086","e28c56dfa3e38a4db1666ff9b7f0ab69a7d6497d21bcc72cede6ba0cfbd9396e","true","2734086","b04643bb0a4886904745542e020a4230-1","image/png","true"
"verbs","skip_verified","/Users/Sean/Desktop/verbs-backup/verbs/cook/cook_3.png","verbs/cook/cook_3.png","preserve_relative_path","","2919739","87bea7095c56d406a20e0c8bdd622839cdc7476c212865386067f7f03198dc76","true","2919739","9397f35ba6fcb63bf563acc45f52e591-1","image/png","true"
"verbs","skip_verified","/Users/Sean/Desktop/verbs-backup/verbs/cry/cry_1.png","verbs/cry/cry_1.png","preserve_relative_path","","2425528","8440719c336206a43954aab8b3dae820f6d6ee6b1b7468d29a1da6bf411a6332","true","2425528","d9878985169fdc486b2e96315f4d65f6-1","image/png","true"
"verbs","skip_verified","/Users/Sean/Desktop/verbs-backup/verbs/cry/cry_2.png","verbs/cry/cry_2.png","preserve_relative_path","","2380886","fbedde0a7342a235cb11b971e53975234ce14a873702948937ffc1cd7418a578","true","2380886","acfa76d454fd1b7dcab1fc536c65303e-1","image/png","true"
"verbs","skip_verified","/Users/Sean/Desktop/verbs-backup/verbs/cry/cry_3.png","verbs/cry/cry_3.png","preserve_relative_path","","2649926","00c2f94a05b6368eda3cfd6a3c2880eb36ee5f1fdd4f8021e1447268ae317639","true","2649926","08b0667b36f877a016467b13888bc6fe-1","image/png","true"
"verbs","skip_verified","/Users/Sean/Desktop/verbs-backup/verbs/cut/cut_1.png","verbs/cut/cut_1.png","preserve_relative_path","","2513067","d27c993a936132bcc5d76068e47c9adf3a37c430264dc4509b871df44e8f1a7e","true","2513067","b9c0af84dbab88b460e5575a35841917-1","image/png","true"
"verbs","skip_verified","/Users/Sean/Desktop/verbs-backup/verbs/cut/cut_2.png","verbs/cut/cut_2.png","preserve_relative_path","","2490965","85a03937da25ba544e035848183870560f4f4fb617df2a08b582222557c7c153","true","2490965","c717f0380cd288a07590fe9e2f896c17-1","image/png","true"
"verbs","skip_verified","/Users/Sean/Desktop/verbs-backup/verbs/cut/cut_3.png","verbs/cut/cut_3.png","preserve_relative_path","","2760575","81595f430c72fd81af96a3ae6b83c4297c91a931ff8306024d50bc8f7ad0c82e","true","2760575","26d605669297e780458ba8cc0f1afd4c-1","image/png","true"
"verbs","skip_verified","/Users/Sean/Desktop/verbs-backup/verbs/dance/dance_1.png","verbs/dance/dance_1.png","preserve_relative_path","","2446639","c4386e0b1ef92eb5eeee76eb9e078b90465c0dba52c11d865f2303c6c7f72343","true","2446639","9489dbaee57243855c4cfb22fd6e9612-1","image/png","true"
"verbs","skip_verified","/Users/Sean/Desktop/verbs-backup/verbs/dance/dance_2.png","verbs/dance/dance_2.png","preserve_relative_path","","2428488","04dbbd5e11c71145aeb5c07ff9fa547d1f718c5277ee7dbf48fe55eaf10b2997","true","2428488","cfb349892056bdadd20f9167c8b7dd7e-1","image/png","true"
"verbs","skip_verified","/Users/Sean/Desktop/verbs-backup/verbs/dance/dance_3.png","verbs/dance/dance_3.png","preserve_relative_path","","2533520","5fc0828e1e113e2934429ad304eb8033bdbf5890e1bccb97556657f737eac01d","true","2533520","43b2a349abd5edb38971d4f3858eddb0-1","image/png","true"
"verbs","skip_verified","/Users/Sean/Desktop/verbs-backup/verbs/decide/decide_1.png","verbs/decide/decide_1.png","preserve_relative_path","","2545727","7fe209e8377df0fd578d8d57f4268725e67347208a35ebd42122fa9b2370745c","true","2545727","327e45b7bd660940a8fac100d4607021","image/png","true"
"verbs","skip_verified","/Users/Sean/Desktop/verbs-backup/verbs/decide/decide_2.png","verbs/decide/decide_2.png","preserve_relative_path","","932487","05cc4da6c198d7f1e358dd01d4a7472bd91fabf2626cbc97f3b2bc510d5791fc","true","932487","27b3e81d16ca45e03d4ea84dad0ff011","image/png","true"
"verbs","skip_verified","/Users/Sean/Desktop/verbs-backup/verbs/decide/decide_3.png","verbs/decide/decide_3.png","preserve_relative_path","","2120081","a49eaaaf3d7fa6f5fbef9a4da83de056581f225ac0b9d7e0d3b1594faf822aae","true","2120081","b978955032b250c0c0bc65840f621516","image/png","true"
"verbs","skip_verified","/Users/Sean/Desktop/verbs-backup/verbs/dig/dig_1.png","verbs/dig/dig_1.png","preserve_relative_path","","2388283","e98a4cc8418ca9f5daf57baa0ba50390904828382bea1ca02fd8a6478dff9278","true","2388283","e5183e9e375a3d47177e74da3ae257d3-1","image/png","true"
"verbs","skip_verified","/Users/Sean/Desktop/verbs-backup/verbs/dig/dig_2.png","verbs/dig/dig_2.png","preserve_relative_path","","2433571","c471360641fe3595841f3285705313ad3c04f9c6dcb7fc15c0676c4c8294b3c5","true","2433571","5139251cb28bb9945a4d2e770b0c5dd3-1","image/png","true"
"verbs","skip_verified","/Users/Sean/Desktop/verbs-backup/verbs/dig/dig_3.png","verbs/dig/dig_3.png","preserve_relative_path","","2349286","df557ff8c822b534a32a8dc3e4e01eacd93bd7f0174c8d2cd39bd110f8420b41","true","2349286","8e6d6a95ac9a8469f92fd44ac114325d-1","image/png","true"
"verbs","skip_verified","/Users/Sean/Desktop/verbs-backup/verbs/dislike/dislike_1.png","verbs/dislike/dislike_1.png","preserve_relative_path","","2696152","aa4838d1860ffb63fec6b766d05aa1c6c3825b07bca159a4ea404105bc11868b","true","2696152","49e2263758a408cb9e6806b53462d149","image/png","true"
"verbs","skip_verified","/Users/Sean/Desktop/verbs-backup/verbs/dislike/dislike_2.png","verbs/dislike/dislike_2.png","preserve_relative_path","","2499141","540f282cb5e657670c60247faefc9d65cef7126d6566a9ae6adccd242d1e407c","true","2499141","f8deff8b609c95788bff60b9db0f5150","image/png","true"
"verbs","skip_verified","/Users/Sean/Desktop/verbs-backup/verbs/dislike/dislike_3.png","verbs/dislike/dislike_3.png","preserve_relative_path","","3020608","17b0f0422a2d62439d0dd7f72eb87b467356539587c506cc85bcf6ac16bbf42e","true","3020608","a556c166aeb5bf1651e18b88a5a9d77a","image/png","true"
"verbs","skip_verified","/Users/Sean/Desktop/verbs-backup/verbs/do_homework/do_homework_1.png","verbs/do_homework/do_homework_1.png","preserve_relative_path","","1633968","ad46a2306d1dbc9547aac531843df3f67089993e18b9199fb2daa6a03f63c7b8","true","1633968","44eca00a47f39035a500a3fd93e1ae76","image/png","true"
"verbs","skip_verified","/Users/Sean/Desktop/verbs-backup/verbs/do_homework/do_homework_2.png","verbs/do_homework/do_homework_2.png","preserve_relative_path","","1806578","ca550586121a6e210bef57e8c45ec84d536a7382d9b9cdd1e20c652c77cd7ba4","true","1806578","78ab288dd814d1c39796f4f8f205ef14","image/png","true"
"verbs","skip_verified","/Users/Sean/Desktop/verbs-backup/verbs/do_homework/do_homework_3.png","verbs/do_homework/do_homework_3.png","preserve_relative_path","","1963246","20a193dcc1680233d302c1d366507c6966a017f77b7a085428f281b6ddfbe33c","true","1963246","54f4d4670278ffe518ae7064f83a02a5","image/png","true"
"verbs","skip_verified","/Users/Sean/Desktop/verbs-backup/verbs/do_laundry/do_laundry_1.png","verbs/do_laundry/do_laundry_1.png","preserve_relative_path","","1711445","0a47a4631c8e8d7186379959ec73e97fb3d94611ae7d34f72c540be7f5fb763a","true","1711445","35d8fe645393e77f5d06ef1f3fac00d8","image/png","true"
"verbs","skip_verified","/Users/Sean/Desktop/verbs-backup/verbs/do_laundry/do_laundry_2.png","verbs/do_laundry/do_laundry_2.png","preserve_relative_path","","1889141","d08c84cdc6b86d625658c1aa2b4c78f96db7d75080ff6504fb342b722226b2bf","true","1889141","6629717015880d7e7eda8be007f113c6","image/png","true"
"verbs","skip_verified","/Users/Sean/Desktop/verbs-backup/verbs/do_laundry/do_laundry_3.png","verbs/do_laundry/do_laundry_3.png","preserve_relative_path","","1884596","054e3212c2fef91766ec1b3c6ed9283a2b075355171f8e232760a013b7eff62d","true","1884596","d4569a09475082e64697aa3e324bb020","image/png","true"
"verbs","skip_verified","/Users/Sean/Desktop/verbs-backup/verbs/do/do_1.png","verbs/do/do_1.png","preserve_relative_path","","2667361","0f754951dece1bf0dee8c661d4e278c70e971924968e42393c7203bdc2610fa5","true","2667361","eec370f98e308db3971ddbc53debba97-1","image/png","true"
"verbs","skip_verified","/Users/Sean/Desktop/verbs-backup/verbs/do/do_2.png","verbs/do/do_2.png","preserve_relative_path","","2647946","7dad644abf9af3cb7092c7902035e5acf5bf298c09688302ddea6171561f3604","true","2647946","d1e8ea48be5915d9bc67d10c7857d507-1","image/png","true"
"verbs","skip_verified","/Users/Sean/Desktop/verbs-backup/verbs/do/do_3.png","verbs/do/do_3.png","preserve_relative_path","","2783978","855dc9e53c0a3b9dac5a1c7efbcc09f9e866ea082f909eea197be0a5762a0fe0","true","2783978","a77cd006cc050c6b873e5e4816a56d91-1","image/png","true"
"verbs","skip_verified","/Users/Sean/Desktop/verbs-backup/verbs/draw/draw_1.png","verbs/draw/draw_1.png","preserve_relative_path","","2490215","b0ec065389c9e5b4ceb11d5fca0afc71bd2add9c8bdaa0ab8837d43c8c5eccb2","true","2490215","6742957e60c48003958c02c869ec3b80-1","image/png","true"
"verbs","skip_verified","/Users/Sean/Desktop/verbs-backup/verbs/draw/draw_2.png","verbs/draw/draw_2.png","preserve_relative_path","","2455019","9cf1e6c55c79339eec6410fd216ac1e3c73208aa86828d82ee7ab5abe777a64d","true","2455019","99298cce9e58ea712652e1ac8ae4c4bd-1","image/png","true"
"verbs","skip_verified","/Users/Sean/Desktop/verbs-backup/verbs/draw/draw_3.png","verbs/draw/draw_3.png","preserve_relative_path","","2610384","1d65c3191954a75c8a8aa660554b678af55dd6244b32f570b928a171e84b437a","true","2610384","1744a3520726c582d2d529f2e662af30-1","image/png","true"
"verbs","skip_verified","/Users/Sean/Desktop/verbs-backup/verbs/drink/drink_1.png","verbs/drink/drink_1.png","preserve_relative_path","","2412439","9b3bc9b3a5102faa61cf9acbe1c21c087999c406f078dd1c497a8499b70a7c95","true","2412439","8e8cb064228ba520e925ed7779e5c5a4-1","image/png","true"
"verbs","skip_verified","/Users/Sean/Desktop/verbs-backup/verbs/drink/drink_2.png","verbs/drink/drink_2.png","preserve_relative_path","","2310889","82682f7a0aaa217c03b2e6d0093f4f83346b78f34be8cdec71568e14388ad388","true","2310889","ee589bf2cd9877ce551fda0fe987878b-1","image/png","true"
"verbs","skip_verified","/Users/Sean/Desktop/verbs-backup/verbs/drink/drink_3.png","verbs/drink/drink_3.png","preserve_relative_path","","2469267","67d373421fa7e0b800b4fd94c0f1bc8985b27818644e529e90b8d622f3feec9f","true","2469267","58590609054ce57d3a4146c92a9879ce-1","image/png","true"
"verbs","skip_verified","/Users/Sean/Desktop/verbs-backup/verbs/drive/drive_1.png","verbs/drive/drive_1.png","preserve_relative_path","","2648471","2c085a6ebdd5d563b0c2ad84ce5a0a9697376d61614964c6323be9693240a5f8","true","2648471","c4a39aee5e0313b424f2dbd58657a133","image/png","true"
"verbs","skip_verified","/Users/Sean/Desktop/verbs-backup/verbs/drive/drive_2.png","verbs/drive/drive_2.png","preserve_relative_path","","2675944","94f039652a7513c22d57a4c8af04b1e52c60700cf7a793eaf42d7e68bc0e32a8","true","2675944","7f5bd1b0268cb188ad320875f18efb92","image/png","true"
"verbs","skip_verified","/Users/Sean/Desktop/verbs-backup/verbs/drive/drive_3.png","verbs/drive/drive_3.png","preserve_relative_path","","2652675","6f707c17b7016f7c3c8a5728a1206612acaaabaf81ed923404cfcd3e61a97248","true","2652675","25bd4980eae477ff8e3e03508e780994","image/png","true"
"verbs","skip_verified","/Users/Sean/Desktop/verbs-backup/verbs/eat_breakfast/eat_breakfast_1.png","verbs/eat_breakfast/eat_breakfast_1.png","preserve_relative_path","","1809083","7f1115b12d17439ccb9f4702c8f94706f599dde9d8f1120dc29108ca317fc0d6","true","1809083","e9e4adebd457a150705057240c0b5740","image/png","true"
"verbs","skip_verified","/Users/Sean/Desktop/verbs-backup/verbs/eat_breakfast/eat_breakfast_2.png","verbs/eat_breakfast/eat_breakfast_2.png","preserve_relative_path","","1690633","470bc58023c14ac3f6a377e70506000551fbaee489dbb368bdc7b0670b058d3c","true","1690633","0e1c8297efd96d3e6b45fa9509467fc0","image/png","true"
"verbs","skip_verified","/Users/Sean/Desktop/verbs-backup/verbs/eat_breakfast/eat_breakfast_3.png","verbs/eat_breakfast/eat_breakfast_3.png","preserve_relative_path","","1964996","3ddc817f86aefdff59faf1a6f0ff4113018915c581bc836361b1e357a8f53be4","true","1964996","39145ef9c54b1c03579ca83e52201228","image/png","true"
"verbs","skip_verified","/Users/Sean/Desktop/verbs-backup/verbs/eat_dinner/eat_dinner_1.png","verbs/eat_dinner/eat_dinner_1.png","preserve_relative_path","","1881404","241ad7df4d7096921bb25fef43f8cdc750e7e6702297b28b8a61b32343247671","true","1881404","40914ea80a9573098f2ee43ac68f563f","image/png","true"
"verbs","skip_verified","/Users/Sean/Desktop/verbs-backup/verbs/eat_dinner/eat_dinner_2.png","verbs/eat_dinner/eat_dinner_2.png","preserve_relative_path","","1725232","ae3f2726422b7f1b62b8e3bc637e0a428f8ce13a86665f3df4dab90828caffda","true","1725232","53414752628d521e4c84a3111b9531e0","image/png","true"
"verbs","skip_verified","/Users/Sean/Desktop/verbs-backup/verbs/eat_dinner/eat_dinner_3.png","verbs/eat_dinner/eat_dinner_3.png","preserve_relative_path","","1988065","460fc2fa496eeda89295cf9dd2285a48ec659ff4af9bc5217d2435fe07fbf70c","true","1988065","fe2510152c79b744c90f8d87805a70d7","image/png","true"
"verbs","skip_verified","/Users/Sean/Desktop/verbs-backup/verbs/eat_lunch/eat_lunch_1.png","verbs/eat_lunch/eat_lunch_1.png","preserve_relative_path","","1815293","3d443b5305c85c805bd1aab7548ef411c564d0f3ec7db5592b30e2d67c24f95d","true","1815293","c5222b7fd16c66c3d708f44e5ce55596","image/png","true"
"verbs","skip_verified","/Users/Sean/Desktop/verbs-backup/verbs/eat_lunch/eat_lunch_2.png","verbs/eat_lunch/eat_lunch_2.png","preserve_relative_path","","1803029","1f90b59743507d2ab973a00c14264448024217fd14a2631402c33b0a811757cd","true","1803029","64d87c1ddec3e59b2b4c88341c2f23bd","image/png","true"
"verbs","skip_verified","/Users/Sean/Desktop/verbs-backup/verbs/eat_lunch/eat_lunch_3.png","verbs/eat_lunch/eat_lunch_3.png","preserve_relative_path","","2008307","28896617be1cfbf52803e74332a8ba5497f403bbcef2ae19fe862f9c5212151a","true","2008307","d7be6f59393fbaf82b7e003f7ec67280","image/png","true"
"verbs","skip_verified","/Users/Sean/Desktop/verbs-backup/verbs/eat/eat_1.png","verbs/eat/eat_1.png","preserve_relative_path","","1651104","0c41bb020c8684f9f7643f3d7b66a171f32c7d2ebd66a75bd89f39ce0183ead5","true","1651104","4c649c1758e0aa6a392a8a2211c3c592-1","image/png","true"
"verbs","skip_verified","/Users/Sean/Desktop/verbs-backup/verbs/eat/eat_2.png","verbs/eat/eat_2.png","preserve_relative_path","","1753476","74b4efce4fd6e9fee272dec5ada37f709e18af5c5e534a71a3f26701a1de16b3","true","1753476","415b4b0eb950c8197d141c68d7be9940-1","image/png","true"
"verbs","skip_verified","/Users/Sean/Desktop/verbs-backup/verbs/eat/eat_3.png","verbs/eat/eat_3.png","preserve_relative_path","","1901409","268c40ffaac968609502b5a1d07ebf0a5fb43f31a3f8785f0e079c6775ecd29f","true","1901409","bdc10ffaa1a2200b72748c4db290da25-1","image/png","true"
"verbs","skip_verified","/Users/Sean/Desktop/verbs-backup/verbs/enter/enter_1.png","verbs/enter/enter_1.png","preserve_relative_path","","2437218","a4f7e5a4c6aa48578f4f39069edcb8c493bcd8597dfb2f8e6649d360d224f62a","true","2437218","534880f8fdd0fa7c8e0c6531a6d93909","image/png","false"
"verbs","skip_verified","/Users/Sean/Desktop/verbs-backup/verbs/enter/enter_2.png","verbs/enter/enter_2.png","preserve_relative_path","","2465804","c54766620fb76261d88bd6c9bd132619ade4e5c1c032abb5361bed502d2b076e","true","2465804","e01f84698e4353aee5582e023ba0f8d6","image/png","false"
"verbs","skip_verified","/Users/Sean/Desktop/verbs-backup/verbs/enter/enter_3.png","verbs/enter/enter_3.png","preserve_relative_path","","2621017","b68dd299ced69a2b1257034802f2f4a21182edc41fd0b748816450b5535fc1ec","true","2621017","cb5b0de8ecae7a193788f6ce34af8acc","image/png","false"
"verbs","skip_verified","/Users/Sean/Desktop/verbs-backup/verbs/exercise/exercise_1.png","verbs/exercise/exercise_1.png","preserve_relative_path","","1763918","990afbeeed46af03a20c38d4f1450b3fa460ff070be4a91be2439a7e27883794","true","1763918","717b4c154e1a92b6e186a86aa430b44f","image/png","true"
"verbs","skip_verified","/Users/Sean/Desktop/verbs-backup/verbs/exercise/exercise_2.png","verbs/exercise/exercise_2.png","preserve_relative_path","","1719571","ddd7cb215fb9208d54b93a2244e6f8212c9932cf9f9907357c05985e75b58869","true","1719571","47fbba19eb3b6b519438c68a4e0023e8","image/png","true"
"verbs","skip_verified","/Users/Sean/Desktop/verbs-backup/verbs/exercise/exercise_3.png","verbs/exercise/exercise_3.png","preserve_relative_path","","1773362","34a6df067ec32e0add78ac6dab44f98115cdae1c5a62d1ebda73838fc3887ab8","true","1773362","acaa7519f8a03206b0a7e40783859fb1","image/png","true"
"verbs","skip_verified","/Users/Sean/Desktop/verbs-backup/verbs/explain/explain_1.png","verbs/explain/explain_1.png","preserve_relative_path","","2391306","54cbc1231e3f10366dd2f4490d10511b880edb3bbbbe432bd07513653e661a41","true","2391306","8855baddbc28959673b27f44fe76926f","image/png","true"
"verbs","skip_verified","/Users/Sean/Desktop/verbs-backup/verbs/explain/explain_2.png","verbs/explain/explain_2.png","preserve_relative_path","","725537","ff1c405fab69c8cecee44b72a005cb09a24e4f7b6ccfd578dcb07f69b9f13c93","true","725537","8eeb6208c51772cc07b282f6a344da60","image/png","true"
"verbs","skip_verified","/Users/Sean/Desktop/verbs-backup/verbs/explain/explain_3.png","verbs/explain/explain_3.png","preserve_relative_path","","2476026","53f02d3a989e97ddb1d6efbe040b67804a649dea77cfc742c927f070299f669c","true","2476026","30d3377327a9294f574792a02448c960","image/png","true"
"verbs","skip_verified","/Users/Sean/Desktop/verbs-backup/verbs/feel/feel_1.png","verbs/feel/feel_1.png","preserve_relative_path","","1539250","1d07577b1ebca1fb20f86a3a5e0aa2fdc7ad9f611fd9fb275aff96c7538e4cb8","true","1539250","9cf1c2721911cc53878af4d3ea8953ca","image/png","true"
"verbs","skip_verified","/Users/Sean/Desktop/verbs-backup/verbs/feel/feel_2.png","verbs/feel/feel_2.png","preserve_relative_path","","1575623","8dad42de47fb2671cebdc6485a5dc81e22bd1200883ecc0390cd3cc7d67f1c83","true","1575623","fb3835bf96c329df540b6322bc083cd9","image/png","true"
"verbs","skip_verified","/Users/Sean/Desktop/verbs-backup/verbs/feel/feel_3.png","verbs/feel/feel_3.png","preserve_relative_path","","1815565","9db5269781fd4429567043aa169f16bc48459772b3a54505df0db60e4f45291b","true","1815565","4e5aa2449927bd700e67781d0ed0ea17","image/png","true"
"verbs","skip_verified","/Users/Sean/Desktop/verbs-backup/verbs/fight/fight_1.png","verbs/fight/fight_1.png","preserve_relative_path","","2544687","75a97b455f35b6d2221305d4a4f0e0a6064728e10a359ccea7c43f63ed08e598","true","2544687","501d4d8db65f1f27e6d4a671a45eda8f-1","image/png","true"
"verbs","skip_verified","/Users/Sean/Desktop/verbs-backup/verbs/fight/fight_2.png","verbs/fight/fight_2.png","preserve_relative_path","","1681790","b4b68a8735893326fd227815b06e0599db4f5220525f4ae110a829956297a144","true","1681790","a00c3a62aaefc86b6d67fb17f3a56722-1","image/png","true"
"verbs","skip_verified","/Users/Sean/Desktop/verbs-backup/verbs/fight/fight_3.png","verbs/fight/fight_3.png","preserve_relative_path","","2624690","ff9cc078c91ecd381fe2c14f20c75cd927d12b88d9e528cb7ba0dfa33ac05aab","true","2624690","4da4c013f38d0366b77aa1cdf5b7b14c-1","image/png","true"
"verbs","skip_verified","/Users/Sean/Desktop/verbs-backup/verbs/find/find_1.png","verbs/find/find_1.png","preserve_relative_path","","2556438","682885706fa917e457244095f408655a9a8c9c45747facf05e39e3b9cf16c2d9","true","2556438","3411e37b55c6c6fef60b041047b6dd9b-1","image/png","true"
"verbs","skip_verified","/Users/Sean/Desktop/verbs-backup/verbs/find/find_2.png","verbs/find/find_2.png","preserve_relative_path","","2603037","aa10228bfa47ee40c57878da225030078c120dde85945e1ba54ec1e912755bac","true","2603037","38ddcca5a1b0c62a8bbda4eb72d6f5d3-1","image/png","true"
"verbs","skip_verified","/Users/Sean/Desktop/verbs-backup/verbs/find/find_3.png","verbs/find/find_3.png","preserve_relative_path","","3195826","0b34cd41632c9251d529b53bce864e1391953f8231f4d4993b34817228fbc34b","true","3195826","da42fd9b31a09e5381a4f18b942d9fbb-1","image/png","true"
"verbs","skip_verified","/Users/Sean/Desktop/verbs-backup/verbs/finish_class/finish_class_1.png","verbs/finish_class/finish_class_1.png","preserve_relative_path","","1779099","52f16c7b91c7cb93a85494802388c0e42854bae431adb7d75478a01fd3db541f","true","1779099","b59ff8a5e9231827edc32d42e0d97aac","image/png","true"
"verbs","skip_verified","/Users/Sean/Desktop/verbs-backup/verbs/finish_class/finish_class_2.png","verbs/finish_class/finish_class_2.png","preserve_relative_path","","1755647","8b2b3c5ea0f9806518797ccd6402de912e66a8598f8b6ef70bd52d49f0cf4bc4","true","1755647","f83ccf8df9ca707ad1ecad526afa862b","image/png","true"
"verbs","skip_verified","/Users/Sean/Desktop/verbs-backup/verbs/finish_class/finish_class_3.png","verbs/finish_class/finish_class_3.png","preserve_relative_path","","1986417","850380ec76af5fe3829a8120e0b44b3c71574a440bc7b4fc69b223b77c3d8682","true","1986417","729ad2c6d87ef51ccff73524c7075b5b","image/png","true"
"verbs","skip_verified","/Users/Sean/Desktop/verbs-backup/verbs/finish_school/finish_school_1.png","verbs/finish_school/finish_school_1.png","preserve_relative_path","","1823697","0fb784a7a0981ad1d3cf51f2a7df47c095b3b2daa830a79ccd839c5df6e1e510","true","1823697","fcd779590aaa256d751dadb4f2f99dce","image/png","true"
"verbs","skip_verified","/Users/Sean/Desktop/verbs-backup/verbs/finish_school/finish_school_2.png","verbs/finish_school/finish_school_2.png","preserve_relative_path","","2056028","5874ebea09178b2fc686c1dc86750b4dbf8620f8a2b0aa86e9080fedce6df449","true","2056028","ce40abfe499615bf5dae1fca3acc7c40","image/png","true"
"verbs","skip_verified","/Users/Sean/Desktop/verbs-backup/verbs/finish_school/finish_school_3.png","verbs/finish_school/finish_school_3.png","preserve_relative_path","","2007315","6d2df088fb2456f9a5f25a74b2407b41eb3fabb98d1b4a7833904f47c7b62b64","true","2007315","10aa8582d5b1d6460eff74f7e09c3586","image/png","true"
"verbs","skip_verified","/Users/Sean/Desktop/verbs-backup/verbs/finish_work/finish_work_1.png","verbs/finish_work/finish_work_1.png","preserve_relative_path","","1698262","82eaa2cd6ff493423694f88dde76ae7119b650a281d6d21d0d532385286b1b20","true","1698262","3a4b10501a7dde048d49dfdcbc21a48b","image/png","true"
"verbs","skip_verified","/Users/Sean/Desktop/verbs-backup/verbs/finish_work/finish_work_2.png","verbs/finish_work/finish_work_2.png","preserve_relative_path","","1698843","20987987ccc2186dfde9bd51a40b810a680f77b6f0270c1e237def8b980b74cf","true","1698843","439e355098f4c9c702884a5a7fdffd3b","image/png","true"
"verbs","skip_verified","/Users/Sean/Desktop/verbs-backup/verbs/finish_work/finish_work_3.png","verbs/finish_work/finish_work_3.png","preserve_relative_path","","1848634","6c392f787aa771036c8fe426c82b4d9ebe8087bc5136d7407f413bbe9c5eca8b","true","1848634","cd12f286003b5c530f6f1e98b8d9cdc7","image/png","true"
"verbs","skip_verified","/Users/Sean/Desktop/verbs-backup/verbs/finish/finish_1.png","verbs/finish/finish_1.png","preserve_relative_path","","2764477","54bc7ac9b22d36e369c506933373e4261bcd6e599a2c973142ffd77ed9d764e2","true","2764477","fb526d7d053fd146ad6e030859f84d1b-1","image/png","true"
"verbs","skip_verified","/Users/Sean/Desktop/verbs-backup/verbs/finish/finish_2.png","verbs/finish/finish_2.png","preserve_relative_path","","2579783","e86091b7e65fbbdb6d1b488ae2338454b2d1db810d6a2fbec0440cd75739fb6a","true","2579783","3429cdf8b2bd9a63d6f722a28f109063-1","image/png","true"
"verbs","skip_verified","/Users/Sean/Desktop/verbs-backup/verbs/finish/finish_3.png","verbs/finish/finish_3.png","preserve_relative_path","","2824158","7bee79a4c46e3a56a58eecd722dc5f57c841724c875796e2fea2ef566240b6fe","true","2824158","9c4cac517ee76d9c8fe864b5f8dea6cb-1","image/png","true"
"verbs","skip_verified","/Users/Sean/Desktop/verbs-backup/verbs/finish/fix_1.png","verbs/finish/fix_1.png","preserve_relative_path","","2495683","debe25a05febf0d51347dd1f1c7a9d883ec67193680ba56964a7ccaa06656010","true","2495683","f0ae3020cd6789fd6cc816f9807f9d53-1","image/png","false"
"verbs","skip_verified","/Users/Sean/Desktop/verbs-backup/verbs/finish/fix_2.png","verbs/finish/fix_2.png","preserve_relative_path","","2547218","921224f232d2920080ac6a2872eee7080ee4ffbddeadc404685a4deac5498cd8","true","2547218","0569172b6eadea06483251fcfb116ef2-1","image/png","false"
"verbs","skip_verified","/Users/Sean/Desktop/verbs-backup/verbs/finish/fix_3.png","verbs/finish/fix_3.png","preserve_relative_path","","2707653","7432d85f159d2c12d3f98647cab6996bc1b4b618e83b01daa111fba6c4aa0dc8","true","2707653","58c2cddb69a9df066f1df4b77ad6e1ca-1","image/png","false"
"verbs","skip_verified","/Users/Sean/Desktop/verbs-backup/verbs/fix/fix_1.png","verbs/fix/fix_1.png","preserve_relative_path","","2495683","debe25a05febf0d51347dd1f1c7a9d883ec67193680ba56964a7ccaa06656010","true","2495683","f0ae3020cd6789fd6cc816f9807f9d53-1","image/png","true"
"verbs","skip_verified","/Users/Sean/Desktop/verbs-backup/verbs/fix/fix_2.png","verbs/fix/fix_2.png","preserve_relative_path","","2547218","921224f232d2920080ac6a2872eee7080ee4ffbddeadc404685a4deac5498cd8","true","2547218","0569172b6eadea06483251fcfb116ef2-1","image/png","true"
"verbs","skip_verified","/Users/Sean/Desktop/verbs-backup/verbs/fix/fix_3.png","verbs/fix/fix_3.png","preserve_relative_path","","2707653","7432d85f159d2c12d3f98647cab6996bc1b4b618e83b01daa111fba6c4aa0dc8","true","2707653","58c2cddb69a9df066f1df4b77ad6e1ca-1","image/png","true"
"verbs","skip_verified","/Users/Sean/Desktop/verbs-backup/verbs/fly_a_kite/fly_a_kite_1.png","verbs/fly_a_kite/fly_a_kite_1.png","preserve_relative_path","","1635324","be81f0907ad6e0e5f49e4ef7e6316927cca21cc9b4360cf6ba07974db4eb1d21","true","1635324","1ce379831420a070343e94d8778b821c","image/png","true"
"verbs","skip_verified","/Users/Sean/Desktop/verbs-backup/verbs/fly_a_kite/fly_a_kite_2.png","verbs/fly_a_kite/fly_a_kite_2.png","preserve_relative_path","","1655233","6f5bb9bd4756a93dbfbb976a7008543efd0f1985b8476752e668f93ff9bd42a5","true","1655233","f312b2e3a5f9ce5dc7f8315297d4a6ee","image/png","true"
"verbs","skip_verified","/Users/Sean/Desktop/verbs-backup/verbs/fly_a_kite/fly_a_kite_3.png","verbs/fly_a_kite/fly_a_kite_3.png","preserve_relative_path","","1823262","277b538f9c2b0d89df5744d99fb7d9ca5575ae2e4e0b977a61bd6b1ccdd3842a","true","1823262","0cfcc9fe3c057a34596d158f0957f85b","image/png","true"
"verbs","skip_verified","/Users/Sean/Desktop/verbs-backup/verbs/fly/fly_1.png","verbs/fly/fly_1.png","preserve_relative_path","","2325152","0dae44a22f0bfe98c4fe5ea415e1df50f5f8b94a81d29370b777c895646719fa","true","2325152","4ab768fe2e532eb5744e69c2d4436c3f-1","image/png","true"
"verbs","skip_verified","/Users/Sean/Desktop/verbs-backup/verbs/fly/fly_2.png","verbs/fly/fly_2.png","preserve_relative_path","","2323920","fe62250415917ed9a5f15a200193aa8b42d2ae1ff42aa004261c99fab0cdfa1d","true","2323920","a0f78ddc6001ad92b9223e25c741d721-1","image/png","true"
"verbs","skip_verified","/Users/Sean/Desktop/verbs-backup/verbs/fly/fly_3.png","verbs/fly/fly_3.png","preserve_relative_path","","2505415","c1534b864d51f43e99c6b287920c77365ede46125ec0c7eb4d2094b8ed2979f8","true","2505415","1edb7b1f01d1292ea5d71c7f85bd8770-1","image/png","true"
"verbs","skip_verified","/Users/Sean/Desktop/verbs-backup/verbs/forget/forget_1.png","verbs/forget/forget_1.png","preserve_relative_path","","2839112","5008eabba1684f9280b6d18b362c0cb58bbf112cf1eabddab9c370a295a80a67","true","2839112","2b4c51ca1917da21651fc5f5d012b641","image/png","false"
"verbs","skip_verified","/Users/Sean/Desktop/verbs-backup/verbs/forget/forget_2.png","verbs/forget/forget_2.png","preserve_relative_path","","3064410","82aa64c7d616bd2f91e3be872fd7c660f17fe5190e646ca62835e4d260ce675c","true","3064410","d72d3259c6391b980cba9a486db94bc7","image/png","false"
"verbs","skip_verified","/Users/Sean/Desktop/verbs-backup/verbs/forget/forget_3.png","verbs/forget/forget_3.png","preserve_relative_path","","3064578","d285f72a58a7cb8af91e95b1d098a93d647b3d5a755b87dc7dbb6a81cf841c06","true","3064578","53ba09da5cce792c50564e0a0ca30161","image/png","false"
"verbs","skip_verified","/Users/Sean/Desktop/verbs-backup/verbs/get_dressed/get_dressed_1.png","verbs/get_dressed/get_dressed_1.png","preserve_relative_path","","1981096","d4c0e729a3ceea10b8cbb60a16cc050676120af805883e14ebae79848c782057","true","1981096","1cda51e92f751563424607ffea941db9","image/png","true"
"verbs","skip_verified","/Users/Sean/Desktop/verbs-backup/verbs/get_dressed/get_dressed_2.png","verbs/get_dressed/get_dressed_2.png","preserve_relative_path","","1630781","4ab6fc7a11aa986c08bd137ce2684739f97e393489985c09dedaaa7b08d7a7da","true","1630781","f2f1adfbd9bfba4af0a55b25b9bf0396","image/png","true"
"verbs","skip_verified","/Users/Sean/Desktop/verbs-backup/verbs/get_dressed/get_dressed_3.png","verbs/get_dressed/get_dressed_3.png","preserve_relative_path","","2012930","47fe5fc01b43fed5e9684e63faa94a283a87fa8e6f0b1e12da0a73e1617a707c","true","2012930","e960e68a13c09fc38b90cf44638bc457","image/png","true"
"verbs","skip_verified","/Users/Sean/Desktop/verbs-backup/verbs/get_sick/get_sick_1.png","verbs/get_sick/get_sick_1.png","preserve_relative_path","","1725490","006eebdf92c36877a5a70f07bdf5cffa5d2d6a91865b6f16d47859d8a1775f4f","true","1725490","c4ed8312df78bfec0a4bf7962d95290b","image/png","true"
"verbs","skip_verified","/Users/Sean/Desktop/verbs-backup/verbs/get_sick/get_sick_2.png","verbs/get_sick/get_sick_2.png","preserve_relative_path","","1668802","09b8edc5a3161cd83ed22dcda28ee3bd13a38abdbca3820cbabd4faa7b32bc08","true","1668802","e6f24aff1c1119551b26a521bea3b1e8","image/png","true"
"verbs","skip_verified","/Users/Sean/Desktop/verbs-backup/verbs/get_sick/get_sick_3.png","verbs/get_sick/get_sick_3.png","preserve_relative_path","","2054828","3a9a873c1b1329668968656376bb8480cb62a2112955b239b2a994e395276a41","true","2054828","5972e2be4b6404ba6f34c5b63f643e78","image/png","true"
"verbs","skip_verified","/Users/Sean/Desktop/verbs-backup/verbs/give/give_1.png","verbs/give/give_1.png","preserve_relative_path","","2529998","b4f26a7fe9f544d4762034aae20ca0b39cc3ed492090f1d9a551c20be1ae38fa","true","2529998","5a2a0f34ffc0609ebc16ac1d9a212293-1","image/png","true"
"verbs","skip_verified","/Users/Sean/Desktop/verbs-backup/verbs/give/give_2.png","verbs/give/give_2.png","preserve_relative_path","","2426285","74ea5ecf036c6653586ae3b2bbef89e2ddaea214ac77ef5a3bb6001895a9ea21","true","2426285","4f8afce0a30d8987282249b6d7e30a31-1","image/png","true"
"verbs","skip_verified","/Users/Sean/Desktop/verbs-backup/verbs/give/give_3.png","verbs/give/give_3.png","preserve_relative_path","","2540001","1dbed14feef986f33f24cb7bdc18be82ed07159d54553d855037d58a8e68997c","true","2540001","eb8ff5ac196946fc89d054382646b126-1","image/png","true"
"verbs","skip_verified","/Users/Sean/Desktop/verbs-backup/verbs/glue/glue_1.png","verbs/glue/glue_1.png","preserve_relative_path","","2502942","5f0071cbcaac8dba009834ab68d59447f739fbbcfa43b0e1bb09f16206ee7702","true","2502942","ecd9bb926c74d8c79e3a063e23792934-1","image/png","true"
"verbs","skip_verified","/Users/Sean/Desktop/verbs-backup/verbs/glue/glue_2.png","verbs/glue/glue_2.png","preserve_relative_path","","2515585","460b3392c102217469ceda32e7f2846a8ebad51d0a4e45c0965a0c14a99c5e19","true","2515585","0102b41428b43b575f953037ea7f32ae-1","image/png","true"
"verbs","skip_verified","/Users/Sean/Desktop/verbs-backup/verbs/glue/glue_3.png","verbs/glue/glue_3.png","preserve_relative_path","","2714500","84518a16a5f822f0588019d8830fc874fdaf76d037fb25368c637c6e74937311","true","2714500","9d12f923835fbade786e5a37c5fc2829-1","image/png","true"
"verbs","skip_verified","/Users/Sean/Desktop/verbs-backup/verbs/go_camping/go_camping_1.png","verbs/go_camping/go_camping_1.png","preserve_relative_path","","1836254","150385aee06188b63df9bef2d3986e79fb773be1aee3cc3a2a53206503462944","true","1836254","cfd34dc40073370ebd71138d7db894fb","image/png","true"
"verbs","skip_verified","/Users/Sean/Desktop/verbs-backup/verbs/go_camping/go_camping_2.png","verbs/go_camping/go_camping_2.png","preserve_relative_path","","1763508","2e25657ae4cc7651d5c532aa598917c0d4416b095f47a1767b633d88ca4579f2","true","1763508","94a7b810adf189d59bba1848e4bf2392","image/png","true"
"verbs","skip_verified","/Users/Sean/Desktop/verbs-backup/verbs/go_camping/go_camping_3.png","verbs/go_camping/go_camping_3.png","preserve_relative_path","","2076151","ad0f75e03ec82e7c9f5a3c8a35c2ace2bb592adf2f450a46897b6679e2dbf1cc","true","2076151","7178cd5f99b69aca5229aca731a75b7d","image/png","true"
"verbs","skip_verified","/Users/Sean/Desktop/verbs-backup/verbs/go_fishing/go_fishing_1.png","verbs/go_fishing/go_fishing_1.png","preserve_relative_path","","1696300","6baa87a695120f18496a0136f5b0095819ebc0f569b2d09910502f6ed3e24a19","true","1696300","43df30b687fb5be1e9add9592b8dfd04","image/png","true"
"verbs","skip_verified","/Users/Sean/Desktop/verbs-backup/verbs/go_fishing/go_fishing_2.png","verbs/go_fishing/go_fishing_2.png","preserve_relative_path","","1769009","70ff647dae02d91c0b39f70d305714cce93f766b7c7edb72a9fc89805f49e8cb","true","1769009","596376b7504275406aa6efe68ac97c6c","image/png","true"
"verbs","skip_verified","/Users/Sean/Desktop/verbs-backup/verbs/go_fishing/go_fishing_3.png","verbs/go_fishing/go_fishing_3.png","preserve_relative_path","","2269944","5b44ced1c8d7f583cac7949f8a15a344febe2ca590da14abce5eff7ad6dcdbb5","true","2269944","11cfa805e38eaf7c136ee281225694ba","image/png","true"
"verbs","skip_verified","/Users/Sean/Desktop/verbs-backup/verbs/go_hiking/go_hiking_1.png","verbs/go_hiking/go_hiking_1.png","preserve_relative_path","","1771128","cad739b314313282509f86b55ee45a06be3515d2ff9217bf539d4c88c9877ea8","true","1771128","b1c4b5ee46a400158d80a95dd2da9442","image/png","true"
"verbs","skip_verified","/Users/Sean/Desktop/verbs-backup/verbs/go_hiking/go_hiking_2.png","verbs/go_hiking/go_hiking_2.png","preserve_relative_path","","2072418","9abda8995951fdc0eb9cf8d67781cbcbd44867dec66e38d65047410d49823f89","true","2072418","afe2e76625c62b32460ac10d371f30a7","image/png","true"
"verbs","skip_verified","/Users/Sean/Desktop/verbs-backup/verbs/go_hiking/go_hiking_3.png","verbs/go_hiking/go_hiking_3.png","preserve_relative_path","","2053836","26b13419e8cbe1ee7ce7149e989860455c58c7ce2a3999dd38129934da866247","true","2053836","8f8c34255e88e7914750b99444af9cf8","image/png","true"
"verbs","skip_verified","/Users/Sean/Desktop/verbs-backup/verbs/go_on_a_vacation/go_on_a_vacation_1.png","verbs/go_on_a_vacation/go_on_a_vacation_1.png","preserve_relative_path","","1802738","336a33fc77d99ca86832fba837b260bf8ca00cf905298493ace1a94c1ed273b8","true","1802738","c7c2c3d21e5926c0a8587cf13c03e2fa","image/png","true"
"verbs","skip_verified","/Users/Sean/Desktop/verbs-backup/verbs/go_on_a_vacation/go_on_a_vacation_2.png","verbs/go_on_a_vacation/go_on_a_vacation_2.png","preserve_relative_path","","1909149","1577ee23226fd08bc74986d1a89edd48bf878890247b6be9bc042860037b90ea","true","1909149","a9466bba80e2213f5d9ec1d14d08c961","image/png","true"
"verbs","skip_verified","/Users/Sean/Desktop/verbs-backup/verbs/go_on_a_vacation/go_on_a_vacation_3.png","verbs/go_on_a_vacation/go_on_a_vacation_3.png","preserve_relative_path","","2125859","7861396b5f8c4894c40784bc1d711bb57a86b36b2b91b667305147ab1802e957","true","2125859","3ebac605369846969197694dc429bfbf","image/png","true"
"verbs","skip_verified","/Users/Sean/Desktop/verbs-backup/verbs/go_shopping/go_shopping_1.png","verbs/go_shopping/go_shopping_1.png","preserve_relative_path","","2065306","66a7555971349346327d39fb1a6d9ba242854f1f71fd959bae3e8dcb91673400","true","2065306","6d4920ee0368b4e8daacc04a0f37b4f5","image/png","true"
"verbs","skip_verified","/Users/Sean/Desktop/verbs-backup/verbs/go_shopping/go_shopping_2.png","verbs/go_shopping/go_shopping_2.png","preserve_relative_path","","1991609","f84224800ff5e3738f8bc963b1c5fe8af98f7945266ee9d9d84f70778dd7cea4","true","1991609","63e51fb1cbbb091765ae3ae5ffd9359b","image/png","true"
"verbs","skip_verified","/Users/Sean/Desktop/verbs-backup/verbs/go_shopping/go_shopping_3.png","verbs/go_shopping/go_shopping_3.png","preserve_relative_path","","2087452","7aa998b00a9dc7809bc4d0f42dd0006e0d6a2b4341cf52d4af9d933ba2c01e5b","true","2087452","52391ff42a047ec648e0857d4b63da7f","image/png","true"
"verbs","skip_verified","/Users/Sean/Desktop/verbs-backup/verbs/go_skiing/go_skiing_1.png","verbs/go_skiing/go_skiing_1.png","preserve_relative_path","","1864032","2c190b3543a583b9707382f93dbed5897178d6d7924d358fe167c59422f805ff","true","1864032","9030a27bf8b2789176f11054cf0e6503","image/png","true"
"verbs","skip_verified","/Users/Sean/Desktop/verbs-backup/verbs/go_skiing/go_skiing_2.png","verbs/go_skiing/go_skiing_2.png","preserve_relative_path","","1896954","4f89e3de7db4d7919a7442478da74507fbc53bc7f4afc9fedc04a980271af881","true","1896954","a1a090eb2cb80e38718ab5b43d85c6df","image/png","true"
"verbs","skip_verified","/Users/Sean/Desktop/verbs-backup/verbs/go_skiing/go_skiing_3.png","verbs/go_skiing/go_skiing_3.png","preserve_relative_path","","2110172","2bdd01a438e75de8d471764448afaf015f743cf7940b36bd9578b27b13959c2a","true","2110172","108e3fbbf973b46a94d6d01b7d357378","image/png","true"
"verbs","skip_verified","/Users/Sean/Desktop/verbs-backup/verbs/go_to_bed/go_to_bed_1.png","verbs/go_to_bed/go_to_bed_1.png","preserve_relative_path","","1816668","e08218250f87e01c6d9a8a76abafcbb00bcc0895b2bf23c385f97b5fe1166326","true","1816668","41232f9228ddba1c2de1ad1065fbd73a","image/png","true"
"verbs","skip_verified","/Users/Sean/Desktop/verbs-backup/verbs/go_to_bed/go_to_bed_2.png","verbs/go_to_bed/go_to_bed_2.png","preserve_relative_path","","1802434","312353913853cbc8f000a4ae8b10096fc2d732131c779ec165137e8eb06c2601","true","1802434","c6d451ab6256ed32752699f11fd6c5b3","image/png","true"
"verbs","skip_verified","/Users/Sean/Desktop/verbs-backup/verbs/go_to_bed/go_to_bed_3.png","verbs/go_to_bed/go_to_bed_3.png","preserve_relative_path","","2037535","4759ed47561ea2d19c5835283458296eb6c728aaadce4293c9c610ff56c18734","true","2037535","557e9b1cad0e7e08ae7b217e46d8a5f8","image/png","true"
"verbs","skip_verified","/Users/Sean/Desktop/verbs-backup/verbs/go_to_school/go_to_school_1.png","verbs/go_to_school/go_to_school_1.png","preserve_relative_path","","1638301","a91fe8f1539b5ad168d4e92552e3c903d1088e75303d69e290ad752219ab28e1","true","1638301","207d93b8ca7eadcdcd418a8a60627550","image/png","true"
"verbs","skip_verified","/Users/Sean/Desktop/verbs-backup/verbs/go_to_school/go_to_school_2.png","verbs/go_to_school/go_to_school_2.png","preserve_relative_path","","1613266","a276a114b4390dce4be999b91780154d3d6b86c552e0e8d77b05398c99a81f17","true","1613266","f535cb8a7ee44d67e36188a0c1f39fa9","image/png","true"
"verbs","skip_verified","/Users/Sean/Desktop/verbs-backup/verbs/go_to_school/go_to_school_3.png","verbs/go_to_school/go_to_school_3.png","preserve_relative_path","","1935215","97fde09ac6e259b627ddaa2e7c1560261e7cce84d608a99512bf70116cdbb35b","true","1935215","7681a0e8001b687322d9ab413856d0a3","image/png","true"
"verbs","skip_verified","/Users/Sean/Desktop/verbs-backup/verbs/go_to_the_park/go_to_the_park_1.png","verbs/go_to_the_park/go_to_the_park_1.png","preserve_relative_path","","1999696","5530d559e9c939f28c747be20cdc1d2c68173f2d4b02547eb644009f76b1b309","true","1999696","b650d1c455dbb25211eac67a8e091a70","image/png","true"
"verbs","skip_verified","/Users/Sean/Desktop/verbs-backup/verbs/go_to_the_park/go_to_the_park_2.png","verbs/go_to_the_park/go_to_the_park_2.png","preserve_relative_path","","2149972","2734097f7eaa8981707596656eff099e1abcfc2483ce687998aa74515deafce5","true","2149972","923eff25b6b37e571cb7820c81a1b88f","image/png","true"
"verbs","skip_verified","/Users/Sean/Desktop/verbs-backup/verbs/go_to_the_park/go_to_the_park_3.png","verbs/go_to_the_park/go_to_the_park_3.png","preserve_relative_path","","2219316","32956223f953c72df1fb968156dbb7ec89dad9ae64f3837291327fcc8f05b840","true","2219316","a6c42f4a4af8a5574aae06c506e36839","image/png","true"
"verbs","skip_verified","/Users/Sean/Desktop/verbs-backup/verbs/go_to_work/go_to_work_1.png","verbs/go_to_work/go_to_work_1.png","preserve_relative_path","","1893465","a30b9293959ab45a308af73aae778e494bd51ca5c8692f8e5427aec97948a69a","true","1893465","97f7945e5035fe044c9210e9fc46bda6","image/png","true"
"verbs","skip_verified","/Users/Sean/Desktop/verbs-backup/verbs/go_to_work/go_to_work_2.png","verbs/go_to_work/go_to_work_2.png","preserve_relative_path","","1949073","01aafb58cdd615f8a1e499d47cee24ecf1d070d6a45d7e3843cc979137e5426f","true","1949073","d297f309a77aa94cf31e11fc23cd9155","image/png","true"
"verbs","skip_verified","/Users/Sean/Desktop/verbs-backup/verbs/go_to_work/go_to_work_3.png","verbs/go_to_work/go_to_work_3.png","preserve_relative_path","","1110201","3aa9d7d544eb54079c2a283c482ff90af6bd781b80263484f6fba1cca766c051","true","1110201","758a1e9e4b2fa71f5b07a6d8651185d8","image/png","true"
"verbs","skip_verified","/Users/Sean/Desktop/verbs-backup/verbs/go/go_1.png","verbs/go/go_1.png","preserve_relative_path","","2409997","740118c6f487a8cf34c8d6fc027e76ea026173090dd25764ca47626acfd8612e","true","2409997","2060990aa021355ce266c15daafbbb0e-1","image/png","true"
"verbs","skip_verified","/Users/Sean/Desktop/verbs-backup/verbs/go/go_2.png","verbs/go/go_2.png","preserve_relative_path","","2524897","97c237a2c2fc3a6b4654b6c17041503d23a3f0cf7d366f5d040ab5a25da5f71f","true","2524897","b1c88f38e453dabfc152465c340ba1a9-1","image/png","true"
"verbs","skip_verified","/Users/Sean/Desktop/verbs-backup/verbs/go/go_3.png","verbs/go/go_3.png","preserve_relative_path","","2833331","e1d48e65017674f2c430c1eb42759b965141c89763aa350226e05df6c1b7374c","true","2833331","8d18dbe7485b8c18800c01a3c0606a47-1","image/png","true"
"verbs","skip_verified","/Users/Sean/Desktop/verbs-backup/verbs/grab/grab_1.png","verbs/grab/grab_1.png","preserve_relative_path","","2503845","9d465503884505a556888cbdfda71d0fa2b2a59052de0dd00897f3f93cdd0e14","true","2503845","c11f3a6b9f237f001d2c92dbb0f2237f-1","image/png","true"
"verbs","skip_verified","/Users/Sean/Desktop/verbs-backup/verbs/grab/grab_2.png","verbs/grab/grab_2.png","preserve_relative_path","","2588515","4346c2bf487a4e6bb022ded21c0d71ca2c2a55b3d5082fbad1025658057ad883","true","2588515","b21e092e810ac2c9a74dae81233fc4ed-1","image/png","true"
"verbs","skip_verified","/Users/Sean/Desktop/verbs-backup/verbs/grab/grab_3.png","verbs/grab/grab_3.png","preserve_relative_path","","2690110","7cd2661abd91f5ae766ea392177acbf4e2f374644ae8009158265da258a0ac6c","true","2690110","00453cef6c52cd45c4c88aa24c132f12-1","image/png","true"
"verbs","skip_verified","/Users/Sean/Desktop/verbs-backup/verbs/guess/guess_1.png","verbs/guess/guess_1.png","preserve_relative_path","","2522838","fdf593eaa0533d5d2b6e06298e79bdae1a6f4c3b02ed1a4490cc48adcdc72fbc","true","2522838","476ea5fc8080d2822d39e22b13e2c36d","image/png","true"
"verbs","skip_verified","/Users/Sean/Desktop/verbs-backup/verbs/guess/guess_2.png","verbs/guess/guess_2.png","preserve_relative_path","","2410965","a3b12f3b2c7eafb0c226b896d25c29ded24ab83d293f46b24d79aff54d1ab916","true","2410965","3ead07b1755f450632144e826585969e","image/png","true"
"verbs","skip_verified","/Users/Sean/Desktop/verbs-backup/verbs/guess/guess_3.png","verbs/guess/guess_3.png","preserve_relative_path","","2612101","9eb87677cbc1ed3eee3f107418386b5905fdffe762952b1113cf83409301b244","true","2612101","59ba8f8978e1a4f149dd71441fa52c9f","image/png","true"
"verbs","skip_verified","/Users/Sean/Desktop/verbs-backup/verbs/hate/hate_1.png","verbs/hate/hate_1.png","preserve_relative_path","","1684524","db58f141c87827c4f0a362b0d51bc7469ad7685bd2b96037b221a4b57f74e956","true","1684524","acfbe3ee0d5a62baeaa84a8192279488","image/png","true"
"verbs","skip_verified","/Users/Sean/Desktop/verbs-backup/verbs/hate/hate_2.png","verbs/hate/hate_2.png","preserve_relative_path","","2413356","06799ed3e16515768f14686faecc02b6b8f26103e41c673adeda8340e5627fd7","true","2413356","7ea11aa25b9cc24b06b1564c631d486b","image/png","true"
"verbs","skip_verified","/Users/Sean/Desktop/verbs-backup/verbs/hate/hate_3.png","verbs/hate/hate_3.png","preserve_relative_path","","2803088","c0faad3fd80cb8090fe5adc5e68fff1b6ec9ca3e12e4f1aeef6f985d93603655","true","2803088","6ea91ff21dfc161913834325b943cfc0","image/png","true"
"verbs","skip_verified","/Users/Sean/Desktop/verbs-backup/verbs/have_a_snack/have_a_snack_1.png","verbs/have_a_snack/have_a_snack_1.png","preserve_relative_path","","1629993","db4d5a79a123c8842dbdbe6ab695305b5921d1a649dcb73f8d4fb42b86fcca0e","true","1629993","9b3e3d6e35caf2f8aff58da49bea46b0","image/png","true"
"verbs","skip_verified","/Users/Sean/Desktop/verbs-backup/verbs/have_a_snack/have_a_snack_2.png","verbs/have_a_snack/have_a_snack_2.png","preserve_relative_path","","1674481","a3d8b9f06d1d6061b31b879b1dfd9f99a0002edb85df16e85069321aec0f5d2b","true","1674481","86c2cde6a6ff78ae41a78889120ce7c5","image/png","true"
"verbs","skip_verified","/Users/Sean/Desktop/verbs-backup/verbs/have_a_snack/have_a_snack_3.png","verbs/have_a_snack/have_a_snack_3.png","preserve_relative_path","","1961793","1c84afa68d60c9d1a514877dee76e61add8d563b04bad22ad2909099ff799c33","true","1961793","344c00a7ded8ff6eee56cde0896006b9","image/png","true"
"verbs","skip_verified","/Users/Sean/Desktop/verbs-backup/verbs/have_fun/have_fun_1.png","verbs/have_fun/have_fun_1.png","preserve_relative_path","","1733716","b09487d54b69a25e65203b391c77f570e7fb3952144163f6f182aaa62a869070","true","1733716","c226d94364fba77ff86f551e60f220bf","image/png","true"
"verbs","skip_verified","/Users/Sean/Desktop/verbs-backup/verbs/have_fun/have_fun_2.png","verbs/have_fun/have_fun_2.png","preserve_relative_path","","1710034","5892ca12a8057961753c895a65ebe73a6f1ca8602c6acc5fccf550f6d7c3411a","true","1710034","6da45f3589331ef6e9c7f0740d423e4f","image/png","true"
"verbs","skip_verified","/Users/Sean/Desktop/verbs-backup/verbs/have_fun/have_fun_3.png","verbs/have_fun/have_fun_3.png","preserve_relative_path","","706854","9da38abbd0b0804918bce3bfa40d169c17732aaece88cb4bcb96d2954d17661d","true","706854","396ddd926710313539dd15dd6b926ab7","image/png","true"
"verbs","skip_verified","/Users/Sean/Desktop/verbs-backup/verbs/have/have_1.png","verbs/have/have_1.png","preserve_relative_path","","2381691","4e495b0d8deb389af97a8c46ab1d0642aefe63b961ad367a817d7fa68c5c6934","true","2381691","879f71afdd180b2abc3ca859cacd9775-1","image/png","true"
"verbs","skip_verified","/Users/Sean/Desktop/verbs-backup/verbs/have/have_2.png","verbs/have/have_2.png","preserve_relative_path","","2400457","9de6d521b08510ae9caf5fbf6e42cda799985d4afcb894343100520f1388a5b5","true","2400457","5eca5220c94844ec56a7ab2778f7c951-1","image/png","true"
"verbs","skip_verified","/Users/Sean/Desktop/verbs-backup/verbs/have/have_3.png","verbs/have/have_3.png","preserve_relative_path","","2705943","bcea9d3098f41fbf03b3d1823a6f595c6ebe201e2307a620e74c62f1b6801c10","true","2705943","27ab62f96efb5165cbbe116f99afb166-1","image/png","true"
"verbs","skip_verified","/Users/Sean/Desktop/verbs-backup/verbs/hear/hear_1.png","verbs/hear/hear_1.png","preserve_relative_path","","1638419","02ff77cfd8d29d0e974b7141389f2aa6a21fe05d33ce28583591a3226b8339df","true","1638419","71d27b4e5f6134b2f74e670ea4ff97fd","image/png","true"
"verbs","skip_verified","/Users/Sean/Desktop/verbs-backup/verbs/hear/hear_2.png","verbs/hear/hear_2.png","preserve_relative_path","","1639675","e69f79af55f30169293257c593dc025912aa40c0f23e1c091afb86ea053dd184","true","1639675","76a6fe6984f71d10bd0f5bfd903c9c3c","image/png","true"
"verbs","skip_verified","/Users/Sean/Desktop/verbs-backup/verbs/hear/hear_3.png","verbs/hear/hear_3.png","preserve_relative_path","","1774072","470cf8a22db4c7d022abded6fef98cb6410c68b0559e58fc96cf2db76beb17cc","true","1774072","13bc0d8f16c21cce1bc0dad865054636","image/png","true"
"verbs","skip_verified","/Users/Sean/Desktop/verbs-backup/verbs/hide/hide_1.png","verbs/hide/hide_1.png","preserve_relative_path","","2335991","05c82a74e052ab719e9b53d50f9b379ca9a0d6b0690a59347885193f1883c7e7","true","2335991","7f0e5b023b77a0943349c06762e3b18b-1","image/png","true"
"verbs","skip_verified","/Users/Sean/Desktop/verbs-backup/verbs/hide/hide_2.png","verbs/hide/hide_2.png","preserve_relative_path","","2405219","45c29267f59a10786e7be24ef84ed9926e932fbe3fa1040ff8bf76ade48ad583","true","2405219","3a2ccbcdd8d30bec492d6c02536b6615-1","image/png","true"
"verbs","skip_verified","/Users/Sean/Desktop/verbs-backup/verbs/hide/hide_3.png","verbs/hide/hide_3.png","preserve_relative_path","","2506284","1078119a6886dd2c92aa9cafb61287aeeb683c271364efe0c09a2ed0a974a55a","true","2506284","9de67396000640c45e3f256292da9c7e-1","image/png","true"
"verbs","skip_verified","/Users/Sean/Desktop/verbs-backup/verbs/hug/hug_1.png","verbs/hug/hug_1.png","preserve_relative_path","","2408622","2aefed26600b87b162cd9ef90f9b00a70431ea2f9af037b4b1319515a20b59a8","true","2408622","5a636deab15eb5a54b8faf16096e9b74-1","image/png","true"
"verbs","skip_verified","/Users/Sean/Desktop/verbs-backup/verbs/hug/hug_2.png","verbs/hug/hug_2.png","preserve_relative_path","","2552040","2673141e9ee85f3e0e4c550c1162afe34557a97fc5fd74713b0b0b0dd32d34a1","true","2552040","ac6b03036d1324571d29de054a93fce7-1","image/png","true"
"verbs","skip_verified","/Users/Sean/Desktop/verbs-backup/verbs/hug/hug_3.png","verbs/hug/hug_3.png","preserve_relative_path","","2541354","3510c17533776bffe9129595decc0d47f6c404e8b549012d7f7c5cae0dbe5160","true","2541354","3b9965e654294f7238a1c7da7596d3d2-1","image/png","true"
"verbs","skip_verified","/Users/Sean/Desktop/verbs-backup/verbs/hurt/hurt_1.png","verbs/hurt/hurt_1.png","preserve_relative_path","","1708760","88f9bebb5a114eed7edd2f9219d803f9b9de18e7d52fc387673a6d2a563f2151","true","1708760","cf685b3807ee31125a2444a976c5339e","image/png","true"
"verbs","skip_verified","/Users/Sean/Desktop/verbs-backup/verbs/hurt/hurt_2.png","verbs/hurt/hurt_2.png","preserve_relative_path","","1683952","d91362e374caf720e6f892aa6b6206a45d9fa299c99aa21a6125d73e2ad0711e","true","1683952","29edc6a38881ca82524424ffc71775a8","image/png","true"
"verbs","skip_verified","/Users/Sean/Desktop/verbs-backup/verbs/hurt/hurt_3.png","verbs/hurt/hurt_3.png","preserve_relative_path","","1853240","012b21ee79a9a6959ac0e3acba88b0ec154caaaf0ffbceb40da8b11e722af450","true","1853240","f35805a3c4f667e2a9c04ec6729c099d","image/png","true"
"verbs","skip_verified","/Users/Sean/Desktop/verbs-backup/verbs/introduce/introduce_1.png","verbs/introduce/introduce_1.png","preserve_relative_path","","3044627","9a0ac7a5d04d29942a60d64b4b6154218d48794905e1398acd27872393603ba9","true","3044627","5408e50d440d348231fff328ab737781","image/png","false"
"verbs","skip_verified","/Users/Sean/Desktop/verbs-backup/verbs/introduce/introduce_2.png","verbs/introduce/introduce_2.png","preserve_relative_path","","2998653","7cdebc682061e4bf6f20a0b1b5ed4c39741292ea82e203fbecc41fc4ef3680e2","true","2998653","915eb26c1f97735b853ec8942a2a3345","image/png","false"
"verbs","skip_verified","/Users/Sean/Desktop/verbs-backup/verbs/introduce/introduce_3.png","verbs/introduce/introduce_3.png","preserve_relative_path","","3299836","e7c35788a480f509e80a16fdcacdf19ee3fd67aed10616e426a8908b4a4ad434","true","3299836","f6b7e852fa4c86084781ad0841e4e46f","image/png","false"
"verbs","skip_verified","/Users/Sean/Desktop/verbs-backup/verbs/jump_rope/jump_rope_1.png","verbs/jump_rope/jump_rope_1.png","preserve_relative_path","","1701314","2fd4d850e28ebf4b52b832dc527b9442a2f1c5885a89e76327ced1f5d799de27","true","1701314","81d731ba3ff36f69e802ab6bd36a1ee9","image/png","true"
"verbs","skip_verified","/Users/Sean/Desktop/verbs-backup/verbs/jump_rope/jump_rope_2.png","verbs/jump_rope/jump_rope_2.png","preserve_relative_path","","1683897","8664aab282a4724fbb0d80c8a83bb7005ac916ba1204daa3951dcd85e0dba83d","true","1683897","0c308a54191b3ee53d606c83695efe00","image/png","true"
"verbs","skip_verified","/Users/Sean/Desktop/verbs-backup/verbs/jump_rope/jump_rope_3.png","verbs/jump_rope/jump_rope_3.png","preserve_relative_path","","1795123","53cd1e6b66eb0f1583803db4b14215a50ce20adbbeb97dfd2664b3596f2fceec","true","1795123","36f8d4e0b94efdf2b9cd554232a1b147","image/png","true"
"verbs","skip_verified","/Users/Sean/Desktop/verbs-backup/verbs/jump/jump_1.png","verbs/jump/jump_1.png","preserve_relative_path","","1692922","bd0768dcf9ae1f7dd95ae975336cf6500b99f3df17b6d493560625daa55f7645","true","1692922","a851ea92ad851d5245d5b0b4d735a66c-1","image/png","true"
"verbs","skip_verified","/Users/Sean/Desktop/verbs-backup/verbs/jump/jump_2.png","verbs/jump/jump_2.png","preserve_relative_path","","1722731","82dc214c4b3c8d71afb889ab675a7887cd7a880f5619222b569de677bf1791b6","true","1722731","3907672c27cd0cdec1be1e585035dbdb-1","image/png","true"
"verbs","skip_verified","/Users/Sean/Desktop/verbs-backup/verbs/jump/jump_3.png","verbs/jump/jump_3.png","preserve_relative_path","","1808114","686d1d3309472bea9240ee6e0db905ddf765f83c9d509f1772974e8cfc18f413","true","1808114","519219f28c485b7764572fc675f95e76-1","image/png","true"
"verbs","skip_verified","/Users/Sean/Desktop/verbs-backup/verbs/kick_a_ball/kick_a_ball_1.png","verbs/kick_a_ball/kick_a_ball_1.png","preserve_relative_path","","1746826","4af4c9e504acaa6e3246e44ff70f918e2ba9ccce9858132d502a6e39602e1250","true","1746826","c53fa4001878666b6d3b67e8f395b6d1","image/png","true"
"verbs","skip_verified","/Users/Sean/Desktop/verbs-backup/verbs/kick_a_ball/kick_a_ball_2.png","verbs/kick_a_ball/kick_a_ball_2.png","preserve_relative_path","","1718619","fbaa0a9047fb85d3194f15d795bddd31876c350da2c2be8c6a775023cb79a140","true","1718619","6817e1c7dcd9c423d46cae11c4f33826","image/png","true"
"verbs","skip_verified","/Users/Sean/Desktop/verbs-backup/verbs/kick_a_ball/kick_a_ball_3.png","verbs/kick_a_ball/kick_a_ball_3.png","preserve_relative_path","","2092507","9707e0cb014e8180b2fe9cbf657a73f38e2ba6c5024b6a2f5abb26c5ec74f1f0","true","2092507","521500c702e3f3bde487efc91679233e","image/png","true"
"verbs","skip_verified","/Users/Sean/Desktop/verbs-backup/verbs/kiss/kiss_1.png","verbs/kiss/kiss_1.png","preserve_relative_path","","2326803","1007b57ee5012611e8de2eae007dc50536bdc8449b5040ab6f7f4130f1c63465","true","2326803","2b5afb3a92247d1984489a56306ab38d-1","image/png","true"
"verbs","skip_verified","/Users/Sean/Desktop/verbs-backup/verbs/kiss/kiss_2.png","verbs/kiss/kiss_2.png","preserve_relative_path","","2355485","f046aa92f2393488ac51032c0c55d9ba747fede29c081af9f868c3013948ce69","true","2355485","dd6084101bdbf8e19428d0d39bcfc640-1","image/png","true"
"verbs","skip_verified","/Users/Sean/Desktop/verbs-backup/verbs/kiss/kiss_3.png","verbs/kiss/kiss_3.png","preserve_relative_path","","2668576","435acd82dc7d8363f5ffa0c56acf774e5a8947ebcc64b28ebb56b20497b2d493","true","2668576","e07eb1a9444f09bbc6566471b33aaf4d-1","image/png","true"
"verbs","skip_verified","/Users/Sean/Desktop/verbs-backup/verbs/know/know_1.png","verbs/know/know_1.png","preserve_relative_path","","2908941","56e1ae31bec5a2c1d95719a63784564584e00ba8de7ad262f9d75571177384d1","true","2908941","86e3a49e30fc4e9bc3ba2af9b4e38dd0","image/png","true"
"verbs","skip_verified","/Users/Sean/Desktop/verbs-backup/verbs/know/know_2.png","verbs/know/know_2.png","preserve_relative_path","","2976883","d008f9e3848a60908608dc02ec6a3c9e446581fa36b3f842b97888921a883704","true","2976883","6176a3e7af3ac731940d6ff19e7349cf","image/png","true"
"verbs","skip_verified","/Users/Sean/Desktop/verbs-backup/verbs/know/know_3.png","verbs/know/know_3.png","preserve_relative_path","","2604629","46589f50e68b611019bef580f03e23cf5696ac3fc9b53aa1fc27a2e5eb7219f5","true","2604629","50466b794c4c545ea23ff90848a1a620","image/png","true"
"verbs","skip_verified","/Users/Sean/Desktop/verbs-backup/verbs/laugh/laugh_1.png","verbs/laugh/laugh_1.png","preserve_relative_path","","2423724","52761b05eb9d40b298786a06cec8b59ae7ba06c5d3ef6819c29d3bf365f1a8b2","true","2423724","3de514675c4c196b40239d13599a1733-1","image/png","true"
"verbs","skip_verified","/Users/Sean/Desktop/verbs-backup/verbs/laugh/laugh_2.png","verbs/laugh/laugh_2.png","preserve_relative_path","","2426789","99965ee78381f694750a7a51e2c1d45b85132d8d74e5c0607fa708e9477bd1bf","true","2426789","844b70c011594fc82c823914691ff4fc-1","image/png","true"
"verbs","skip_verified","/Users/Sean/Desktop/verbs-backup/verbs/laugh/laugh_3.png","verbs/laugh/laugh_3.png","preserve_relative_path","","2526200","fc1d1f74e4e08ce09ab52b404d587aa88180b07b2d6605eba4845f1d3dbf5d25","true","2526200","eef87196636722f3c7b396a0de933a57-1","image/png","true"
"verbs","skip_verified","/Users/Sean/Desktop/verbs-backup/verbs/learn/learn_1.png","verbs/learn/learn_1.png","preserve_relative_path","","2142557","7f07dc4ffc69b478b16bafcbb5fa5690ef88f28bc9d6fab2cc3fcaac6d0d577a","true","2142557","086f47bf33b70a5bc27c0f49a0831143","image/png","false"
"verbs","skip_verified","/Users/Sean/Desktop/verbs-backup/verbs/learn/learn_2.png","verbs/learn/learn_2.png","preserve_relative_path","","2924788","09841330f7c047c79a03613a34da4841dc017944f50851c34a666b01a3e48cfd","true","2924788","464219216a263815b198bba39c2e1d32","image/png","false"
"verbs","skip_verified","/Users/Sean/Desktop/verbs-backup/verbs/learn/learn_3.png","verbs/learn/learn_3.png","preserve_relative_path","","1514043","c1790a396fcff1e172fcf5225dad78b4947cd0f713594341d619ce29f05725a7","true","1514043","6e926437629201b61676408b06e66ada","image/png","false"
"verbs","skip_verified","/Users/Sean/Desktop/verbs-backup/verbs/leave_the_house/leave_the_house_1.png","verbs/leave_the_house/leave_the_house_1.png","preserve_relative_path","","1856526","554eb740885fceb6a01988115fc53b193232100c43b49927ce7802382167e48d","true","1856526","bec822c76dad19ec0cf6acbe8b46b991","image/png","true"
"verbs","skip_verified","/Users/Sean/Desktop/verbs-backup/verbs/leave_the_house/leave_the_house_2.png","verbs/leave_the_house/leave_the_house_2.png","preserve_relative_path","","1844066","7a952e636dba71c0271229d1f80d76aa719115c8d260e68587c93285631edbe8","true","1844066","c3ea0f612b93b13d6be12cb4633a6c01","image/png","true"
"verbs","skip_verified","/Users/Sean/Desktop/verbs-backup/verbs/leave_the_house/leave_the_house_3.png","verbs/leave_the_house/leave_the_house_3.png","preserve_relative_path","","2075547","0f32abfbdd3369f0ec019adcd8338d8f2eac8f57cc8f8e25c300e5ddb371f3f4","true","2075547","2223ab1c3d4f6ba17128d838b4c98029","image/png","true"
"verbs","skip_verified","/Users/Sean/Desktop/verbs-backup/verbs/like/like_1.png","verbs/like/like_1.png","preserve_relative_path","","2398660","b2600e72c7d048951989eff38a8ec9bc9df37088b3b61f2e6ca0d8399b4c8c76","true","2398660","b188c5a8314a9edd05463450f7da50dc","image/png","true"
"verbs","skip_verified","/Users/Sean/Desktop/verbs-backup/verbs/like/like_2.png","verbs/like/like_2.png","preserve_relative_path","","2376760","2a745d94cafc472cf2e21c80c511627d924cf70f161065edbdb688171cb6c6a6","true","2376760","4e0b9d571f7aee04c6440ef0fe02dc0d","image/png","true"
"verbs","skip_verified","/Users/Sean/Desktop/verbs-backup/verbs/like/like_3.png","verbs/like/like_3.png","preserve_relative_path","","2551901","c554eac68ffb3aa04307180b9720f7d21cca2f2eebccef55bee569f259997bac","true","2551901","08c0611e8ff08eb44c87d4fb5b6a2c10","image/png","true"
"verbs","skip_verified","/Users/Sean/Desktop/verbs-backup/verbs/listen_carefully/listen_carefully_1.png","verbs/listen_carefully/listen_carefully_1.png","preserve_relative_path","","1680403","f14b3f2515ef06e89365856419d3c4f84258f26e9c803f092ed3e70d03883889","true","1680403","703910deb36c93035642ce9743d02659","image/png","true"
"verbs","skip_verified","/Users/Sean/Desktop/verbs-backup/verbs/listen_carefully/listen_carefully_2.png","verbs/listen_carefully/listen_carefully_2.png","preserve_relative_path","","1674954","9b8e81e115e45592eb069322cad459510a7b6b2d475b9ae225cf856bae2de2b3","true","1674954","4f5767322dabfbdca53e67b62415a6e7","image/png","true"
"verbs","skip_verified","/Users/Sean/Desktop/verbs-backup/verbs/listen_carefully/listen_carefully_3.png","verbs/listen_carefully/listen_carefully_3.png","preserve_relative_path","","2054445","0078ffcac842cad3b733439817f58720f3fd1032759e6b6921733a662a04c0de","true","2054445","8a1fb63294a97ebcde60553697aec753","image/png","true"
"verbs","skip_verified","/Users/Sean/Desktop/verbs-backup/verbs/listen_to_music/listen_to_music_1.png","verbs/listen_to_music/listen_to_music_1.png","preserve_relative_path","","1636565","88bc10a6d5c9b9c81fd94b3dc1ddf20d703bda8f5798d953c8f73052baa6b85e","true","1636565","4cb8303d2d035ec8bc60e166e92e1a4f","image/png","true"
"verbs","skip_verified","/Users/Sean/Desktop/verbs-backup/verbs/listen_to_music/listen_to_music_2.png","verbs/listen_to_music/listen_to_music_2.png","preserve_relative_path","","1634189","6d5fa881e4782ee61d232dd50f308a9ad95bc8104dd0cc3d3e89985bb30a7fcb","true","1634189","24ea486b09e85d6c9e6be84bfd9dca59","image/png","true"
"verbs","skip_verified","/Users/Sean/Desktop/verbs-backup/verbs/listen_to_music/listen_to_music_3.png","verbs/listen_to_music/listen_to_music_3.png","preserve_relative_path","","2022291","a3dfab7b416f4754d7fbe6f3d82614e8cfdbfc068ad531c52d6ac2ec635d0498","true","2022291","e588004f20e296628cb0872e49fc7978","image/png","true"
"verbs","skip_verified","/Users/Sean/Desktop/verbs-backup/verbs/listen/listen_1.png","verbs/listen/listen_1.png","preserve_relative_path","","1624032","c5c2767cc49679dacda1dae5a0009c027dc69604b528a91736ff65ff5d3c2627","true","1624032","2a20367291cd1b685eb4e553bf60629d","image/png","true"
"verbs","skip_verified","/Users/Sean/Desktop/verbs-backup/verbs/listen/listen_2.png","verbs/listen/listen_2.png","preserve_relative_path","","971890","8854c957bb10c8254c0271b6719a766f9329cf5293d2b50d33a3a2bc21c21496","true","971890","457cfbda7f73284d7a15c73af9019f7c","image/png","true"
"verbs","skip_verified","/Users/Sean/Desktop/verbs-backup/verbs/listen/listen_3.png","verbs/listen/listen_3.png","preserve_relative_path","","1738784","469fdc4c91df39a13d58e97dacebf1bb72074f6a097a9a39e1e3c3dcbd4681ca","true","1738784","39d9105e9e58aa97b68aafe2d57fb284","image/png","true"
"verbs","skip_verified","/Users/Sean/Desktop/verbs-backup/verbs/look/look_1.png","verbs/look/look_1.png","preserve_relative_path","","1613011","30606ee5a6c5f6ca36b6765dcd4d9db9c8c3a0f330b1e469874d0ecc18c6ae04","true","1613011","4a3eb53dc6d623f1600119864388a169","image/png","true"
"verbs","skip_verified","/Users/Sean/Desktop/verbs-backup/verbs/look/look_2.png","verbs/look/look_2.png","preserve_relative_path","","1605046","a69f0d5af9a342e20f3f32dc55e7b50abd41a96a616c62bd774d89ff11df6585","true","1605046","94112c53e6638a9776ea87377d3cfe73","image/png","true"
"verbs","skip_verified","/Users/Sean/Desktop/verbs-backup/verbs/look/look_3.png","verbs/look/look_3.png","preserve_relative_path","","1884198","02618203500acf3f46d7047ac855ddc3725db5d7fe72418f3b64a38222735f77","true","1884198","bf0f6810b9eb52aafd216234f7a926f3","image/png","true"
"verbs","skip_verified","/Users/Sean/Desktop/verbs-backup/verbs/love/love_1.png","verbs/love/love_1.png","preserve_relative_path","","2406425","74be89c58448a2607ed798249947cb68b152a5634d47ea7bc52e0b26378d0d26","true","2406425","6c302bc69da782932ea2157e9915f8df","image/png","true"
"verbs","skip_verified","/Users/Sean/Desktop/verbs-backup/verbs/love/love_2.png","verbs/love/love_2.png","preserve_relative_path","","2349112","6fe65e80711d79a1984cb251772266d1a3e25a1ed3771fce1767413fe173fa15","true","2349112","5f1f951b7328c924668b3ec919b5d57b","image/png","true"
"verbs","skip_verified","/Users/Sean/Desktop/verbs-backup/verbs/love/love_3.png","verbs/love/love_3.png","preserve_relative_path","","2610694","91f43adcb1acb4da0eb2a1b8d3b33b4aae20d2964376992a99097e9c66c58906","true","2610694","34f3e65fa8a1a601a29b3a680b1e705e","image/png","true"
"verbs","skip_verified","/Users/Sean/Desktop/verbs-backup/verbs/make_a_campfire/make_a_campfire_1.png","verbs/make_a_campfire/make_a_campfire_1.png","preserve_relative_path","","1745662","40d12be02a969faec19604d6cd91550a8577056e25eeb398157d2d449167218d","true","1745662","8173b179cde65fbb67a087e635bf389b","image/png","true"
"verbs","skip_verified","/Users/Sean/Desktop/verbs-backup/verbs/make_a_campfire/make_a_campfire_2.png","verbs/make_a_campfire/make_a_campfire_2.png","preserve_relative_path","","1812397","9d8d14626ae8206ee0c3e7f1bc4ca3c330572a43c6cf334ee1377f91b325c80c","true","1812397","30fd88cc0eaf15bbd1eab2432f2ee904","image/png","true"
"verbs","skip_verified","/Users/Sean/Desktop/verbs-backup/verbs/make_a_campfire/make_a_campfire_3.png","verbs/make_a_campfire/make_a_campfire_3.png","preserve_relative_path","","1951632","6ce532a89ef6836583d0c7a2c4008c02139411ffb69a7e9da57a1cafa848f6cd","true","1951632","6daf3906ae3ac079b252f51cde264d5b","image/png","true"
"verbs","skip_verified","/Users/Sean/Desktop/verbs-backup/verbs/make_a_snowman/make_a_snowman_1.png","verbs/make_a_snowman/make_a_snowman_1.png","preserve_relative_path","","1881340","49bfcb55f36e1e976c9768afc8d22fbd5c8ebc31d48175bb589ad5cd29694066","true","1881340","d420dc7e0f02a40cb4dc3cc64cad986b","image/png","true"
"verbs","skip_verified","/Users/Sean/Desktop/verbs-backup/verbs/make_a_snowman/make_a_snowman_2.png","verbs/make_a_snowman/make_a_snowman_2.png","preserve_relative_path","","758922","e8c99fe6b86e2baf78e90f178c5f6377c62d6720517e85aef382b550671b6ab4","true","758922","b5ff3b551666314c0d20a4b20a3178bb","image/png","true"
"verbs","skip_verified","/Users/Sean/Desktop/verbs-backup/verbs/make_a_snowman/make_a_snowman_3.png","verbs/make_a_snowman/make_a_snowman_3.png","preserve_relative_path","","2088570","f8fcea5671f9c877c0301feb3ee8447cae96c9d89e3629ecf05e46c454aa4818","true","2088570","79b8cd866716385891d297cd9087bfc8","image/png","true"
"verbs","skip_verified","/Users/Sean/Desktop/verbs-backup/verbs/make_friends/make_friends_1.png","verbs/make_friends/make_friends_1.png","preserve_relative_path","","1945406","0f72e258446b4e871f77b5c3e7ce6d95e70ccd954f53db7f359c35fb39c0b0fa","true","1945406","31ac8b958ed122d523836bb26dba82c3","image/png","true"
"verbs","skip_verified","/Users/Sean/Desktop/verbs-backup/verbs/make_friends/make_friends_2.png","verbs/make_friends/make_friends_2.png","preserve_relative_path","","1712045","c3a1019f0ac4b2013e12e4ee15da8239bf5cebec0efde3ffc6b348d54035d400","true","1712045","659f5939f049263162ec258b5d7abbac","image/png","true"
"verbs","skip_verified","/Users/Sean/Desktop/verbs-backup/verbs/make_friends/make_friends_3.png","verbs/make_friends/make_friends_3.png","preserve_relative_path","","1833860","0e199fb7d38f888c5aa6d7ffc27c97a1f17310c35b202ff3e23767801f8ea569","true","1833860","ea4dd95da5ae3ee6040a2ea0956b2dd1","image/png","true"
"verbs","skip_verified","/Users/Sean/Desktop/verbs-backup/verbs/make/make_1.png","verbs/make/make_1.png","preserve_relative_path","","2504054","e6238a9acea4e1914a8c646a88c6b16f363c1c9c8f220f402253b01cb23c99ef","true","2504054","a65d024b1a8f47cf65c6d2694151e343-1","image/png","true"
"verbs","skip_verified","/Users/Sean/Desktop/verbs-backup/verbs/make/make_2.png","verbs/make/make_2.png","preserve_relative_path","","2513347","1d265777d9dcc0501c44f95c89c56709244071d6578b5d85bc090ad82d9ea34f","true","2513347","760c44a68ca41eb629688422283ab1b7-1","image/png","true"
"verbs","skip_verified","/Users/Sean/Desktop/verbs-backup/verbs/make/make_3.png","verbs/make/make_3.png","preserve_relative_path","","2634824","eaca3f54f388570edf9b70651c62e9f2c50c5f3155197d09eb891ba7f8a0e7fa","true","2634824","cc9f3b2e8569b06cf2212242a77d971a-1","image/png","true"
"verbs","skip_verified","/Users/Sean/Desktop/verbs-backup/verbs/meet_friends/meet_friends_1.png","verbs/meet_friends/meet_friends_1.png","preserve_relative_path","","1719102","8e18cfdc605150ecb1c81a3de6d8f590221050341d466cc1fc89291d73808f50","true","1719102","5577693353c31d5ab8a6929195e7c1c1","image/png","true"
"verbs","skip_verified","/Users/Sean/Desktop/verbs-backup/verbs/meet_friends/meet_friends_2.png","verbs/meet_friends/meet_friends_2.png","preserve_relative_path","","1648382","97ea24a0f7e079e92488629ec0df9d8621ccc7b784ae76d746c319076fa28f7a","true","1648382","9fc71ad6f28f1ac59222ec46fc844e23","image/png","true"
"verbs","skip_verified","/Users/Sean/Desktop/verbs-backup/verbs/meet_friends/meet_friends_3.png","verbs/meet_friends/meet_friends_3.png","preserve_relative_path","","812198","420614a3b0cc1adc9257099b91d7c8515248c02aa78cc7beeb02f70d7976fd79","true","812198","ce93a1f392a455a8e0b0e326b6bf4401","image/png","true"
"verbs","skip_verified","/Users/Sean/Desktop/verbs-backup/verbs/meet/meet_1.png","verbs/meet/meet_1.png","preserve_relative_path","","1786554","b59b63042015883b2565126f7f34703cf61595415302168a945a01522313aa8f","true","1786554","78322fe0fa51629e18ac4ef71085cae6-1","image/png","true"
"verbs","skip_verified","/Users/Sean/Desktop/verbs-backup/verbs/meet/meet_2.png","verbs/meet/meet_2.png","preserve_relative_path","","2482178","a749c35482b3c4242de8b4dfb5739b1e9717016b4fe542f35d18b6a3d432df51","true","2482178","e99ec0a8c5184794f5e4ff1b23884fc1-1","image/png","true"
"verbs","skip_verified","/Users/Sean/Desktop/verbs-backup/verbs/meet/meet_3.png","verbs/meet/meet_3.png","preserve_relative_path","","2539865","0151561c8862d9ae2d4eb25373710c882c136d2b46a8d3a97d54249c2b7b3924","true","2539865","f40b1392193fda6557416b9e2295d712-1","image/png","true"
"verbs","skip_verified","/Users/Sean/Desktop/verbs-backup/verbs/memorize/memorize_1.png","verbs/memorize/memorize_1.png","preserve_relative_path","","1889092","701728d7855bc574b66c7a8311ec17e495db4afdb43c6137a6cd9326dcb4e10a","true","1889092","221b098884be8dd01fc4ea29afaf0494","image/png","true"
"verbs","skip_verified","/Users/Sean/Desktop/verbs-backup/verbs/memorize/memorize_2.png","verbs/memorize/memorize_2.png","preserve_relative_path","","1298836","212c39621e066692b7a8a158ac1a0350154b3c760b2bf1bb4ca9ee7dcea67067","true","1298836","aedbef7a4075c7f9c82016acc5d2587d","image/png","true"
"verbs","skip_verified","/Users/Sean/Desktop/verbs-backup/verbs/memorize/memorize_3.png","verbs/memorize/memorize_3.png","preserve_relative_path","","1816828","713af57fde9faf561c7a580591e9c609c4b4cf61f3485bff6ab86f1c4eae6ac0","true","1816828","1dba7d217827dd9d4e279c8ce5f8f96c","image/png","true"
"verbs","skip_verified","/Users/Sean/Desktop/verbs-backup/verbs/need/need_1.png","verbs/need/need_1.png","preserve_relative_path","","2637499","0f369dbfd235f441b8f552138394f29602b9831f5953393968844f20430637bc","true","2637499","483e329358422a0c94a047799e9703c4","image/png","true"
"verbs","skip_verified","/Users/Sean/Desktop/verbs-backup/verbs/need/need_2.png","verbs/need/need_2.png","preserve_relative_path","","656209","a49ab43e1ba1c52fd7bd8938bc3d944db8d505415e9b65853f69e4418d435d1f","true","656209","c138f26634c2d4306f598fccb3634795","image/png","true"
"verbs","skip_verified","/Users/Sean/Desktop/verbs-backup/verbs/need/need_3.png","verbs/need/need_3.png","preserve_relative_path","","2774403","d12d0609a9b65ea31271ded0a4b96f6ced16d91a7c63dfc24554d4eba22c42d8","true","2774403","cc168cd599203beb619bc812e746a77c","image/png","true"
"verbs","skip_verified","/Users/Sean/Desktop/verbs-backup/verbs/open_your_book/open_your_book_1.png","verbs/open_your_book/open_your_book_1.png","preserve_relative_path","","1619044","ffd01efe1bd2b97c2794be1cbd81820ea71c0a6a47513a77ae0ff6a4a3eb3d4f","true","1619044","ad9e60166ac95730940d99db1d65822c","image/png","true"
"verbs","skip_verified","/Users/Sean/Desktop/verbs-backup/verbs/open_your_book/open_your_book_2.png","verbs/open_your_book/open_your_book_2.png","preserve_relative_path","","1817996","5368e1f1f023cd520d936d386091e26e715683e61fedc392c66a3c9b8f72c787","true","1817996","8c230e9f4314970b5116e1ea8c417d9a","image/png","true"
"verbs","skip_verified","/Users/Sean/Desktop/verbs-backup/verbs/open_your_book/open_your_book_3.png","verbs/open_your_book/open_your_book_3.png","preserve_relative_path","","1939187","27c1da48c45006fe0af8024700a6f7cf93689fbe14abbe2292dd12e07a83e4fb","true","1939187","d03c7aedd28cd2d96be1d8f547f20713","image/png","true"
"verbs","skip_verified","/Users/Sean/Desktop/verbs-backup/verbs/open/open_1.png","verbs/open/open_1.png","preserve_relative_path","","2492669","4641ca95a815a83925a0876762e5aab7a3e22c3da8593ec7337dfade6014504b","true","2492669","fe6086b220422db2f8b31ae5c6058a84-1","image/png","true"
"verbs","skip_verified","/Users/Sean/Desktop/verbs-backup/verbs/open/open_2.png","verbs/open/open_2.png","preserve_relative_path","","2451871","8a4a014816946dbd5624ac1962be3ade61a875cb4bdfea0e7865beff997bc59d","true","2451871","1959a43b0253da9a8428b8b53e49232a-1","image/png","true"
"verbs","skip_verified","/Users/Sean/Desktop/verbs-backup/verbs/open/open_3.png","verbs/open/open_3.png","preserve_relative_path","","2797463","c17090c9185d67734681939cf2ca4cd4c30b759de11dd86aef919208b75ead64","true","2797463","5a226c64a909aaa225788c9ab278a70a-1","image/png","true"
"verbs","skip_verified","/Users/Sean/Desktop/verbs-backup/verbs/paint/paint_1.png","verbs/paint/paint_1.png","preserve_relative_path","","2453981","3d523ada22f92e2b92d3a4daf84168371c7b80349abaa98a49503f853fe61a6b","true","2453981","941cbe86dab6f37fbbd7e46899b2cdf6-1","image/png","true"
"verbs","skip_verified","/Users/Sean/Desktop/verbs-backup/verbs/paint/paint_2.png","verbs/paint/paint_2.png","preserve_relative_path","","2471273","43fa1355972b73bac6f6f62ef6fad235e2173faa04e9180f5a9e0d577f12f527","true","2471273","b5a6af286f440a97d89a4fef70a6bd90-1","image/png","true"
"verbs","skip_verified","/Users/Sean/Desktop/verbs-backup/verbs/paint/paint_3.png","verbs/paint/paint_3.png","preserve_relative_path","","2774169","b2fb9d2c83a827107afd05a6484d199d87ab4867fc0a27124e3ee5412a75b4ff","true","2774169","1819f431d7dc6762cc97bfe7c370ab81-1","image/png","true"
"verbs","skip_verified","/Users/Sean/Desktop/verbs-backup/verbs/plan/plan_1.png","verbs/plan/plan_1.png","preserve_relative_path","","2741010","895a88d4d1f82366935fe51b8072e518708c559b052fa74516656513011b4ee3","true","2741010","f7e7248f52784945fa22c0bfe4fc61f5","image/png","true"
"verbs","skip_verified","/Users/Sean/Desktop/verbs-backup/verbs/plan/plan_2.png","verbs/plan/plan_2.png","preserve_relative_path","","2428366","1d45ba6d88fd59338343bf9a6cc1e9d581d949bd941fcba9260ea298a632c112","true","2428366","afe0131107848c086b60b0737a21392e","image/png","true"
"verbs","skip_verified","/Users/Sean/Desktop/verbs-backup/verbs/plan/plan_3.png","verbs/plan/plan_3.png","preserve_relative_path","","2797119","40b07ff88559105028b187c1a0cd71838d63e70330acab4497d08440a70e2bc2","true","2797119","5fd230962b155997e2f494c3c1140c91","image/png","true"
"verbs","skip_verified","/Users/Sean/Desktop/verbs-backup/verbs/play_a_computer_game/play_a_computer_game_1.png","verbs/play_a_computer_game/play_a_computer_game_1.png","preserve_relative_path","","1111587","7d4544f36b3bda484977de1ba9560ea675fdccae7a670ed52f6b31b0efd2ec0b","true","1111587","48f446594a386eec27877a474d0beeea","image/png","true"
"verbs","skip_verified","/Users/Sean/Desktop/verbs-backup/verbs/play_a_computer_game/play_a_computer_game_2.png","verbs/play_a_computer_game/play_a_computer_game_2.png","preserve_relative_path","","655217","b4f7122de6b74eb543368b0bd2240f9ed761b2df52f15d74e449e145a92736d9","true","655217","bedd8c5a76bd99aa40510377e38a8cd2","image/png","true"
"verbs","skip_verified","/Users/Sean/Desktop/verbs-backup/verbs/play_a_computer_game/play_a_computer_game_3.png","verbs/play_a_computer_game/play_a_computer_game_3.png","preserve_relative_path","","789980","3e0f97790f34ac370ea65e63b1603b537de8402e4b0fa29dbc5350a82edb9d67","true","789980","cb202bf4c837c84c0d4263676d35e001","image/png","true"
"verbs","skip_verified","/Users/Sean/Desktop/verbs-backup/verbs/play_a_game/play_a_game_1.png","verbs/play_a_game/play_a_game_1.png","preserve_relative_path","","1762481","4f287b07b7f24d8220a74bea8f98e4cc92905fde72e7b7df4383f7dccd8fb49a","true","1762481","60eb1a06bd817eced954c9dbec4b2464","image/png","true"
"verbs","skip_verified","/Users/Sean/Desktop/verbs-backup/verbs/play_a_game/play_a_game_2.png","verbs/play_a_game/play_a_game_2.png","preserve_relative_path","","541569","890a95cd3447ca98b020db466fece806f2caa000e8ad75cbccb332d661e1f712","true","541569","bd52f9e9e61bd600281ea97d7606e0ef","image/png","true"
"verbs","skip_verified","/Users/Sean/Desktop/verbs-backup/verbs/play_a_game/play_a_game_3.png","verbs/play_a_game/play_a_game_3.png","preserve_relative_path","","1996391","ee55c4fb3717dbb480233805f062f720ff5a55ccd47d6e18382d8bff60741772","true","1996391","d237c547e610ae358b320c5078ea75c2","image/png","true"
"verbs","skip_verified","/Users/Sean/Desktop/verbs-backup/verbs/play_hopscotch/play_hopscotch_1.png","verbs/play_hopscotch/play_hopscotch_1.png","preserve_relative_path","","1696428","90d58625ddff5d0b88f9eb1ac9cfb1ad26c05dbf2807484c3b8673b100fbcd3a","true","1696428","557d490d99887762c05c780535b974ba","image/png","true"
"verbs","skip_verified","/Users/Sean/Desktop/verbs-backup/verbs/play_hopscotch/play_hopscotch_2.png","verbs/play_hopscotch/play_hopscotch_2.png","preserve_relative_path","","1666627","98c38b447e5787ab84d4413dd067be7659c386d8679c272b106ae5bde90a0740","true","1666627","b54c230fa214655deed52e1d869d4165","image/png","true"
"verbs","skip_verified","/Users/Sean/Desktop/verbs-backup/verbs/play_hopscotch/play_hopscotch_3.png","verbs/play_hopscotch/play_hopscotch_3.png","preserve_relative_path","","1873980","63e823a6ca4958bf8ff4b322072c44f9f5f8a01e634a4405f1e35892541cef37","true","1873980","ff5160f1c117e21d3829a728b0a9303c","image/png","true"
"verbs","skip_verified","/Users/Sean/Desktop/verbs-backup/verbs/play_inside/play_inside_1.png","verbs/play_inside/play_inside_1.png","preserve_relative_path","","1836038","62ccd5d28187a46ce47c9df41adb956dde0f64e0d6bf1c7b89294b45a3cff1f9","true","1836038","b06904cf52519bc00ceda023a5b0d9bd","image/png","true"
"verbs","skip_verified","/Users/Sean/Desktop/verbs-backup/verbs/play_inside/play_inside_2.png","verbs/play_inside/play_inside_2.png","preserve_relative_path","","1686684","c1e86174a043f80f156926438eedc0c81bf3a3b561422a4b134fc2e98c2538ef","true","1686684","53b4175657f93068db842c88c205e193","image/png","true"
"verbs","skip_verified","/Users/Sean/Desktop/verbs-backup/verbs/play_inside/play_inside_3.png","verbs/play_inside/play_inside_3.png","preserve_relative_path","","1851253","414b9d1ccfad1d54e9a3decccfcccf0dd00cf8bd1d1746b2b7de310a07d5df6e","true","1851253","b67e6e3a10a228c3f74184910690d0e0","image/png","true"
"verbs","skip_verified","/Users/Sean/Desktop/verbs-backup/verbs/play_outside/play_outside_1.png","verbs/play_outside/play_outside_1.png","preserve_relative_path","","1909820","49b0ceb11c38678d22cb76628a84cdedd6057e8c7d270437c7e2af995e925946","true","1909820","870fffdc0ab16461eee503112068812c","image/png","true"
"verbs","skip_verified","/Users/Sean/Desktop/verbs-backup/verbs/play_outside/play_outside_2.png","verbs/play_outside/play_outside_2.png","preserve_relative_path","","639459","6a1eaa8fa16e6bbf5db41f35dda93ee85462f7527348e0f2c6dfcaf81a94d0fa","true","639459","da52572dcfebcd8ef535d28f8118c231","image/png","true"
"verbs","skip_verified","/Users/Sean/Desktop/verbs-backup/verbs/play_outside/play_outside_3.png","verbs/play_outside/play_outside_3.png","preserve_relative_path","","766663","65406122347d4fbd213c004f6484c6a981262641cfaa19efb05e889712601060","true","766663","9116984b6cebff24fa94461e2a839fcc","image/png","true"
"verbs","skip_verified","/Users/Sean/Desktop/verbs-backup/verbs/play/play_1.png","verbs/play/play_1.png","preserve_relative_path","","2438962","9353296b911dc5ba6a939f153e20eced9142379c93ff1a82837675d7554640bf","true","2438962","553596a363d6b784de24c26c615f2507-1","image/png","true"
"verbs","skip_verified","/Users/Sean/Desktop/verbs-backup/verbs/play/play_2.png","verbs/play/play_2.png","preserve_relative_path","","2472776","a261e80796ae9b69e3e18417c2759592332293b5c3af414ff4c6d1037c49809f","true","2472776","ccb5124c18d689d675081d087f56b78e-1","image/png","true"
"verbs","skip_verified","/Users/Sean/Desktop/verbs-backup/verbs/play/play_3.png","verbs/play/play_3.png","preserve_relative_path","","2626044","a391d4726704ed3615bb34bc7efdbc096aae45f8cbd2a089037c8c5801adaf6e","true","2626044","8981ffc30f69970e8711fc6ae51fbf4f-1","image/png","true"
"verbs","skip_verified","/Users/Sean/Desktop/verbs-backup/verbs/pull/pull_1.png","verbs/pull/pull_1.png","preserve_relative_path","","2484893","fcb3f67fcd93346d8b9cd225a3b78cd776577ef9c8d6fde682f087d4d94f2547","true","2484893","a136f46f88f7f50d384a336e0f729847-1","image/png","true"
"verbs","skip_verified","/Users/Sean/Desktop/verbs-backup/verbs/pull/pull_2.png","verbs/pull/pull_2.png","preserve_relative_path","","2462400","842d181f66dc399e598f8ccd94c880902be0fbc9870a79b418896c046f42f127","true","2462400","3d96b1bf7709ed1752c7a49b6f6e67f6-1","image/png","true"
"verbs","skip_verified","/Users/Sean/Desktop/verbs-backup/verbs/pull/pull_3.png","verbs/pull/pull_3.png","preserve_relative_path","","2502836","4dd56ff91604967557112c485bea82383b281d4891ff2f09b713d96e630636b5","true","2502836","2871b1c181658518353a238128cf46cf-1","image/png","true"
"verbs","skip_verified","/Users/Sean/Desktop/verbs-backup/verbs/push/push_1.png","verbs/push/push_1.png","preserve_relative_path","","2350451","e9e5b29a7f5517355e738fc4bb09df4a29023372efe5582d40e7950441fb84c6","true","2350451","214f83c84e1e0bce4a2ba12da3be7f65-1","image/png","true"
"verbs","skip_verified","/Users/Sean/Desktop/verbs-backup/verbs/push/push_2.png","verbs/push/push_2.png","preserve_relative_path","","2368896","905cbe7ab9f482de7bf64674a7ef37c9f5c63c5297eb339624808f4a6ff49621","true","2368896","22b5d97ea8bb97030411493e21767264-1","image/png","true"
"verbs","skip_verified","/Users/Sean/Desktop/verbs-backup/verbs/push/push_3.png","verbs/push/push_3.png","preserve_relative_path","","2838967","82322c21460176f52f1f0dc3b91da17d3e315bd7444ecf8bf601a84566ef4406","true","2838967","b2c99223c3a40db728edb01c8b0a15cd-1","image/png","true"
"verbs","skip_verified","/Users/Sean/Desktop/verbs-backup/verbs/put_up_the_tent/put_up_ the_tent_3.png","verbs/put_up_the_tent/put_up_ the_tent_3.png","preserve_relative_path","","935277","9d40ff2e69128935c093b3bc42dfa8fbaa95e3e29dff107c174cb927fdf8721f","true","935277","b58c6e8ec12b447f969711386f9cf128","image/png","false"
"verbs","skip_verified","/Users/Sean/Desktop/verbs-backup/verbs/put_up_the_tent/put_up_the_tent_1.png","verbs/put_up_the_tent/put_up_the_tent_1.png","preserve_relative_path","","692230","3c8e75df1135f7dbb87496cb83458a80797a9e1abbf00edcefe278a000685544","true","692230","cc2912f95674ff0b7961ba9d45aa3552","image/png","true"
"verbs","skip_verified","/Users/Sean/Desktop/verbs-backup/verbs/put_up_the_tent/put_up_the_tent_2.png","verbs/put_up_the_tent/put_up_the_tent_2.png","preserve_relative_path","","853237","e2f15de5e3a85024a62fde35dcb7231a4132c172130de7deb0a1bd270a7893ff","true","853237","7a2ca932f52d1454802fc452722028a2","image/png","true"
"verbs","skip_verified","/Users/Sean/Desktop/verbs-backup/verbs/put_your_shoes_on/put_your_shoes_on_1.png","verbs/put_your_shoes_on/put_your_shoes_on_1.png","preserve_relative_path","","561235","265c7cdc01678025b2ff020c48f0c2dfe59571dec30f5d385544637fb5ab0e9d","true","561235","630fe78afedbff19f854e659768a860e","image/png","true"
"verbs","skip_verified","/Users/Sean/Desktop/verbs-backup/verbs/put_your_shoes_on/put_your_shoes_on_2.png","verbs/put_your_shoes_on/put_your_shoes_on_2.png","preserve_relative_path","","709973","bcbefa1a7530e9847a2694a87405bac941dafa8de4baedde705565344639c309","true","709973","73c24c4b9a95e6472d656661efe88cbd","image/png","true"
"verbs","skip_verified","/Users/Sean/Desktop/verbs-backup/verbs/put_your_shoes_on/put_your_shoes_on_3.png","verbs/put_your_shoes_on/put_your_shoes_on_3.png","preserve_relative_path","","736261","3d75ea4d302b61a506171d8661c595d24fb40a4103b9d2a7853c87a18943e1b6","true","736261","51b3852447f4852ebfdda5b789bd63a4","image/png","true"
"verbs","skip_verified","/Users/Sean/Desktop/verbs-backup/verbs/raise_your_hand/raise_your_hand_1.png","verbs/raise_your_hand/raise_your_hand_1.png","preserve_relative_path","","1715405","d22060389c8d6b41e79fe26a25ad9bc57697870da1893397ae219b8b680831b7","true","1715405","5abd4ceba8f99db1f7251aef333447a7","image/png","true"
"verbs","skip_verified","/Users/Sean/Desktop/verbs-backup/verbs/raise_your_hand/raise_your_hand_2.png","verbs/raise_your_hand/raise_your_hand_2.png","preserve_relative_path","","1656712","3101797ed54fce2cfaa8a2aae96f9a626a88a6da4c97841d243ccb90f487c49d","true","1656712","8d3e302ca143165fb26dc9559178648f","image/png","true"
"verbs","skip_verified","/Users/Sean/Desktop/verbs-backup/verbs/raise_your_hand/raise_your_hand_3.png","verbs/raise_your_hand/raise_your_hand_3.png","preserve_relative_path","","1280356","d8b6406c70cf2d302b35d093f4879193eb2f36e45407ddba3f3069dcfd897610","true","1280356","3f84b0763e44cf0520078017cb22a8ac","image/png","true"
"verbs","skip_verified","/Users/Sean/Desktop/verbs-backup/verbs/read/read_1.png","verbs/read/read_1.png","preserve_relative_path","","1674505","e015e4734680add99b746939bcfaccd9d097acef086930ba5c1b7c1a92adf1d1","true","1674505","11a63403bb37ab24ce9204ea429b213e","image/png","false"
"verbs","skip_verified","/Users/Sean/Desktop/verbs-backup/verbs/read/read_2.png","verbs/read/read_2.png","preserve_relative_path","","1730780","c41d0a99b4065249194a24a6ecde611530e717f36c1753fbe3065436be83cbdd","true","1730780","d9d3034f60355c57b37f7906ad9dc307","image/png","false"
"verbs","skip_verified","/Users/Sean/Desktop/verbs-backup/verbs/read/read_3.png","verbs/read/read_3.png","preserve_relative_path","","1813149","9f6ef39b6326fda844151f6724a9541082b9f8f8c7ea65e62ac73ddda31665dd","true","1813149","15312b608f3eba122acc310dbf093ebd","image/png","false"
"verbs","skip_verified","/Users/Sean/Desktop/verbs-backup/verbs/remember/remember_1.png","verbs/remember/remember_1.png","preserve_relative_path","","2853545","9d0196ad42bcef2f6cc16ac485b77ae97bcbbc7ae356c892b82e298a3cc50087","true","2853545","17f4b88e06175da2e66a1fb2bcebff30","image/png","false"
"verbs","skip_verified","/Users/Sean/Desktop/verbs-backup/verbs/remember/remember_2.png","verbs/remember/remember_2.png","preserve_relative_path","","2795563","19ecab0c78dc9acd568e677561b1d86eb85ee8d01f65daa6f68de9c65be47012","true","2795563","d3f8ef098b1bde66ae399ef4529986d6","image/png","false"
"verbs","skip_verified","/Users/Sean/Desktop/verbs-backup/verbs/remember/remember_3.png","verbs/remember/remember_3.png","preserve_relative_path","","2998482","486de65b2fdb63873f7239ea4318ced1ef4000455f6c35492a1b1d6cd5ca69c8","true","2998482","80a6754d9fb0b443e93de5aeafb6740e","image/png","false"
"verbs","skip_verified","/Users/Sean/Desktop/verbs-backup/verbs/reply/reply_1.png","verbs/reply/reply_1.png","preserve_relative_path","","2588236","42e2a78908d42bc8e7c65a5b00926ee0ac69529c0fd2861670f330b9716c45da","true","2588236","2c6354208e93bcb06b14ed558f869ead","image/png","false"
"verbs","skip_verified","/Users/Sean/Desktop/verbs-backup/verbs/reply/reply_2.png","verbs/reply/reply_2.png","preserve_relative_path","","2495228","55530f9960ab8420914a7dae26b3361ef3f4efd34ab5170af9546f466a1f5331","true","2495228","df94d1d6dd963354fe7ca3230ef003be","image/png","false"
"verbs","skip_verified","/Users/Sean/Desktop/verbs-backup/verbs/reply/reply_3.png","verbs/reply/reply_3.png","preserve_relative_path","","2706305","55582afb29547779c00029a9aee9f8828c83d882ca1426d990dc194f3efbfd74","true","2706305","39bb637be8c0e925efe22850b9aafee9","image/png","false"
"verbs","skip_verified","/Users/Sean/Desktop/verbs-backup/verbs/ride/ride_1.png","verbs/ride/ride_1.png","preserve_relative_path","","2400584","4270ce7752084a8421fb502ebab7569081364563432c17a513143e41bf6fbc15","true","2400584","d79b8c0d8426e4f97ad67501b6f8ad55-1","image/png","true"
"verbs","skip_verified","/Users/Sean/Desktop/verbs-backup/verbs/ride/ride_2.png","verbs/ride/ride_2.png","preserve_relative_path","","2415458","daf1ffc84ffe0707190c65f3f1b56ecde466784f4fd449e6e65d2d547f344832","true","2415458","bde5fab685826e2070ab35e33dc4d83f-1","image/png","true"
"verbs","skip_verified","/Users/Sean/Desktop/verbs-backup/verbs/ride/ride_3.png","verbs/ride/ride_3.png","preserve_relative_path","","2621394","313261d70e1c41e07050f90ea473824a8a08650f92dbd71d949963901dc012f8","true","2621394","3173d636bb8724d50c2802f36115de84-1","image/png","true"
"verbs","skip_verified","/Users/Sean/Desktop/verbs-backup/verbs/run/run_1.png","verbs/run/run_1.png","preserve_relative_path","","2375747","da59b10592ad57bc973156fa3d7350bd57724925b74dabb53ad4f63c36a438f0","true","2375747","ffa8bd65c378c37b3aaf25fff892ffc3-1","image/png","true"
"verbs","skip_verified","/Users/Sean/Desktop/verbs-backup/verbs/run/run_2.png","verbs/run/run_2.png","preserve_relative_path","","2453541","6258c85c0fa53e3d0895222b1cd0b0ecad1e404d35d98cfcc2bcefaa81ffc51b","true","2453541","1728815388f261286ca3a2b88fe906f1-1","image/png","true"
"verbs","skip_verified","/Users/Sean/Desktop/verbs-backup/verbs/run/run_3.png","verbs/run/run_3.png","preserve_relative_path","","2570742","8b44fffe93e39705bc51e0ebbba081118bd299009c1a17518e4983062089e358","true","2570742","3982aa19f2bb2c54c72f83ca02cbf1f1-1","image/png","true"
"verbs","skip_verified","/Users/Sean/Desktop/verbs-backup/verbs/save_money/save_money_1.png","verbs/save_money/save_money_1.png","preserve_relative_path","","1879825","9b7b4a94241c17c0551799ef7d1c974405216712511276e53ef4da33e88cba25","true","1879825","d78c58896ecfc3355d176296977d99b9","image/png","true"
"verbs","skip_verified","/Users/Sean/Desktop/verbs-backup/verbs/save_money/save_money_2.png","verbs/save_money/save_money_2.png","preserve_relative_path","","1856413","8f1f5bed4acc2a718cbb681ebdc5ced975bc1441398e416eacb9c732418b41b1","true","1856413","f678e6e040151e44105cde4dbc5a0591","image/png","true"
"verbs","skip_verified","/Users/Sean/Desktop/verbs-backup/verbs/save_money/save_money_3.png","verbs/save_money/save_money_3.png","preserve_relative_path","","2073065","aeb08f0074e0d0fd2593f664cac6e45688cf0e2dcc397778313cc3c766b73830","true","2073065","aa7bbab322bf1627bb460713ce0a8016","image/png","true"
"verbs","skip_verified","/Users/Sean/Desktop/verbs-backup/verbs/say_goodbye/say_goodbye_1.png","verbs/say_goodbye/say_goodbye_1.png","preserve_relative_path","","1621983","94876f5d219a75df752a7e2f52acdcd25205b7f0c4d7de4c2ada39ddb18fb57b","true","1621983","0a16e4fd8f0910f9ebffb37136b13dc9","image/png","true"
"verbs","skip_verified","/Users/Sean/Desktop/verbs-backup/verbs/say_goodbye/say_goodbye_2.png","verbs/say_goodbye/say_goodbye_2.png","preserve_relative_path","","413791","1044681a3462f75a6bee846b5b66ea513d37ec538ac873a6a8b6d861e08e1663","true","413791","92ecbd881f5cf2d934f39306fda46487","image/png","true"
"verbs","skip_verified","/Users/Sean/Desktop/verbs-backup/verbs/say_goodbye/say_goodbye_3.png","verbs/say_goodbye/say_goodbye_3.png","preserve_relative_path","","780986","120395ac1a884ef3d9631a44170e62f4753f637b5f99b9cd65b670faec8113c5","true","780986","f7d7a66d5abc6c177ec5231f8b470cab","image/png","true"
"verbs","skip_verified","/Users/Sean/Desktop/verbs-backup/verbs/say_hello/say_hello_1.png","verbs/say_hello/say_hello_1.png","preserve_relative_path","","1661083","1e50b0eaa824e27d98b9746dc9e491a789f7243c286051a7747ad24df33e6e24","true","1661083","450b6291cb9e50d936ce33a3079197bb","image/png","true"
"verbs","skip_verified","/Users/Sean/Desktop/verbs-backup/verbs/say_hello/say_hello_2.png","verbs/say_hello/say_hello_2.png","preserve_relative_path","","1657495","1c8e91deae9c4bf5b9318ee34e3c3ed8a5b9766e1c8f132cee39c41b3ea04c92","true","1657495","a103c0c75f83bd10cc5c34fec6facefe","image/png","true"
"verbs","skip_verified","/Users/Sean/Desktop/verbs-backup/verbs/say_hello/say_hello_3.png","verbs/say_hello/say_hello_3.png","preserve_relative_path","","1965867","eaed2fbce18ccb5822eedaf26d80bbc9d4e577c77b4e9501e986fdae65e457c7","true","1965867","99cc5ec56d9a00c26480dc526052015b","image/png","true"
"verbs","skip_verified","/Users/Sean/Desktop/verbs-backup/verbs/say/say_1.png","verbs/say/say_1.png","preserve_relative_path","","2419932","d276714396b834d7daff4ef7e5720e6a43120cb3ece493c38c7b837534ecd1ed","true","2419932","77b44f70ff86446385b330459399389f","image/png","true"
"verbs","skip_verified","/Users/Sean/Desktop/verbs-backup/verbs/say/say_2.png","verbs/say/say_2.png","preserve_relative_path","","2451078","7413b5589cb09d8b928802f63ac0787fa2afe5964d0c6ce3a730e42ae4f382ff","true","2451078","9b135b1d32586337e4db0648a50511e3","image/png","true"
"verbs","skip_verified","/Users/Sean/Desktop/verbs-backup/verbs/say/say_3.png","verbs/say/say_3.png","preserve_relative_path","","2613173","9e476a093914037e4da6c860e1354f99e6e1966ea099089b7d0646b3796ff9cc","true","2613173","1732caaaa5eb008261a91bc982379912","image/png","true"
"verbs","skip_verified","/Users/Sean/Desktop/verbs-backup/verbs/see/see_1.png","verbs/see/see_1.png","preserve_relative_path","","1614940","86b34a61a374e6d1adf3a1e557f18a9f77d947d9c0abd29fa8f207fcf758e236","true","1614940","73fad99d1850909edfe048b8f1a3310e","image/png","true"
"verbs","skip_verified","/Users/Sean/Desktop/verbs-backup/verbs/see/see_2.png","verbs/see/see_2.png","preserve_relative_path","","1598946","f697e4f719fbff8c48dedc5097d51aafd393f57c3b80bcf1fb2cd47cc7ce4807","true","1598946","28a9d5f1da68621e4a5523a6e67a9f60","image/png","true"
"verbs","skip_verified","/Users/Sean/Desktop/verbs-backup/verbs/see/see_3.png","verbs/see/see_3.png","preserve_relative_path","","1763550","986b1f0b3afabc448cf23d5c7ce04092541f3223c399231255f5cfec331568f6","true","1763550","2f7e5406167cbd8d069419a12810f7fc","image/png","true"
"verbs","skip_verified","/Users/Sean/Desktop/verbs-backup/verbs/shout/shout_1.png","verbs/shout/shout_1.png","preserve_relative_path","","2326369","bff772e979b97d5dc83368afe2bd3793985f7078ac1e1ece3c5d54b1f0731e2f","true","2326369","bdf6a1304b8a34cb7df5d3418c0e5402","image/png","true"
"verbs","skip_verified","/Users/Sean/Desktop/verbs-backup/verbs/shout/shout_2.png","verbs/shout/shout_2.png","preserve_relative_path","","2320850","01f72141a4c2f3e65c1649f5e322a7f59b2533a5471663480f1af82ee14c9aaf","true","2320850","067572cf0a90219c2b799b34f76bea02","image/png","true"
"verbs","skip_verified","/Users/Sean/Desktop/verbs-backup/verbs/shout/shout_3.png","verbs/shout/shout_3.png","preserve_relative_path","","1772663","be3c117e65f19dd367778fad2c98284ad75f36c229ea89fa54462a3d46e47924","true","1772663","4b5d0998dcca7535bfa4130f368243e3","image/png","true"
"verbs","skip_verified","/Users/Sean/Desktop/verbs-backup/verbs/sing/sing_1.png","verbs/sing/sing_1.png","preserve_relative_path","","2570334","6a7f484d250cf394803a1971d2cd168694629f3ab6e71ca378ff2677892569c6","true","2570334","d9c5f15c031915e5139a37953490e3ae","image/png","true"
"verbs","skip_verified","/Users/Sean/Desktop/verbs-backup/verbs/sing/sing_2.png","verbs/sing/sing_2.png","preserve_relative_path","","2350411","b28ed44243b542d37714038495974dd4d5b8bc6ebe8d54d1412faeeb0844888b","true","2350411","5520aab063b17c096be9dcabe734f568","image/png","true"
"verbs","skip_verified","/Users/Sean/Desktop/verbs-backup/verbs/sing/sing_3.png","verbs/sing/sing_3.png","preserve_relative_path","","3060331","1d0118e989e474bc3703aed52058b74c872d4f767d95d38aa435075ac3633c95","true","3060331","581374ff9ca03f99e044120a731a9b49","image/png","true"
"verbs","skip_verified","/Users/Sean/Desktop/verbs-backup/verbs/sit_down/sit_down_1.png","verbs/sit_down/sit_down_1.png","preserve_relative_path","","2342095","513310c7850b9570cf8991b775d51b4384af1894376f3519b61a13120ac02fc1","true","2342095","823151d3380ea1cc522551a841e87aff","image/png","true"
"verbs","skip_verified","/Users/Sean/Desktop/verbs-backup/verbs/sit_down/sit_down_2.png","verbs/sit_down/sit_down_2.png","preserve_relative_path","","2332624","9dfabd8a62c240803530e1f7126c80a7561d9815f65a6b3e9a37e4668ffe2971","true","2332624","3586d4c13098aeb38ff730aecf53755d","image/png","true"
"verbs","skip_verified","/Users/Sean/Desktop/verbs-backup/verbs/sit_down/sit_down_3.png","verbs/sit_down/sit_down_3.png","preserve_relative_path","","2612226","6bd02c55d23a381f9be558e546e1f03a0c551ec10731f46b5a963281e8536bbb","true","2612226","9b6e132f33f9816d8a1687190a7028f4","image/png","true"
"verbs","skip_verified","/Users/Sean/Desktop/verbs-backup/verbs/sit/sit_1.png","verbs/sit/sit_1.png","preserve_relative_path","","2342095","513310c7850b9570cf8991b775d51b4384af1894376f3519b61a13120ac02fc1","true","2342095","e04129deeefddf13e2ffa9d9df4e47cb-1","image/png","true"
"verbs","skip_verified","/Users/Sean/Desktop/verbs-backup/verbs/sit/sit_2.png","verbs/sit/sit_2.png","preserve_relative_path","","2332624","9dfabd8a62c240803530e1f7126c80a7561d9815f65a6b3e9a37e4668ffe2971","true","2332624","68878c32670552b302ca87d3f80152b4-1","image/png","true"
"verbs","skip_verified","/Users/Sean/Desktop/verbs-backup/verbs/sit/sit_3.png","verbs/sit/sit_3.png","preserve_relative_path","","2612226","6bd02c55d23a381f9be558e546e1f03a0c551ec10731f46b5a963281e8536bbb","true","2612226","005da03acbe943b707857179d43b14e9-1","image/png","true"
"verbs","skip_verified","/Users/Sean/Desktop/verbs-backup/verbs/sleep/skateboard_1.png","verbs/sleep/skateboard_1.png","preserve_relative_path","","2516823","b2506a16dc452d93572d48820abd8e3b799a87f99f016b89e9818554cc580c98","true","2516823","9da11e304f98b8eff891b0ad5c979ef9","image/png","false"
"verbs","skip_verified","/Users/Sean/Desktop/verbs-backup/verbs/sleep/skateboard_2.png","verbs/sleep/skateboard_2.png","preserve_relative_path","","2523488","44e31eb909e440dda6442c134ab4fbb7f1f1392de7a301d708e8b2e129dc9194","true","2523488","86949e9ed3071c318f6413762a26ef45","image/png","false"
"verbs","skip_verified","/Users/Sean/Desktop/verbs-backup/verbs/sleep/skateboard_3.png","verbs/sleep/skateboard_3.png","preserve_relative_path","","3013911","33429641c4d9d9a6f5f3df46b7d9224694eeb150d1ac336dfd328a915ff25422","true","3013911","026be9055995900a12cfdf49ab9753ee","image/png","false"
"verbs","skip_verified","/Users/Sean/Desktop/verbs-backup/verbs/sleep/sleep_1.png","verbs/sleep/sleep_1.png","preserve_relative_path","","1643852","845671f9a5b84e3cb64cd4b4d7ba9bb05620e9dc04d8f85a400be1561e518e6c","true","1643852","057de099c9b71b54006b169f629ff1af","image/png","true"
"verbs","skip_verified","/Users/Sean/Desktop/verbs-backup/verbs/sleep/sleep_2.png","verbs/sleep/sleep_2.png","preserve_relative_path","","1634824","da8038acd82c1d893e5f76b4c69765d1c0593912b8d959e5b597835352dd8a79","true","1634824","db0a8ecba42e13928f9c2b145cedc083","image/png","true"
"verbs","skip_verified","/Users/Sean/Desktop/verbs-backup/verbs/sleep/sleep_3.png","verbs/sleep/sleep_3.png","preserve_relative_path","","2021370","7b1fd22ab0904658cde813af65f1533f94df669571da96b080c82719f4e8055d","true","2021370","17932d35d57992df1dee8c580678d46c","image/png","true"
"verbs","skip_verified","/Users/Sean/Desktop/verbs-backup/verbs/smell/smell_1.png","verbs/smell/smell_1.png","preserve_relative_path","","1738953","04d916b8dae892d132ae83fee96a9bf24371a6998de369c08afbac2cccc10e9c","true","1738953","a274d979b5fca9d564dd6452998f9901","image/png","true"
"verbs","skip_verified","/Users/Sean/Desktop/verbs-backup/verbs/smell/smell_2.png","verbs/smell/smell_2.png","preserve_relative_path","","1646363","c50347f381e5301f3e7d1b49c4097838ecc1d053173d6ca0f4d73ddd588bcfb4","true","1646363","e1091c1fa59c316916071029710306fd","image/png","true"
"verbs","skip_verified","/Users/Sean/Desktop/verbs-backup/verbs/smell/smell_3.png","verbs/smell/smell_3.png","preserve_relative_path","","1983686","8f2ae5b20bb47e9349e34a8b93c2e34c442f53b1640855de43da721e651441a4","true","1983686","ed86b7473ce8ee6479e7f2b270227202","image/png","true"
"verbs","skip_verified","/Users/Sean/Desktop/verbs-backup/verbs/smile/smile_1.png","verbs/smile/smile_1.png","preserve_relative_path","","2294190","84b34062c44f02204aa5c79dbd74d2726e9b5f1e4cd9981598a9b67cbbd94f00","true","2294190","3f6478c5e73ebfa1c74f97d2c0d8a215-1","image/png","true"
"verbs","skip_verified","/Users/Sean/Desktop/verbs-backup/verbs/smile/smile_2.png","verbs/smile/smile_2.png","preserve_relative_path","","2293315","9be7dd158c21946ebc2eb8134e315e7ff74b131a7addfd62ed4e1b4299b1be4b","true","2293315","4782af185912fb2d399a39166a20a289-1","image/png","true"
"verbs","skip_verified","/Users/Sean/Desktop/verbs-backup/verbs/smile/smile_3.png","verbs/smile/smile_3.png","preserve_relative_path","","2500802","319be0c4f5c8023af11c8f51e313f0e7408d8da6713a588642f0ea380cac1615","true","2500802","0b6a4032edb081727fa7b5bd4e3f36f6-1","image/png","true"
"verbs","skip_verified","/Users/Sean/Desktop/verbs-backup/verbs/sound/sound_1.png","verbs/sound/sound_1.png","preserve_relative_path","","1561294","aa75c363a64eeb3b80eef4e84831b8f15dd762e4da83f2a6f04d55317196345f","true","1561294","7c92c6ffc57bdf38764b9d497002f866","image/png","true"
"verbs","skip_verified","/Users/Sean/Desktop/verbs-backup/verbs/sound/sound_2.png","verbs/sound/sound_2.png","preserve_relative_path","","1567888","b8af61cb8fa5613066076cdef1dce0191ab4bf6564faf034e4a92a2c81125548","true","1567888","4dacb11a08896baef3a9e5d294db5d30","image/png","true"
"verbs","skip_verified","/Users/Sean/Desktop/verbs-backup/verbs/sound/sound_3.png","verbs/sound/sound_3.png","preserve_relative_path","","1854232","a1238d48ecf68e6baa2093adaf6d51e8e6f9c38cf49fd760a36ee2f173131d98","true","1854232","f7d420fb05a9f8fb9b8ea98f0dd5c10e","image/png","true"
"verbs","skip_verified","/Users/Sean/Desktop/verbs-backup/verbs/speak/speak_1.png","verbs/speak/speak_1.png","preserve_relative_path","","2370583","d9d5853d3deeeefffa2bf736d37d257e565143f6cea7b1fef86896a8738bec13","true","2370583","cf15486069ca4f514ce997d739272bb8","image/png","true"
"verbs","skip_verified","/Users/Sean/Desktop/verbs-backup/verbs/speak/speak_2.png","verbs/speak/speak_2.png","preserve_relative_path","","2373970","458f6df211c1dfeb9073f6cafb327c906e327d3f3c67e03f0e016f3868387cf2","true","2373970","6ce2dcc34061cd124e7f34ca14254487","image/png","true"
"verbs","skip_verified","/Users/Sean/Desktop/verbs-backup/verbs/speak/speak_3.png","verbs/speak/speak_3.png","preserve_relative_path","","2597281","b777ab33ccc2573036bfad24c331773b389acb4a5ba466658fcc3b71b3cf7a58","true","2597281","32e4dc7f45239fa7af6521cd51f37d84","image/png","true"
"verbs","skip_verified","/Users/Sean/Desktop/verbs-backup/verbs/spend/spend_1.png","verbs/spend/spend_1.png","preserve_relative_path","","2853962","791b8250440bf323809062d6050548acd49515062633007331280549b5dd67ca","true","2853962","f7e520fbc189b21acdf5140dcc48bd86-1","image/png","true"
"verbs","skip_verified","/Users/Sean/Desktop/verbs-backup/verbs/spend/spend_2.png","verbs/spend/spend_2.png","preserve_relative_path","","2802612","2d7c8999a0d04a4a68d6279f64b8008ecc8a90d3718eca3402da89fb40c694e4","true","2802612","24b69aab7891af694ddb006076cb443c-1","image/png","true"
"verbs","skip_verified","/Users/Sean/Desktop/verbs-backup/verbs/spend/spend_3.png","verbs/spend/spend_3.png","preserve_relative_path","","2907024","c667ed09853d5d2d94f4dca8620c9f23c2bd13b247243255dfdd0c9ef5a5a54b","true","2907024","1c9419316cbbc6648095877989ac16e5-1","image/png","true"
"verbs","skip_verified","/Users/Sean/Desktop/verbs-backup/verbs/stand_up/stand_up_1.png","verbs/stand_up/stand_up_1.png","preserve_relative_path","","2280293","83c77b88a8609267c6f5eb9ea262dde13a70c93bf46cad12c5de90536053d986","true","2280293","6d1ed545d97cc798e81e462f73af1d78","image/png","true"
"verbs","skip_verified","/Users/Sean/Desktop/verbs-backup/verbs/stand_up/stand_up_2.png","verbs/stand_up/stand_up_2.png","preserve_relative_path","","2294190","84b34062c44f02204aa5c79dbd74d2726e9b5f1e4cd9981598a9b67cbbd94f00","true","2294190","b8c50e591d2805ee92a859cfb2c4514a","image/png","true"
"verbs","skip_verified","/Users/Sean/Desktop/verbs-backup/verbs/stand_up/stand_up_3.png","verbs/stand_up/stand_up_3.png","preserve_relative_path","","2500802","319be0c4f5c8023af11c8f51e313f0e7408d8da6713a588642f0ea380cac1615","true","2500802","fec84de3bb1d853f056bfdc0966f4cbc","image/png","true"
"verbs","skip_verified","/Users/Sean/Desktop/verbs-backup/verbs/stand/stand_1.png","verbs/stand/stand_1.png","preserve_relative_path","","2280293","83c77b88a8609267c6f5eb9ea262dde13a70c93bf46cad12c5de90536053d986","true","2280293","0dd21525548d9baca009051e2aca48dd-1","image/png","true"
"verbs","skip_verified","/Users/Sean/Desktop/verbs-backup/verbs/stand/stand_2.png","verbs/stand/stand_2.png","preserve_relative_path","","2294190","84b34062c44f02204aa5c79dbd74d2726e9b5f1e4cd9981598a9b67cbbd94f00","true","2294190","3f6478c5e73ebfa1c74f97d2c0d8a215-1","image/png","true"
"verbs","skip_verified","/Users/Sean/Desktop/verbs-backup/verbs/stand/stand_3.png","verbs/stand/stand_3.png","preserve_relative_path","","2500802","319be0c4f5c8023af11c8f51e313f0e7408d8da6713a588642f0ea380cac1615","true","2500802","0b6a4032edb081727fa7b5bd4e3f36f6-1","image/png","true"
"verbs","skip_verified","/Users/Sean/Desktop/verbs-backup/verbs/start/start_1.png","verbs/start/start_1.png","preserve_relative_path","","2505286","5d22ec8ecd897acdc61a24a9f369cc5c11d6f7458fae038bb05ba84bf0b53ea4","true","2505286","8e43ac45984bf2455f985c961476c42d-1","image/png","true"
"verbs","skip_verified","/Users/Sean/Desktop/verbs-backup/verbs/start/start_2.png","verbs/start/start_2.png","preserve_relative_path","","2553507","2b832f7db2bec9d1c815ea4695bfa52e0c81361455676dc6ef6878212b1d374d","true","2553507","742afa97e4544e0026519435a9219f82-1","image/png","true"
"verbs","skip_verified","/Users/Sean/Desktop/verbs-backup/verbs/start/start_3.png","verbs/start/start_3.png","preserve_relative_path","","2710521","419af89fb1eca3f7e2d7ea5f11686d1aee6c6625b05ca8c227d3388a6bc59d24","true","2710521","b2d804c230b7ea4cf9dc8c4352c6560a-1","image/png","true"
"verbs","skip_verified","/Users/Sean/Desktop/verbs-backup/verbs/study_english/study_english_1.png","verbs/study_english/study_english_1.png","preserve_relative_path","","860000","57012809b33e261a8042d3b5663421a308441de0395ed8feb4152c95a5f45046","true","860000","77142e93c73b934eec534bc6a657ae29","image/png","true"
"verbs","skip_verified","/Users/Sean/Desktop/verbs-backup/verbs/study_english/study_english_2.png","verbs/study_english/study_english_2.png","preserve_relative_path","","1778826","08383d9020970ade8bf76012d9b53d7697cf9dc58b97def9c70aefe87e9c1c95","true","1778826","679f7e22e7072941a7981a160c17e524","image/png","true"
"verbs","skip_verified","/Users/Sean/Desktop/verbs-backup/verbs/study_english/study_english_3.png","verbs/study_english/study_english_3.png","preserve_relative_path","","1158337","d56cf6beb3187fdf6bb16d60ddbb0771b4f1513d1af99f1ec0c42fb6b6c2f107","true","1158337","76201ee1fec22bc5fa60795d03a28f32","image/png","true"
"verbs","skip_verified","/Users/Sean/Desktop/verbs-backup/verbs/study_math/study_math_1.png","verbs/study_math/study_math_1.png","preserve_relative_path","","1802492","5fa93de90f215d3707f6000ff0c25acf0a1f986d14e024b9d1864c967780f27d","true","1802492","3beffa0919f4b430ba8f2a8b3fee7324","image/png","true"
"verbs","skip_verified","/Users/Sean/Desktop/verbs-backup/verbs/study_math/study_math_2.png","verbs/study_math/study_math_2.png","preserve_relative_path","","1708470","69388940399ccd3983641a6decfb67f1aa11b92c2fc68bea14b293e455637356","true","1708470","a86bd2bcbab8b32fe96251d0ead58379","image/png","true"
"verbs","skip_verified","/Users/Sean/Desktop/verbs-backup/verbs/study_math/study_math_3.png","verbs/study_math/study_math_3.png","preserve_relative_path","","2780487","f6bed509c702d5892bf376fa868b825bc91335b1d37fac17ee7452abf73b9383","true","2780487","a4bfde1a314ad1a54127ecafc5cf3977","image/png","true"
"verbs","skip_verified","/Users/Sean/Desktop/verbs-backup/verbs/study_science/study_science_1.png","verbs/study_science/study_science_1.png","preserve_relative_path","","1761666","4b90b921177d2ee714e81fb60bc1f93eb6515486b52994a9689887d49c50771a","true","1761666","83cb6bbd988621040b486d143e97523d","image/png","true"
"verbs","skip_verified","/Users/Sean/Desktop/verbs-backup/verbs/study_science/study_science_2.png","verbs/study_science/study_science_2.png","preserve_relative_path","","1223983","8106d90c674560d70666ee617d719bd5d663ae0dcee9612935aea562f200eb3d","true","1223983","1a149df587c997469d1062ded8faae88","image/png","true"
"verbs","skip_verified","/Users/Sean/Desktop/verbs-backup/verbs/study_science/study_science_3.png","verbs/study_science/study_science_3.png","preserve_relative_path","","813961","65fb766a3f94d11bcd8d12ac4b5a94f55d7a78e3723bc7c653c5fb3409b4c622","true","813961","b98db31e3b42818c0c42fd14b433cfbb","image/png","true"
"verbs","skip_verified","/Users/Sean/Desktop/verbs-backup/verbs/study/study_1.png","verbs/study/study_1.png","preserve_relative_path","","2646849","ad86e0d281f84eb1cb18d7c531df7febc871e80b991a34fcdb2253f196827f05","true","2646849","4e4e766d75328613f2e715706988b424-1","image/png","true"
"verbs","skip_verified","/Users/Sean/Desktop/verbs-backup/verbs/study/study_2.png","verbs/study/study_2.png","preserve_relative_path","","1866143","8b33fb9f6d57845cce517a2cfaa243c3c850952f75711e9dbf5b7f28d3025d9e","true","1866143","135ee18dc89f8a40282b7ca8293f46aa-1","image/png","true"
"verbs","skip_verified","/Users/Sean/Desktop/verbs-backup/verbs/study/study_3.png","verbs/study/study_3.png","preserve_relative_path","","2854724","eb47601911a409f4f8c2ba076c63c4a4f10eb720467e6f181189740fd5be5a85","true","2854724","8f75cbfbdebff607d00a4fa96d3b9197-1","image/png","true"
"verbs","skip_verified","/Users/Sean/Desktop/verbs-backup/verbs/swim/swim_1.png","verbs/swim/swim_1.png","preserve_relative_path","","2452541","41bb0f0dd601b9dde6fe422a9c1ee8368be573495fe1b7cdbbd1865f6df0af0b","true","2452541","1af627795a337e3024755555f5672dbe-1","image/png","true"
"verbs","skip_verified","/Users/Sean/Desktop/verbs-backup/verbs/swim/swim_2.png","verbs/swim/swim_2.png","preserve_relative_path","","2469112","1fa0642cdcc0a9e6da8105f784e1cd786b7c18f34bae2e9bda07e5ea3c740fe7","true","2469112","3ddcfd24925cc90daa6a84ac8ba13868-1","image/png","true"
"verbs","skip_verified","/Users/Sean/Desktop/verbs-backup/verbs/swim/swim_3.png","verbs/swim/swim_3.png","preserve_relative_path","","2332489","0ebca108d8db1198619d9f31e71f4001e3ce02789e66caa720af19376a31569e","true","2332489","35fff483dc80b45e36e362c322a234f2-1","image/png","true"
"verbs","skip_verified","/Users/Sean/Desktop/verbs-backup/verbs/take_a_shower/take_a_shower_1.png","verbs/take_a_shower/take_a_shower_1.png","preserve_relative_path","","419123","99a163dccb05b583aebe380e0ff900a45d18b63d13cbbf3e91999a9282530a32","true","419123","66e1f00215cd2d88c1f27e0ba7d5d317","image/png","true"
"verbs","skip_verified","/Users/Sean/Desktop/verbs-backup/verbs/take_a_shower/take_a_shower_2.png","verbs/take_a_shower/take_a_shower_2.png","preserve_relative_path","","403304","9f6d6d0be9f62cec21d15ce119d801ee61f6023b0c8dfe7fad9123f305757b47","true","403304","d43d1f6f1aed85e75397341e67bb35bd","image/png","true"
"verbs","skip_verified","/Users/Sean/Desktop/verbs-backup/verbs/take_a_walk/take_a_walk_1.png","verbs/take_a_walk/take_a_walk_1.png","preserve_relative_path","","446580","159f4a295b812cefb5fd67be18743847788971766547747acb1037a410713633","true","446580","990b46cfda3e4080917342ae16f23494","image/png","true"
"verbs","skip_verified","/Users/Sean/Desktop/verbs-backup/verbs/take_a_walk/take_a_walk_2.png","verbs/take_a_walk/take_a_walk_2.png","preserve_relative_path","","378444","59439b400a0d02ebb1f982f72c816bba46056ade58dc42af103375ed7a51b062","true","378444","a66e2ff5e72c4d5b6969f91b23c2f480","image/png","true"
"verbs","skip_verified","/Users/Sean/Desktop/verbs-backup/verbs/take_a_walk/take_a_walk_3.png","verbs/take_a_walk/take_a_walk_3.png","preserve_relative_path","","778859","eefa8f6711e0737a9452fd87b343c4fb603942b413f7cdb5f8b2480fa00d7264","true","778859","9bff0c04f3d69db387096cd55b883e28","image/png","true"
"verbs","skip_verified","/Users/Sean/Desktop/verbs-backup/verbs/take_the_bus/take_the_bus_1.png","verbs/take_the_bus/take_the_bus_1.png","preserve_relative_path","","715369","1c3907713d1946172c5f6ea597869c209d0a029450808bd5bf3b671cf71a58bb","true","715369","8b40a0dbfc1d56e6456f8d09ac3aa02d","image/png","true"
"verbs","skip_verified","/Users/Sean/Desktop/verbs-backup/verbs/take_the_bus/take_the_bus_2.png","verbs/take_the_bus/take_the_bus_2.png","preserve_relative_path","","1120518","082c913aeb565a385105aadcb518b650dd2915e9589e494021543fcd454b3703","true","1120518","f34294553b976b157022e594a373e8b4","image/png","true"
"verbs","skip_verified","/Users/Sean/Desktop/verbs-backup/verbs/take_the_bus/take_the_bus_3.png","verbs/take_the_bus/take_the_bus_3.png","preserve_relative_path","","730187","6bde8cca0c5d00e439a3f05ac20429383e67fe4d302eacfd54987e2a24c0d69b","true","730187","caf91e723033a7aee7cd0dfc540cd817","image/png","true"
"verbs","skip_verified","/Users/Sean/Desktop/verbs-backup/verbs/take_the_train/take_the_train_1.png","verbs/take_the_train/take_the_train_1.png","preserve_relative_path","","2418924","1c4b30796c52ed598d319775a6a5de8bfeb16667621f7825523dde862c932847","true","2418924","682b7b8d5e0da17d2f77c7b06c258bb9","image/png","true"
"verbs","skip_verified","/Users/Sean/Desktop/verbs-backup/verbs/take_the_train/take_the_train_2.png","verbs/take_the_train/take_the_train_2.png","preserve_relative_path","","2472949","98f48dc8fc2d2ba0fa843b9dd7e2f3456e87941a088f4b1aeed09b404e0be297","true","2472949","701915fb2ce48a3404ccd29dde81b0dd","image/png","true"
"verbs","skip_verified","/Users/Sean/Desktop/verbs-backup/verbs/take_the_train/take_the_train_3.png","verbs/take_the_train/take_the_train_3.png","preserve_relative_path","","886077","a347763f040305c8f2efd8377166f78da119961ea525dea9ad6b4c9993b568c0","true","886077","e8cde0a873f918fa1c66b002938844bb","image/png","true"
"verbs","skip_verified","/Users/Sean/Desktop/verbs-backup/verbs/take_your_shoes_off/take_your_shoes_off_1.png","verbs/take_your_shoes_off/take_your_shoes_off_1.png","preserve_relative_path","","1658112","95dc33e383cdde9ebf5d39c611048bebf9da93f4ce52d1daf41a7920e85e368a","true","1658112","db8b446de3e360e7aebddb6652651500","image/png","true"
"verbs","skip_verified","/Users/Sean/Desktop/verbs-backup/verbs/take_your_shoes_off/take_your_shoes_off_2.png","verbs/take_your_shoes_off/take_your_shoes_off_2.png","preserve_relative_path","","1664017","b08823867e7bbf33bf2f67adc1589b23b4f64102c3b24b2448e9b8ab694cd8aa","true","1664017","a2cadf0c7641313f444051c7da7995d4","image/png","true"
"verbs","skip_verified","/Users/Sean/Desktop/verbs-backup/verbs/take_your_shoes_off/take_your_shoes_off_3.png","verbs/take_your_shoes_off/take_your_shoes_off_3.png","preserve_relative_path","","1798643","c8a8540f7d080d983a41bbf5a197b7c1f3bb10b43fa3a8711e95533445a3333b","true","1798643","8d81e9c5855a6de94483f4b92ac076b5","image/png","true"
"verbs","skip_verified","/Users/Sean/Desktop/verbs-backup/verbs/talk_to_friends/talk_to_friends_1.png","verbs/talk_to_friends/talk_to_friends_1.png","preserve_relative_path","","2320222","257b9981501eecb44435fcdcf6efaa2a0b18ba9fe5bb3bcb8c1ee7d2b78f9976","true","2320222","2ac480f4cf777dc2b3dd8e9f0feb6165","image/png","true"
"verbs","skip_verified","/Users/Sean/Desktop/verbs-backup/verbs/talk_to_friends/talk_to_friends_2.png","verbs/talk_to_friends/talk_to_friends_2.png","preserve_relative_path","","2353412","f3619e99dcc1ef0814f55270bef675e302ac84c4ce6e6ccad7f1a77804a8109f","true","2353412","3c1998a5d157b6a467dbfa81a5af2d10","image/png","true"
"verbs","skip_verified","/Users/Sean/Desktop/verbs-backup/verbs/talk_to_friends/talk_to_friends_3.png","verbs/talk_to_friends/talk_to_friends_3.png","preserve_relative_path","","810638","8d175e4d8d40b95622356b7aa28361b85d193b94d36c418a276f3ab23d73bdf3","true","810638","f925fb56fbd0b55b187c70a3d6608db7","image/png","true"
"verbs","skip_verified","/Users/Sean/Desktop/verbs-backup/verbs/talk/talk_1.png","verbs/talk/talk_1.png","preserve_relative_path","","2327665","0511851748d5a3279ccc502a2314d6343db2d86270ffd8763143622a7a9d35c0","true","2327665","fd870b80c3cbdd87e543b94f33f5809e","image/png","true"
"verbs","skip_verified","/Users/Sean/Desktop/verbs-backup/verbs/talk/talk_2.png","verbs/talk/talk_2.png","preserve_relative_path","","2307111","1e8df2b6dcea0322c38f5b9a02d00fb489d0fb9206c17ede20b05df950bf628c","true","2307111","c3ab17bb4883d68e35748618f98fc45d","image/png","true"
"verbs","skip_verified","/Users/Sean/Desktop/verbs-backup/verbs/talk/talk_3.png","verbs/talk/talk_3.png","preserve_relative_path","","2431238","37dc10219ddeb85a839df200d7ab309f4af16909e730495ad2cadec1f7315871","true","2431238","d6a0cf05e42505d58db2a64d3f67edd6","image/png","true"
"verbs","skip_verified","/Users/Sean/Desktop/verbs-backup/verbs/taste/taste_1.png","verbs/taste/taste_1.png","preserve_relative_path","","1677740","69b0bc527964b351604772bf658cbe35ef51bb68c0816eb8f7b5a9148a2302a0","true","1677740","5707205ea7c15121cbb3d1b2e731b4b5","image/png","true"
"verbs","skip_verified","/Users/Sean/Desktop/verbs-backup/verbs/taste/taste_2.png","verbs/taste/taste_2.png","preserve_relative_path","","1703662","fcec15a957bd3df7390d23892e2ff51c9fab7f8277d488f50bbad23fbf721555","true","1703662","4a7f57d8ba9344d8f80af835ad38a0c8","image/png","true"
"verbs","skip_verified","/Users/Sean/Desktop/verbs-backup/verbs/taste/taste_3.png","verbs/taste/taste_3.png","preserve_relative_path","","1876396","193ac77c2374b50e82c98488e4c7398e00cec0de76da48740258e92c284c1075","true","1876396","09148f708368813c02e79bca9d968086","image/png","true"
"verbs","skip_verified","/Users/Sean/Desktop/verbs-backup/verbs/teach/teach_1.png","verbs/teach/teach_1.png","preserve_relative_path","","2717737","4ccb558ba1069889e6759f2bb6cf88874e450f845f5616a928318173bc57d257","true","2717737","67d4c570c65aac9b54d14be60002035c-1","image/png","true"
"verbs","skip_verified","/Users/Sean/Desktop/verbs-backup/verbs/teach/teach_2.png","verbs/teach/teach_2.png","preserve_relative_path","","2669310","b0b650b0b933857bdc0037861a6cec82dafe574c0ffdbeafaf95001d56cec93a","true","2669310","8997b086e537fcf4616867ef99cf4bd0-1","image/png","true"
"verbs","skip_verified","/Users/Sean/Desktop/verbs-backup/verbs/teach/teach_3.png","verbs/teach/teach_3.png","preserve_relative_path","","2780824","71430bd105acd4f5f2b660cdf7c485eaa6630cf775d32cfa3c67a43062068ae9","true","2780824","e562fa334e2cb91223b3a7cc03049a3e-1","image/png","true"
"verbs","skip_verified","/Users/Sean/Desktop/verbs-backup/verbs/tell/tell_1.png","verbs/tell/tell_1.png","preserve_relative_path","","2412105","b93a1a4f0b7123811edcd2e36b8cb2549d47618777fdf10213100d87b20918fd","true","2412105","426773571131db7f57277ded2f418e50","image/png","true"
"verbs","skip_verified","/Users/Sean/Desktop/verbs-backup/verbs/tell/tell_2.png","verbs/tell/tell_2.png","preserve_relative_path","","2419777","0fdd1b0e79b28e6bbe1984f66994e56bbb6ec0e59077bee368e6c0d7f857ee09","true","2419777","1358b6c256150fe262c2f005668c3545","image/png","true"
"verbs","skip_verified","/Users/Sean/Desktop/verbs-backup/verbs/tell/tell_3.png","verbs/tell/tell_3.png","preserve_relative_path","","2672329","1d265e8fde76213a50c7916d930cb435f622c7e7424f120e12b5f720c89fd31c","true","2672329","9fac65e13331dfe763fb4bd5fdb87dd2","image/png","true"
"verbs","skip_verified","/Users/Sean/Desktop/verbs-backup/verbs/think/think_1.png","verbs/think/think_1.png","preserve_relative_path","","2396688","58e629258b2c89a8475f76368e9ce6a1ab46becaa77b60e2bc9a9157e3d0d9b8","true","2396688","8c9af5d62e475d29646d032b93ed9e30","image/png","true"
"verbs","skip_verified","/Users/Sean/Desktop/verbs-backup/verbs/think/think_2.png","verbs/think/think_2.png","preserve_relative_path","","2396905","888c83481859661dfd90038c12f81f9d81423d3fd802c808d8160c7e59e3f0c8","true","2396905","4da143d64fcf0ee070811a0d4dd944bd","image/png","true"
"verbs","skip_verified","/Users/Sean/Desktop/verbs-backup/verbs/think/think_3.png","verbs/think/think_3.png","preserve_relative_path","","2639204","78bce6583485b45dbc4f2f4904dd7f0a4926d024846e5736bfc637314696d12c","true","2639204","802e29a01179f79d65e92c06926d359e","image/png","true"
"verbs","skip_verified","/Users/Sean/Desktop/verbs-backup/verbs/throw_a_ball/throw_a_ball_1.png","verbs/throw_a_ball/throw_a_ball_1.png","preserve_relative_path","","2367831","f46007b13a71c8f80d2d04ca2974577864d2163552706d93aee409fe80d8022e","true","2367831","ed4fd286b5c119a05e1a7546c373395f","image/png","true"
"verbs","skip_verified","/Users/Sean/Desktop/verbs-backup/verbs/throw_a_ball/throw_a_ball_2.png","verbs/throw_a_ball/throw_a_ball_2.png","preserve_relative_path","","2361809","72f59990b0549d34ba1cd74e80e6c049b2253d39746406562456d54ea93399ef","true","2361809","f9129ee314942373f30bb35987e71e6c","image/png","true"
"verbs","skip_verified","/Users/Sean/Desktop/verbs-backup/verbs/throw_a_ball/throw_a_ball_3.png","verbs/throw_a_ball/throw_a_ball_3.png","preserve_relative_path","","2478019","c6a431bdc0e5cc09f58240ab9a757921559d9509f41da10c9037f4f42565e7bb","true","2478019","e9352f7be02faad2d90f6095bc21ffcb","image/png","true"
"verbs","skip_verified","/Users/Sean/Desktop/verbs-backup/verbs/throw/throw_1.png","verbs/throw/throw_1.png","preserve_relative_path","","2367831","f46007b13a71c8f80d2d04ca2974577864d2163552706d93aee409fe80d8022e","true","2367831","a94a5f0998f82f776993e82d946aac36-1","image/png","true"
"verbs","skip_verified","/Users/Sean/Desktop/verbs-backup/verbs/throw/throw_2.png","verbs/throw/throw_2.png","preserve_relative_path","","2361809","72f59990b0549d34ba1cd74e80e6c049b2253d39746406562456d54ea93399ef","true","2361809","16a69c3f1c7e5bda8b6dd7953113f882-1","image/png","true"
"verbs","skip_verified","/Users/Sean/Desktop/verbs-backup/verbs/throw/throw_3.png","verbs/throw/throw_3.png","preserve_relative_path","","2478019","c6a431bdc0e5cc09f58240ab9a757921559d9509f41da10c9037f4f42565e7bb","true","2478019","d7a0ab090d9cda84de09f67ae44e6384-1","image/png","true"
"verbs","skip_verified","/Users/Sean/Desktop/verbs-backup/verbs/tidy/tidy_1.png","verbs/tidy/tidy_1.png","preserve_relative_path","","2529261","695097daa85dcdfe610de122f655239fe89d138fe7c85aeb9fa2264494412985","true","2529261","b8c0d2e7abe3cb9f1d8cfc3cb058375f-1","image/png","true"
"verbs","skip_verified","/Users/Sean/Desktop/verbs-backup/verbs/tidy/tidy_2.png","verbs/tidy/tidy_2.png","preserve_relative_path","","2549074","7109de89107fbeeabac3ea6692e9d55a383ea4e23f197daa5f476fb012cf6ee5","true","2549074","baa215236608ce3ba10a87927beaa026-1","image/png","true"
"verbs","skip_verified","/Users/Sean/Desktop/verbs-backup/verbs/tidy/tidy_3.png","verbs/tidy/tidy_3.png","preserve_relative_path","","2921372","5364875b05cd1cd0b325c0c289465224e86eee3ccbc413ac892a3e6ede442bfd","true","2921372","849de5965e9cac8b718f8dd77f95e20d-1","image/png","true"
"verbs","skip_verified","/Users/Sean/Desktop/verbs-backup/verbs/touch/touch_1.png","verbs/touch/touch_1.png","preserve_relative_path","","1980615","34540372232fa9a28d07fd3845012d5758a0122643c40235a50ff0d8c8fdf832","true","1980615","02861916365539ac84c51652ac8a70c3","image/png","true"
"verbs","skip_verified","/Users/Sean/Desktop/verbs-backup/verbs/touch/touch_2.png","verbs/touch/touch_2.png","preserve_relative_path","","1649133","31e45772642a12038c7d84366541e708770676d28723de55ca0672d3546a6e3a","true","1649133","8157375b0024218b4dc8e6a2b60d1bed","image/png","true"
"verbs","skip_verified","/Users/Sean/Desktop/verbs-backup/verbs/touch/touch_3.png","verbs/touch/touch_3.png","preserve_relative_path","","1871199","4eb0af7e38779b86a6bb2d46bde85c34494aac754bee94f13101929caddccff8","true","1871199","cdd8a0e41137494fb42096c3eb103844","image/png","true"
"verbs","skip_verified","/Users/Sean/Desktop/verbs-backup/verbs/travel/travel_1.png","verbs/travel/travel_1.png","preserve_relative_path","","2549327","c0e01e22380f39da1e23ad4b000b5085be5cb495e1eadecad38deb7c7648a070","true","2549327","5572f84cb174b720d38327419ab8fabb","image/png","false"
"verbs","skip_verified","/Users/Sean/Desktop/verbs-backup/verbs/travel/travel_2.png","verbs/travel/travel_2.png","preserve_relative_path","","2468717","f30b0e2a0c7fa547615fd053f0d926d7dfaa0069b04a596473363d0296107295","true","2468717","4182432201aaff67cc4d056151c09bd0","image/png","false"
"verbs","skip_verified","/Users/Sean/Desktop/verbs-backup/verbs/travel/travel_3.png","verbs/travel/travel_3.png","preserve_relative_path","","2634433","cc6092568cbb96e7525a9c271d79197b9737a758f57d0e5e0e35a4aaa4b649cf","true","2634433","d5fdeea4d8040638a8bd5850c96e8e7f","image/png","false"
"verbs","skip_verified","/Users/Sean/Desktop/verbs-backup/verbs/understand/understand_1.png","verbs/understand/understand_1.png","preserve_relative_path","","2878305","765d3b088fac88d6fed84c6322216287299a1b80fefff90f2d12f77996e7ab1e","true","2878305","87c93de1e0355c1396690e075e20c552","image/png","true"
"verbs","skip_verified","/Users/Sean/Desktop/verbs-backup/verbs/understand/understand_2.png","verbs/understand/understand_2.png","preserve_relative_path","","1998624","3048399e8f90f17c81aad0896e8a6207cf6f87c52b448a6daa9551f03adba46b","true","1998624","e025484335872139619dd632b43b6366","image/png","true"
"verbs","skip_verified","/Users/Sean/Desktop/verbs-backup/verbs/understand/understand_3.png","verbs/understand/understand_3.png","preserve_relative_path","","2797007","6feb357e1c4079b489610a3066376c13d3b19fc907a3923beb906c479ed14099","true","2797007","63f9adb41c4e63c3d168ceed78e987c8","image/png","true"
"verbs","skip_verified","/Users/Sean/Desktop/verbs-backup/verbs/use_the_computer/use_the_computer_1.png","verbs/use_the_computer/use_the_computer_1.png","preserve_relative_path","","680201","f84e118bb47472c1d416cac36e974deed41e4934fe201628942500e3451b55be","true","680201","968b0034ec91a9e16b2e05a7368ee9c6","image/png","true"
"verbs","skip_verified","/Users/Sean/Desktop/verbs-backup/verbs/use_the_computer/use_the_computer_2.png","verbs/use_the_computer/use_the_computer_2.png","preserve_relative_path","","586886","b69c666391b5a7296ad1c4d459ed80d8d3b63957bb2e309d8966fb1ef9cff377","true","586886","ee97e037e0de55b7c4611b6a6d06bf3b","image/png","true"
"verbs","skip_verified","/Users/Sean/Desktop/verbs-backup/verbs/use_the_computer/use_the_computer_3.png","verbs/use_the_computer/use_the_computer_3.png","preserve_relative_path","","910554","e102e136262751bb3d825a5c11cc65d3cbc10e9e29d9441b8c6695263caba23e","true","910554","cf2ecdf5d9044acea9e5a7efdfba19b8","image/png","true"
"verbs","skip_verified","/Users/Sean/Desktop/verbs-backup/verbs/use_your_phone/use_your_phone_1.png","verbs/use_your_phone/use_your_phone_1.png","preserve_relative_path","","2316276","63df9b53b412991ff9f49ce5125f28be1cd28460f756f269d77c55872d829d42","true","2316276","f1daedd3239bb3d92394ee502ba89be9","image/png","true"
"verbs","skip_verified","/Users/Sean/Desktop/verbs-backup/verbs/use_your_phone/use_your_phone_2.png","verbs/use_your_phone/use_your_phone_2.png","preserve_relative_path","","1579801","97da0e5c639cd15c53e51c888024610c83d4ac9d271cf94e74dbbc70cb36d26f","true","1579801","062f4acc105a486a4ac51b3531548cd1","image/png","true"
"verbs","skip_verified","/Users/Sean/Desktop/verbs-backup/verbs/use_your_phone/use_your_phone_3.png","verbs/use_your_phone/use_your_phone_3.png","preserve_relative_path","","1684500","9c33841527769cdf8fe3142bf9ad60f3882fc202e69b14d8fe27c28bb697c5c6","true","1684500","d5ef760ae0fca54d30b09fcd1fb400de","image/png","true"
"verbs","skip_verified","/Users/Sean/Desktop/verbs-backup/verbs/wake_up/wake_up_1.png","verbs/wake_up/wake_up_1.png","preserve_relative_path","","1681985","9acc1aa646aa074b402bac2b0d658f4a717e98b0391ca9f521d657df7b6eaf9c","true","1681985","8d1f767cb2077bad0356a6fe7fb2e76e","image/png","true"
"verbs","skip_verified","/Users/Sean/Desktop/verbs-backup/verbs/wake_up/wake_up_2.png","verbs/wake_up/wake_up_2.png","preserve_relative_path","","710906","161363d2619fb64245c78c6cc3c91b15be1307bd8419e2aeab28a3938dd19daa","true","710906","2ba5f0a8029087a9d735559cba512439","image/png","true"
"verbs","skip_verified","/Users/Sean/Desktop/verbs-backup/verbs/wake_up/wake_up_3.png","verbs/wake_up/wake_up_3.png","preserve_relative_path","","622769","166318ed9e476112bb40a19f1a9753afccc632d60339b68143d2f48c30f58b5e","true","622769","e3530ffbd0ca749f3389e1fa0c61ed70","image/png","true"
"verbs","skip_verified","/Users/Sean/Desktop/verbs-backup/verbs/walk/walk_1.png","verbs/walk/walk_1.png","preserve_relative_path","","2310283","0feb98527c020fcd43786c07fe155d8bbf888e4796a446cc391ff510e8d0c02f","true","2310283","27ee1859d83fa598d9ad77734b0d4ca0-1","image/png","true"
"verbs","skip_verified","/Users/Sean/Desktop/verbs-backup/verbs/walk/walk_2.png","verbs/walk/walk_2.png","preserve_relative_path","","2337609","d14e0df508468e98fd0b7de1fb8b012b017a32cd349c23fcfbc2f889d1df0cd1","true","2337609","ffbaf7d1fd9d788e0b1f46f4347f13c6-1","image/png","true"
"verbs","skip_verified","/Users/Sean/Desktop/verbs-backup/verbs/walk/walk_3.png","verbs/walk/walk_3.png","preserve_relative_path","","2486096","f6156856edb5dd29ccfd6665c7a73da50d1a44062d1704bf9604c97eb5ebbf25","true","2486096","fb6132c13da635ea8b575582e36772d2-1","image/png","true"
"verbs","skip_verified","/Users/Sean/Desktop/verbs-backup/verbs/want/want_1.png","verbs/want/want_1.png","preserve_relative_path","","2033956","84b4c38d874f55d869c79071b5ef22c4c9a28bc74b33a55ff4664946321fcf9c","true","2033956","5eb9d1192cca5b4cbc568017a6680de8","image/png","true"
"verbs","skip_verified","/Users/Sean/Desktop/verbs-backup/verbs/want/want_2.png","verbs/want/want_2.png","preserve_relative_path","","2662066","0769d254c0cfc7704042755293cb21acd9e1850d71fa99862a783d93ff220566","true","2662066","fd329e3b1a3c39701290d9c659a66361","image/png","true"
"verbs","skip_verified","/Users/Sean/Desktop/verbs-backup/verbs/want/want_3.png","verbs/want/want_3.png","preserve_relative_path","","2849460","56fc969b1a9d32fac0f3e2eb1c4a7080c5ba9ac272f2248d79332e70b939e4c5","true","2849460","1448d136b8601ac371e4048a17d08e2b","image/png","true"
"verbs","skip_verified","/Users/Sean/Desktop/verbs-backup/verbs/wash_the_dishes/wash_the_dishes_1.png","verbs/wash_the_dishes/wash_the_dishes_1.png","preserve_relative_path","","1968142","52421487c71b78c2d0125337b287355bcdd535079ca53ab83cb6b9093db2e323","true","1968142","c8dceec6015daf33748915f707e511e9","image/png","true"
"verbs","skip_verified","/Users/Sean/Desktop/verbs-backup/verbs/wash_the_dishes/wash_the_dishes_2.png","verbs/wash_the_dishes/wash_the_dishes_2.png","preserve_relative_path","","542607","2bc7191a4633eda21ddd69780049e5ba089ca3bbc252a554f5ee48de7ea428de","true","542607","e451cab54929fcf348238c3e02f86996","image/png","true"
"verbs","skip_verified","/Users/Sean/Desktop/verbs-backup/verbs/wash_the_dishes/wash_the_dishes_3.png","verbs/wash_the_dishes/wash_the_dishes_3.png","preserve_relative_path","","1928129","0a310717991df8394d198414dd33a4dbc613c3c07c1f00ca0d9961336c859aa5","true","1928129","380de1d504aa753d8e19015188562940","image/png","true"
"verbs","skip_verified","/Users/Sean/Desktop/verbs-backup/verbs/wash_your_face/wash_your_face_1.png","verbs/wash_your_face/wash_your_face_1.png","preserve_relative_path","","1862905","1185ea65caaf341bb3da46e7ee54efedd45e70fe1e9cbfd549f1ec59935743a4","true","1862905","f49a0e363917feb31a648059d3cee571","image/png","true"
"verbs","skip_verified","/Users/Sean/Desktop/verbs-backup/verbs/wash_your_face/wash_your_face_2.png","verbs/wash_your_face/wash_your_face_2.png","preserve_relative_path","","1746622","656646303766f25ade812a4e61ff4ad94b78f2bef967d30258045083167fe2ae","true","1746622","6a29c63cffea30d5bb64702cf6fbaa9d","image/png","true"
"verbs","skip_verified","/Users/Sean/Desktop/verbs-backup/verbs/wash_your_face/wash_your_face_3.png","verbs/wash_your_face/wash_your_face_3.png","preserve_relative_path","","1509567","45eb3a3cfeb9c150ded37b7bd7196cc1ff772d25ee401d6d11da1a6d7df1a517","true","1509567","6f2be1ba3a68c480d5e66c24857f8aad","image/png","true"
"verbs","skip_verified","/Users/Sean/Desktop/verbs-backup/verbs/wash_your_hands/wash_your_hands__2.png","verbs/wash_your_hands/wash_your_hands__2.png","preserve_relative_path","","2713684","11c9434d0b3002472aded20b64e49c9942ae28110582012e4194523cfaf518a2","true","2713684","6fe6fba3035e4d5b2e3ab9047b5a8def","image/png","false"
"verbs","skip_verified","/Users/Sean/Desktop/verbs-backup/verbs/wash_your_hands/wash_your_hands_1.png","verbs/wash_your_hands/wash_your_hands_1.png","preserve_relative_path","","2705937","ad93dce3289efb0cf04e32d61b7ea9a0a27a90d5527f567a34cfb611fe129216","true","2705937","b9abbd02b28abcf63caeb115d67220a9","image/png","true"
"verbs","skip_verified","/Users/Sean/Desktop/verbs-backup/verbs/wash_your_hands/wash_your_hands_3.png","verbs/wash_your_hands/wash_your_hands_3.png","preserve_relative_path","","2784658","50473652af2a3e912de8632eb857989834ba2442268186ee20780b85892dda17","true","2784658","5f966b68cebfd9bda3a2055c9afacc3b","image/png","true"
"verbs","skip_verified","/Users/Sean/Desktop/verbs-backup/verbs/wash/wash_1.png","verbs/wash/wash_1.png","preserve_relative_path","","2705937","ad93dce3289efb0cf04e32d61b7ea9a0a27a90d5527f567a34cfb611fe129216","true","2705937","84076906d938b108e063f3679af306c9-1","image/png","true"
"verbs","skip_verified","/Users/Sean/Desktop/verbs-backup/verbs/wash/wash_2.png","verbs/wash/wash_2.png","preserve_relative_path","","2713684","11c9434d0b3002472aded20b64e49c9942ae28110582012e4194523cfaf518a2","true","2713684","5192549f97e16d4fd26c6ad64fc06be2-1","image/png","true"
"verbs","skip_verified","/Users/Sean/Desktop/verbs-backup/verbs/wash/wash_3.png","verbs/wash/wash_3.png","preserve_relative_path","","2784658","50473652af2a3e912de8632eb857989834ba2442268186ee20780b85892dda17","true","2784658","00d2c14e60047b74c963b437dd3d86a7-1","image/png","true"
"verbs","skip_verified","/Users/Sean/Desktop/verbs-backup/verbs/watch_tv/watch_tv_1.png","verbs/watch_tv/watch_tv_1.png","preserve_relative_path","","2546057","8e298ee9d149699fd51078ff2fb9a3361c532a9df72f062eba68d058956267bd","true","2546057","7096bcabad0c8f0e23aeae44a441c4b9","image/png","true"
"verbs","skip_verified","/Users/Sean/Desktop/verbs-backup/verbs/watch_tv/watch_tv_2.png","verbs/watch_tv/watch_tv_2.png","preserve_relative_path","","2506368","45095e878a858b10ab76a6466425bb9d5be8c089f5dd9014b80055f5a838447c","true","2506368","ad438b9b33126305138aca4ee40ae325","image/png","true"
"verbs","skip_verified","/Users/Sean/Desktop/verbs-backup/verbs/watch_tv/watch_tv_3.png","verbs/watch_tv/watch_tv_3.png","preserve_relative_path","","2739052","9c1603ffedf8559132b9db46f8cb7cee1e0e940a2afa3e52bab6b6d3d5454d9d","true","2739052","9176155281a3bd27d0df32cb6c6df26f","image/png","true"
"verbs","skip_verified","/Users/Sean/Desktop/verbs-backup/verbs/watch/watch_1.png","verbs/watch/watch_1.png","preserve_relative_path","","2546057","8e298ee9d149699fd51078ff2fb9a3361c532a9df72f062eba68d058956267bd","true","2546057","877e6e7b7526c7758c205b4fff21ee6a-1","image/png","true"
"verbs","skip_verified","/Users/Sean/Desktop/verbs-backup/verbs/watch/watch_2.png","verbs/watch/watch_2.png","preserve_relative_path","","2506368","45095e878a858b10ab76a6466425bb9d5be8c089f5dd9014b80055f5a838447c","true","2506368","73e68102b2e4693a53fe7f93ee046b35-1","image/png","true"
"verbs","skip_verified","/Users/Sean/Desktop/verbs-backup/verbs/watch/watch_3.png","verbs/watch/watch_3.png","preserve_relative_path","","2739052","9c1603ffedf8559132b9db46f8cb7cee1e0e940a2afa3e52bab6b6d3d5454d9d","true","2739052","dfd904be024105a3fab9a33f6fd0f18e-1","image/png","true"
"verbs","skip_verified","/Users/Sean/Desktop/verbs-backup/verbs/wear/wear_1.png","verbs/wear/wear_1.png","preserve_relative_path","","1825419","8ca5e23ce95d4f0e9381b598ffe003686dfefe235f2216f11ceb7005e03882e1","true","1825419","bd3940e7e38e0cf2ef4ccd31c1d861a7","image/png","false"
"verbs","skip_verified","/Users/Sean/Desktop/verbs-backup/verbs/wear/wear_2.png","verbs/wear/wear_2.png","preserve_relative_path","","1766727","c083b60284414bc42cf640ec2db7f9b55947a870437c623ca5e95dc04628e4f9","true","1766727","f10223e2801eb462456cc4285b776cab","image/png","false"
"verbs","skip_verified","/Users/Sean/Desktop/verbs-backup/verbs/wear/wear_3.png","verbs/wear/wear_3.png","preserve_relative_path","","2048499","9d0ea8ac8e5abeca630cc9423d04742dc088756845fcd9dd56e9749f371be99a","true","2048499","842b735f423eb243a0b14567bff5e823","image/png","false"
"verbs","skip_verified","/Users/Sean/Desktop/verbs-backup/verbs/whisper/whisper_1.png","verbs/whisper/whisper_1.png","preserve_relative_path","","1769114","389f85688598ada3e159d25615672b99ae3f4cea2c758b624757b97168843ee4","true","1769114","0e3dcc7035c1c6e6343caaf4bcf6bdfb","image/png","true"
"verbs","skip_verified","/Users/Sean/Desktop/verbs-backup/verbs/whisper/whisper_2.png","verbs/whisper/whisper_2.png","preserve_relative_path","","1765009","4ebd7fb148e739a9c58edb9b690b047c1c19b18ff46fa83f64e9ad87a6562a2b","true","1765009","e2a8503f89e83cf2ec9ee09f6d8eb29b","image/png","true"
"verbs","skip_verified","/Users/Sean/Desktop/verbs-backup/verbs/whisper/whisper_3.png","verbs/whisper/whisper_3.png","preserve_relative_path","","1787492","6996b9a6dc276754dc0455b1cbdf59d8b2f534489b279ec55c6724d7c066de8a","true","1787492","38d20308e56d12e793acca8d5cc8557c","image/png","true"
"verbs","skip_verified","/Users/Sean/Desktop/verbs-backup/verbs/work_together/work_together_1.png","verbs/work_together/work_together_1.png","preserve_relative_path","","1777078","dbdebebc0ce92e7929be42f54c38b3d82bdcbed11f17e308100e474099ec7e67","true","1777078","8be3704c9e8f18284ad6eeb0da949639","image/png","true"
"verbs","skip_verified","/Users/Sean/Desktop/verbs-backup/verbs/work_together/work_together_2.png","verbs/work_together/work_together_2.png","preserve_relative_path","","1813926","f0cfb55d3b675eb3bf39ca08b22d35ff23ca77843457adb6109ced13623baf5c","true","1813926","bd1eb2fb3c0595738399107b43292cec","image/png","true"
"verbs","skip_verified","/Users/Sean/Desktop/verbs-backup/verbs/work_together/work_together_3.png","verbs/work_together/work_together_3.png","preserve_relative_path","","1900145","693fa3e6c343d4a2d0c45e4c77770cae74d18e65e13a7c671cffbd7730fc84f0","true","1900145","0e9add97c19f6cedf1ca09ddfc8fabb1","image/png","true"
"verbs","skip_verified","/Users/Sean/Desktop/verbs-backup/verbs/write_a_story/write_a_story_1.png","verbs/write_a_story/write_a_story_1.png","preserve_relative_path","","2513196","d0c6e91061fe1525e8e0c32edc337e6229858b8e861195cc09e2f299f3eee07a","true","2513196","9d9bb5746abf486ffef43ff883e71eaa","image/png","true"
"verbs","skip_verified","/Users/Sean/Desktop/verbs-backup/verbs/write_a_story/write_a_story_2.png","verbs/write_a_story/write_a_story_2.png","preserve_relative_path","","2537278","b17348f73879e01682f10fbf934bd71cfec244bbb2bd7a2c5f61a723ec549a3e","true","2537278","05fa7d7bb2a74f1d178eccf499978dcd","image/png","true"
"verbs","skip_verified","/Users/Sean/Desktop/verbs-backup/verbs/write_a_story/write_a_story_3.png","verbs/write_a_story/write_a_story_3.png","preserve_relative_path","","2753090","4e9279d8b68148f82588c8fcdf9acc10ef3004fa0e69a26ac44d6927a7999a2f","true","2753090","f1d0f91ae7fa8be90997552bb95e8477","image/png","true"
"verbs","skip_verified","/Users/Sean/Desktop/verbs-backup/verbs/write/write_1.png","verbs/write/write_1.png","preserve_relative_path","","2513196","d0c6e91061fe1525e8e0c32edc337e6229858b8e861195cc09e2f299f3eee07a","true","2513196","d2f08014e4f411948a312cfe311bcddb-1","image/png","true"
"verbs","skip_verified","/Users/Sean/Desktop/verbs-backup/verbs/write/write_2.png","verbs/write/write_2.png","preserve_relative_path","","2537278","b17348f73879e01682f10fbf934bd71cfec244bbb2bd7a2c5f61a723ec549a3e","true","2537278","05fa7d7bb2a74f1d178eccf499978dcd","image/png","true"
"verbs","skip_verified","/Users/Sean/Desktop/verbs-backup/verbs/write/write_3.png","verbs/write/write_3.png","preserve_relative_path","","2753090","4e9279d8b68148f82588c8fcdf9acc10ef3004fa0e69a26ac44d6927a7999a2f","true","2753090","31aa3ac3c2f9505226ca05b7469adf38-1","image/png","true"
